run_id,batch_id,batch_rank,product_id,product_name,priority_tier,reviewer_priority_score,lineage_span_label,item_page_count,panel_review_rows,readable_for_ocr,first_source_url,capture_goal,done_when,public_safety
cwa-private-capture-all-lineage-v1,cwa_capture_batch_butterfinger_bar_4a457a69,1,butterfinger_bar,Butterfinger Bar,dense_lineage_first,188,1930s-2009,8,8,0,https://www.candywrapperarchive.com/candy-collector/1930s-butterfinger-2/,"Privately capture source item pages, crop ingredient/nutrition/back-side text before wrapper fronts, and keep all output candidate-only.",Every row has private screenshot/crop paths filled locally or an explicit no-readable-panel note; readable text crops can then enter native OCR.,"No images, private paths, OCR text, or verified ingredient claims are published by this artifact."
cwa-private-capture-all-lineage-v1,cwa_capture_batch_reeses_peanut_butter_cups_dcf01ee4,2,reeses_peanut_butter_cups,Reese's Peanut Butter Cups,dense_lineage_first,165,1940s-2005,7,7,0,https://www.candywrapperarchive.com/candy-collector/1940s-reeses-bag/,"Privately capture source item pages, crop ingredient/nutrition/back-side text before wrapper fronts, and keep all output candidate-only.",Every row has private screenshot/crop paths filled locally or an explicit no-readable-panel note; readable text crops can then enter native OCR.,"No images, private paths, OCR text, or verified ingredient claims are published by this artifact."
cwa-private-capture-all-lineage-v1,cwa_capture_batch_hersheys_milk_chocolate_bar_959b8945,3,hersheys_milk_chocolate_bar,Hershey's Milk Chocolate Bar,dense_lineage_first,158,1908-1960s,6,6,0,https://www.candywrapperarchive.com/candy-collector/1908-hershey-wrapper/,"Privately capture source item pages, crop ingredient/nutrition/back-side text before wrapper fronts, and keep all output candidate-only.",Every row has private screenshot/crop paths filled locally or an explicit no-readable-panel note; readable text crops can then enter native OCR.,"No images, private paths, OCR text, or verified ingredient claims are published by this artifact."
cwa-private-capture-all-lineage-v1,cwa_capture_batch_snickers_bar_7d19b929,4,snickers_bar,Snickers Bar,dense_lineage_first,158,1939-2002,6,6,0,https://www.candywrapperarchive.com/candy-collector/1940s-snickers-2/,"Privately capture source item pages, crop ingredient/nutrition/back-side text before wrapper fronts, and keep all output candidate-only.",Every row has private screenshot/crop paths filled locally or an explicit no-readable-panel note; readable text crops can then enter native OCR.,"No images, private paths, OCR text, or verified ingredient claims are published by this artifact."
cwa-private-capture-all-lineage-v1,cwa_capture_batch_kit_kat_bar_37a6ed59,5,kit_kat_bar,Kit Kat Bar,multi_era_lineage,124,1960s-2007,6,6,0,https://www.candywrapperarchive.com/candy-collector/1960s-kit-kat/,"Privately capture source item pages, crop ingredient/nutrition/back-side text before wrapper fronts, and keep all output candidate-only.",Every row has private screenshot/crop paths filled locally or an explicit no-readable-panel note; readable text crops can then enter native OCR.,"No images, private paths, OCR text, or verified ingredient claims are published by this artifact."
cwa-private-capture-all-lineage-v1,cwa_capture_batch_milky_way_bar_bb978e50,6,milky_way_bar,Milky Way Bar,multi_era_lineage,104,1939-1958,4,4,0,https://www.candywrapperarchive.com/candy-collector/1939-milky-way/,"Privately capture source item pages, crop ingredient/nutrition/back-side text before wrapper fronts, and keep all output candidate-only.",Every row has private screenshot/crop paths filled locally or an explicit no-readable-panel note; readable text crops can then enter native OCR.,"No images, private paths, OCR text, or verified ingredient claims are published by this artifact."
cwa-private-capture-all-lineage-v1,cwa_capture_batch_mms_milk_chocolate_c7430b35,7,mms_milk_chocolate,M&M's Milk Chocolate Candies,multi_era_lineage,101,1970s-1998,5,5,0,https://www.candywrapperarchive.com/candy-collector/1970s-mms/,"Privately capture source item pages, crop ingredient/nutrition/back-side text before wrapper fronts, and keep all output candidate-only.",Every row has private screenshot/crop paths filled locally or an explicit no-readable-panel note; readable text crops can then enter native OCR.,"No images, private paths, OCR text, or verified ingredient claims are published by this artifact."
cwa-private-capture-all-lineage-v1,cwa_capture_batch_twix_bar_aabba35f,8,twix_bar,Twix Bar,multi_era_lineage,83,2002-2009,5,5,0,https://www.candywrapperarchive.com/candy-collector/2002-twix/,"Privately capture source item pages, crop ingredient/nutrition/back-side text before wrapper fronts, and keep all output candidate-only.",Every row has private screenshot/crop paths filled locally or an explicit no-readable-panel note; readable text crops can then enter native OCR.,"No images, private paths, OCR text, or verified ingredient claims are published by this artifact."
cwa-private-capture-all-lineage-v1,cwa_capture_batch_tootsie_roll_1ac9892d,9,tootsie_roll,Tootsie Roll,promising_lineage,66,1940s-1960s,2,2,0,https://www.candywrapperarchive.com/candy-collector/1940s-tootsie-roll/,"Privately capture source item pages, crop ingredient/nutrition/back-side text before wrapper fronts, and keep all output candidate-only.",Every row has private screenshot/crop paths filled locally or an explicit no-readable-panel note; readable text crops can then enter native OCR.,"No images, private paths, OCR text, or verified ingredient claims are published by this artifact."
