run_id,packet_id,packet_rank,product_id,product_name,vintage_label,source_domain,source_url,source_title,surface_count,primary_text_rows,support_text_rows,capture_surface_order,candidate_only,manual_verified
cwa-ingredient-private-run-v1,cwa_ingredient_packet_84a4b9dcab7f9f,1,butterfinger_bar,Butterfinger Bar,1930s,www.candywrapperarchive.com,https://www.candywrapperarchive.com/candy-collector/1930s-butterfinger-2/,1930s Butterfinger Bar source page,5,2,3,ingredient_panel;nutrition_panel;wrapper_back_or_side;net_weight;maker_or_date,1,0
cwa-ingredient-private-run-v1,cwa_ingredient_packet_c1cab625704bfc,2,butterfinger_bar,Butterfinger Bar,1936,www.candywrapperarchive.com,https://www.candywrapperarchive.com/candy-collector/1936-butterfinger/,1936 Butterfinger Bar source page,5,2,3,ingredient_panel;nutrition_panel;wrapper_back_or_side;net_weight;maker_or_date,1,0
cwa-ingredient-private-run-v1,cwa_ingredient_packet_72f4c60dcc3f7d,3,butterfinger_bar,Butterfinger Bar,1950,www.candywrapperarchive.com,https://www.candywrapperarchive.com/candy-collector/1950-butterfinger-2/,1950 Butterfinger Bar source page,5,2,3,ingredient_panel;nutrition_panel;wrapper_back_or_side;net_weight;maker_or_date,1,0
cwa-ingredient-private-run-v1,cwa_ingredient_packet_f221e653ba688a,4,butterfinger_bar,Butterfinger Bar,1964,www.candywrapperarchive.com,https://www.candywrapperarchive.com/candy-collector/1964-butterfinger/,1964 Butterfinger Bar source page,5,2,3,ingredient_panel;nutrition_panel;wrapper_back_or_side;net_weight;maker_or_date,1,0
cwa-ingredient-private-run-v1,cwa_ingredient_packet_fd81bc6a933d6c,5,butterfinger_bar,Butterfinger Bar,1975,www.candywrapperarchive.com,https://www.candywrapperarchive.com/candy-collector/1975-butterfinger/,1975 Butterfinger Bar source page,5,2,3,ingredient_panel;nutrition_panel;wrapper_back_or_side;net_weight;maker_or_date,1,0
cwa-ingredient-private-run-v1,cwa_ingredient_packet_4096b6dfdd1f55,6,butterfinger_bar,Butterfinger Bar,1980s,www.candywrapperarchive.com,https://www.candywrapperarchive.com/candy-collector/1980s-butterfinger/,1980s Butterfinger Bar source page,5,2,3,ingredient_panel;nutrition_panel;wrapper_back_or_side;net_weight;maker_or_date,1,0
cwa-ingredient-private-run-v1,cwa_ingredient_packet_19f6380dee5d22,7,butterfinger_bar,Butterfinger Bar,2002,www.candywrapperarchive.com,https://www.candywrapperarchive.com/candy-collector/2002-butterfinger/,2002 Butterfinger Bar source page,5,2,3,ingredient_panel;nutrition_panel;wrapper_back_or_side;net_weight;maker_or_date,1,0
cwa-ingredient-private-run-v1,cwa_ingredient_packet_e8520178db04a4,8,butterfinger_bar,Butterfinger Bar,2009,www.candywrapperarchive.com,https://www.candywrapperarchive.com/candy-collector/2009-butterfinger/,2009 Butterfinger Bar source page,5,2,3,ingredient_panel;nutrition_panel;wrapper_back_or_side;net_weight;maker_or_date,1,0
cwa-ingredient-private-run-v1,cwa_ingredient_packet_caa6d23e9fde06,9,reeses_peanut_butter_cups,Reese's Peanut Butter Cups,1940s,www.candywrapperarchive.com,https://www.candywrapperarchive.com/candy-collector/1940s-reeses-bag/,1940s Reese's Peanut Butter Cups source page,5,2,3,ingredient_panel;nutrition_panel;wrapper_back_or_side;net_weight;maker_or_date,1,0
cwa-ingredient-private-run-v1,cwa_ingredient_packet_0075af3870d743,10,reeses_peanut_butter_cups,Reese's Peanut Butter Cups,1970s,www.candywrapperarchive.com,https://www.candywrapperarchive.com/candy-collector/1970s-reeses/,1970s Reese's Peanut Butter Cups source page,5,2,3,ingredient_panel;nutrition_panel;wrapper_back_or_side;net_weight;maker_or_date,1,0
cwa-ingredient-private-run-v1,cwa_ingredient_packet_99d7a0607d525c,11,reeses_peanut_butter_cups,Reese's Peanut Butter Cups,1980s,www.candywrapperarchive.com,https://www.candywrapperarchive.com/candy-collector/1980s-reeses/,1980s Reese's Peanut Butter Cups source page,5,2,3,ingredient_panel;nutrition_panel;wrapper_back_or_side;net_weight;maker_or_date,1,0
cwa-ingredient-private-run-v1,cwa_ingredient_packet_759d8e5eb34575,12,reeses_peanut_butter_cups,Reese's Peanut Butter Cups,1991,www.candywrapperarchive.com,https://www.candywrapperarchive.com/candy-collector/1991-reeses/,1991 Reese's Peanut Butter Cups source page,5,2,3,ingredient_panel;nutrition_panel;wrapper_back_or_side;net_weight;maker_or_date,1,0
cwa-ingredient-private-run-v1,cwa_ingredient_packet_d7867c661ce47f,13,reeses_peanut_butter_cups,Reese's Peanut Butter Cups,2002,www.candywrapperarchive.com,https://www.candywrapperarchive.com/candy-collector/2002-reeses/,2002 Reese's Peanut Butter Cups source page,5,2,3,ingredient_panel;nutrition_panel;wrapper_back_or_side;net_weight;maker_or_date,1,0
cwa-ingredient-private-run-v1,cwa_ingredient_packet_0a3cbee10cb537,14,reeses_peanut_butter_cups,Reese's Peanut Butter Cups,2003,www.candywrapperarchive.com,https://www.candywrapperarchive.com/candy-collector/2003-reeses/,2003 Reese's Peanut Butter Cups source page,5,2,3,ingredient_panel;nutrition_panel;wrapper_back_or_side;net_weight;maker_or_date,1,0
cwa-ingredient-private-run-v1,cwa_ingredient_packet_0393e54e2ea22e,15,reeses_peanut_butter_cups,Reese's Peanut Butter Cups,2005,www.candywrapperarchive.com,https://www.candywrapperarchive.com/candy-collector/2005-reeses/,2005 Reese's Peanut Butter Cups source page,5,2,3,ingredient_panel;nutrition_panel;wrapper_back_or_side;net_weight;maker_or_date,1,0
cwa-ingredient-private-run-v1,cwa_ingredient_packet_9fb01f34256aef,16,hersheys_milk_chocolate_bar,Hershey's Milk Chocolate Bar,1908,www.candywrapperarchive.com,https://www.candywrapperarchive.com/candy-collector/1908-hershey-wrapper/,1908 Hershey's Milk Chocolate Bar source page,5,2,3,ingredient_panel;nutrition_panel;wrapper_back_or_side;net_weight;maker_or_date,1,0
cwa-ingredient-private-run-v1,cwa_ingredient_packet_15d2b3cbd91124,17,hersheys_milk_chocolate_bar,Hershey's Milk Chocolate Bar,1910,www.candywrapperarchive.com,https://www.candywrapperarchive.com/candy-collector/1910-hershey/,1910 Hershey's Milk Chocolate Bar source page,5,2,3,ingredient_panel;nutrition_panel;wrapper_back_or_side;net_weight;maker_or_date,1,0
cwa-ingredient-private-run-v1,cwa_ingredient_packet_c66c147a91bd1a,18,hersheys_milk_chocolate_bar,Hershey's Milk Chocolate Bar,1930s,www.candywrapperarchive.com,https://www.candywrapperarchive.com/candy-collector/1930s-hershey/,1930s Hershey's Milk Chocolate Bar source page,5,2,3,ingredient_panel;nutrition_panel;wrapper_back_or_side;net_weight;maker_or_date,1,0
cwa-ingredient-private-run-v1,cwa_ingredient_packet_530c22e69b076d,19,hersheys_milk_chocolate_bar,Hershey's Milk Chocolate Bar,1940,www.candywrapperarchive.com,https://www.candywrapperarchive.com/candy-collector/1940-hershey/,1940 Hershey's Milk Chocolate Bar source page,5,2,3,ingredient_panel;nutrition_panel;wrapper_back_or_side;net_weight;maker_or_date,1,0
cwa-ingredient-private-run-v1,cwa_ingredient_packet_bc654d226b4cdf,20,hersheys_milk_chocolate_bar,Hershey's Milk Chocolate Bar,1950s,www.candywrapperarchive.com,https://www.candywrapperarchive.com/candy-collector/1950s-hershey/,1950s Hershey's Milk Chocolate Bar source page,5,2,3,ingredient_panel;nutrition_panel;wrapper_back_or_side;net_weight;maker_or_date,1,0
cwa-ingredient-private-run-v1,cwa_ingredient_packet_d67b9cdf3eeee1,21,hersheys_milk_chocolate_bar,Hershey's Milk Chocolate Bar,1960s,www.candywrapperarchive.com,https://www.candywrapperarchive.com/candy-collector/1960s-hershey/,1960s Hershey's Milk Chocolate Bar source page,5,2,3,ingredient_panel;nutrition_panel;wrapper_back_or_side;net_weight;maker_or_date,1,0
cwa-ingredient-private-run-v1,cwa_ingredient_packet_bf9e7268606c82,22,kit_kat_bar,Kit Kat Bar,1960s,www.candywrapperarchive.com,https://www.candywrapperarchive.com/candy-collector/1960s-kit-kat/,1960s Kit Kat Bar source page,5,2,3,ingredient_panel;nutrition_panel;wrapper_back_or_side;net_weight;maker_or_date,1,0
cwa-ingredient-private-run-v1,cwa_ingredient_packet_682ccb64aed667,23,kit_kat_bar,Kit Kat Bar,1970s,www.candywrapperarchive.com,https://www.candywrapperarchive.com/candy-collector/1970s-kit-kat/,1970s Kit Kat Bar source page,5,2,3,ingredient_panel;nutrition_panel;wrapper_back_or_side;net_weight;maker_or_date,1,0
cwa-ingredient-private-run-v1,cwa_ingredient_packet_26eff3b8ba9993,24,kit_kat_bar,Kit Kat Bar,2000,www.candywrapperarchive.com,https://www.candywrapperarchive.com/candy-collector/2000-kit-kat/,2000 Kit Kat Bar source page,5,2,3,ingredient_panel;nutrition_panel;wrapper_back_or_side;net_weight;maker_or_date,1,0
cwa-ingredient-private-run-v1,cwa_ingredient_packet_465943270b2630,25,kit_kat_bar,Kit Kat Bar,2002,www.candywrapperarchive.com,https://www.candywrapperarchive.com/candy-collector/2002-kit-kat/,2002 Kit Kat Bar source page,5,2,3,ingredient_panel;nutrition_panel;wrapper_back_or_side;net_weight;maker_or_date,1,0
cwa-ingredient-private-run-v1,cwa_ingredient_packet_da1651af787730,26,kit_kat_bar,Kit Kat Bar,2006,www.candywrapperarchive.com,https://www.candywrapperarchive.com/candy-collector/2006-kit-kat/,2006 Kit Kat Bar source page,5,2,3,ingredient_panel;nutrition_panel;wrapper_back_or_side;net_weight;maker_or_date,1,0
cwa-ingredient-private-run-v1,cwa_ingredient_packet_373b0e85d855ec,27,kit_kat_bar,Kit Kat Bar,2007,www.candywrapperarchive.com,https://www.candywrapperarchive.com/candy-collector/2007-kit-kat/,2007 Kit Kat Bar source page,5,2,3,ingredient_panel;nutrition_panel;wrapper_back_or_side;net_weight;maker_or_date,1,0
cwa-ingredient-private-run-v1,cwa_ingredient_packet_72af616e1e986a,28,snickers_bar,Snickers Bar,1939,www.candywrapperarchive.com,https://www.candywrapperarchive.com/candy-collector/1940s-snickers/,1939 Snickers Bar source page,5,2,3,ingredient_panel;nutrition_panel;wrapper_back_or_side;net_weight;maker_or_date,1,0
cwa-ingredient-private-run-v1,cwa_ingredient_packet_be9651aed9a9bf,29,snickers_bar,Snickers Bar,1940s,www.candywrapperarchive.com,https://www.candywrapperarchive.com/candy-collector/1940s-snickers-2/,1940s Snickers Bar source page,5,2,3,ingredient_panel;nutrition_panel;wrapper_back_or_side;net_weight;maker_or_date,1,0
cwa-ingredient-private-run-v1,cwa_ingredient_packet_cf095a529839ae,30,snickers_bar,Snickers Bar,1950s,www.candywrapperarchive.com,https://www.candywrapperarchive.com/candy-collector/1950s-snickers/,1950s Snickers Bar source page,5,2,3,ingredient_panel;nutrition_panel;wrapper_back_or_side;net_weight;maker_or_date,1,0
cwa-ingredient-private-run-v1,cwa_ingredient_packet_ddded09968e768,31,snickers_bar,Snickers Bar,1983,www.candywrapperarchive.com,https://www.candywrapperarchive.com/candy-collector/1983-snickers/,1983 Snickers Bar source page,5,2,3,ingredient_panel;nutrition_panel;wrapper_back_or_side;net_weight;maker_or_date,1,0
cwa-ingredient-private-run-v1,cwa_ingredient_packet_a1563afe4d2e7f,32,snickers_bar,Snickers Bar,1990,www.candywrapperarchive.com,https://www.candywrapperarchive.com/candy-collector/1990-snickers/,1990 Snickers Bar source page,5,2,3,ingredient_panel;nutrition_panel;wrapper_back_or_side;net_weight;maker_or_date,1,0
cwa-ingredient-private-run-v1,cwa_ingredient_packet_08f3def6d53b44,33,snickers_bar,Snickers Bar,2002,www.candywrapperarchive.com,https://www.candywrapperarchive.com/candy-collector/2002-snickers/,2002 Snickers Bar source page,5,2,3,ingredient_panel;nutrition_panel;wrapper_back_or_side;net_weight;maker_or_date,1,0
cwa-ingredient-private-run-v1,cwa_ingredient_packet_4cdf0ea6ee12b6,34,mms_milk_chocolate,M&M's Milk Chocolate Candies,1970s,www.candywrapperarchive.com,https://www.candywrapperarchive.com/candy-collector/1970s-mms/,1970s M&M's Milk Chocolate Candies source page,5,2,3,ingredient_panel;nutrition_panel;wrapper_back_or_side;net_weight;maker_or_date,1,0
cwa-ingredient-private-run-v1,cwa_ingredient_packet_6d2be6c2f70415,35,mms_milk_chocolate,M&M's Milk Chocolate Candies,1997,www.candywrapperarchive.com,https://www.candywrapperarchive.com/candy-collector/1997-mm/,1997 M&M's Milk Chocolate Candies source page,5,2,3,ingredient_panel;nutrition_panel;wrapper_back_or_side;net_weight;maker_or_date,1,0
cwa-ingredient-private-run-v1,cwa_ingredient_packet_884f8d837cfd2e,36,mms_milk_chocolate,M&M's Milk Chocolate Candies,1997,www.candywrapperarchive.com,https://www.candywrapperarchive.com/candy-collector/1997-mm-2/,1997 M&M's Milk Chocolate Candies source page,5,2,3,ingredient_panel;nutrition_panel;wrapper_back_or_side;net_weight;maker_or_date,1,0
cwa-ingredient-private-run-v1,cwa_ingredient_packet_9e67f67ffedb0d,37,mms_milk_chocolate,M&M's Milk Chocolate Candies,1998,www.candywrapperarchive.com,https://www.candywrapperarchive.com/candy-collector/1998-mm-2/,1998 M&M's Milk Chocolate Candies source page,5,2,3,ingredient_panel;nutrition_panel;wrapper_back_or_side;net_weight;maker_or_date,1,0
cwa-ingredient-private-run-v1,cwa_ingredient_packet_65274b9298d3e2,38,mms_milk_chocolate,M&M's Milk Chocolate Candies,1998,www.candywrapperarchive.com,https://www.candywrapperarchive.com/candy-collector/1998-mm/,1998 M&M's Milk Chocolate Candies source page,5,2,3,ingredient_panel;nutrition_panel;wrapper_back_or_side;net_weight;maker_or_date,1,0
cwa-ingredient-private-run-v1,cwa_ingredient_packet_74790ccfbe4be3,39,twix_bar,Twix Bar,2002,www.candywrapperarchive.com,https://www.candywrapperarchive.com/candy-collector/2002-twix/,2002 Twix Bar source page,5,2,3,ingredient_panel;nutrition_panel;wrapper_back_or_side;net_weight;maker_or_date,1,0
cwa-ingredient-private-run-v1,cwa_ingredient_packet_66923432543be1,40,twix_bar,Twix Bar,2003,www.candywrapperarchive.com,https://www.candywrapperarchive.com/candy-collector/2003-twix/,2003 Twix Bar source page,5,2,3,ingredient_panel;nutrition_panel;wrapper_back_or_side;net_weight;maker_or_date,1,0
cwa-ingredient-private-run-v1,cwa_ingredient_packet_72b087d6b7d783,41,twix_bar,Twix Bar,2004,www.candywrapperarchive.com,https://www.candywrapperarchive.com/candy-collector/2004-twix/,2004 Twix Bar source page,5,2,3,ingredient_panel;nutrition_panel;wrapper_back_or_side;net_weight;maker_or_date,1,0
cwa-ingredient-private-run-v1,cwa_ingredient_packet_5be1acafa1de79,42,twix_bar,Twix Bar,2006,www.candywrapperarchive.com,https://www.candywrapperarchive.com/candy-collector/2006-twix/,2006 Twix Bar source page,5,2,3,ingredient_panel;nutrition_panel;wrapper_back_or_side;net_weight;maker_or_date,1,0
cwa-ingredient-private-run-v1,cwa_ingredient_packet_4022824844b592,43,twix_bar,Twix Bar,2009,www.candywrapperarchive.com,https://www.candywrapperarchive.com/candy-collector/2009-twix/,2009 Twix Bar source page,5,2,3,ingredient_panel;nutrition_panel;wrapper_back_or_side;net_weight;maker_or_date,1,0
cwa-ingredient-private-run-v1,cwa_ingredient_packet_2280a6b4f9504b,44,milky_way_bar,Milky Way Bar,1939,www.candywrapperarchive.com,https://www.candywrapperarchive.com/candy-collector/1939-milky-way/,1939 Milky Way Bar source page,5,2,3,ingredient_panel;nutrition_panel;wrapper_back_or_side;net_weight;maker_or_date,1,0
cwa-ingredient-private-run-v1,cwa_ingredient_packet_b0bb8fbc2d7235,45,milky_way_bar,Milky Way Bar,1940s,www.candywrapperarchive.com,https://www.candywrapperarchive.com/candy-collector/1940s-milky-way/,1940s Milky Way Bar source page,5,2,3,ingredient_panel;nutrition_panel;wrapper_back_or_side;net_weight;maker_or_date,1,0
cwa-ingredient-private-run-v1,cwa_ingredient_packet_52c47e15c1d0c1,46,milky_way_bar,Milky Way Bar,1950s,www.candywrapperarchive.com,https://www.candywrapperarchive.com/candy-collector/1950s-milky-way-2/,1950s Milky Way Bar source page,5,2,3,ingredient_panel;nutrition_panel;wrapper_back_or_side;net_weight;maker_or_date,1,0
cwa-ingredient-private-run-v1,cwa_ingredient_packet_e06e18ec457cbe,47,milky_way_bar,Milky Way Bar,1958,www.candywrapperarchive.com,https://www.candywrapperarchive.com/candy-collector/1958-milky-way/,1958 Milky Way Bar source page,5,2,3,ingredient_panel;nutrition_panel;wrapper_back_or_side;net_weight;maker_or_date,1,0
cwa-ingredient-private-run-v1,cwa_ingredient_packet_35c7db6a33734d,48,tootsie_roll,Tootsie Roll,1940s,www.candywrapperarchive.com,https://www.candywrapperarchive.com/candy-collector/1940s-tootsie-roll/,1940s Tootsie Roll source page,5,2,3,ingredient_panel;nutrition_panel;wrapper_back_or_side;net_weight;maker_or_date,1,0
cwa-ingredient-private-run-v1,cwa_ingredient_packet_8e084e5c1cb0c4,49,tootsie_roll,Tootsie Roll,1960s,www.candywrapperarchive.com,https://www.candywrapperarchive.com/candy-collector/1960s-tootsie-roll-2/,1960s Tootsie Roll source page,5,2,3,ingredient_panel;nutrition_panel;wrapper_back_or_side;net_weight;maker_or_date,1,0
