run_id,packet_id,packet_rank,product_id,product_name,priority_tier,lineage_span_label,source_era_rank,vintage_label,version_id,source_domain,source_url,source_title,surface_count,primary_text_rows,support_text_rows,ingredient_panel_evidence_id,nutrition_panel_evidence_id,evidence_ids,image_map_key_count,capture_surface_order,private_paths_needed,ready_for_ocr,verified_ingredient_labels,recommended_next_action,done_when,claim_gate,publication_image_policy,candidate_only,manual_verified
cwa-ingredient-priority-v1,cwa_ingredient_packet_84a4b9dcab7f9f,1,butterfinger_bar,Butterfinger Bar,dense_lineage_first,1930s-2009,1,1930s,cwa_capture_round_54bf4d9d9b8d,www.candywrapperarchive.com,https://www.candywrapperarchive.com/candy-collector/1930s-butterfinger-2/,1930s Butterfinger Bar source page,5,2,3,cwa_surface_bdb8731dc7e98b,cwa_surface_b363dd0d60335c,cwa_surface_bdb8731dc7e98b;cwa_surface_b363dd0d60335c;cwa_surface_84d0eb71616be7;cwa_surface_a683962b007a91;cwa_surface_4ca2fc76512393,20,ingredient_panel;nutrition_panel;wrapper_back_or_side;net_weight;maker_or_date,5,0,0,"Open this source page once, privately crop ingredient and nutrition panels first, then capture supporting back/side, weight, and maker/date text if visible.",All visible text surfaces from this source page have private crop paths or explicit no-readable-surface notes; readable crops can then enter native OCR.,blocked_until_private_readable_crop_ocr_correction_and_manual_verification,source_link_only_until_rights_review_clears_reuse,1,0
cwa-ingredient-priority-v1,cwa_ingredient_packet_c1cab625704bfc,2,butterfinger_bar,Butterfinger Bar,dense_lineage_first,1930s-2009,2,1936,cwa_capture_round_7f9a71c59f94,www.candywrapperarchive.com,https://www.candywrapperarchive.com/candy-collector/1936-butterfinger/,1936 Butterfinger Bar source page,5,2,3,cwa_surface_20807ca6246abf,cwa_surface_3e9fb8bd823a85,cwa_surface_20807ca6246abf;cwa_surface_3e9fb8bd823a85;cwa_surface_b6b7bb8b5a98d5;cwa_surface_dca02008554124;cwa_surface_c1f792333d347e,20,ingredient_panel;nutrition_panel;wrapper_back_or_side;net_weight;maker_or_date,5,0,0,"Open this source page once, privately crop ingredient and nutrition panels first, then capture supporting back/side, weight, and maker/date text if visible.",All visible text surfaces from this source page have private crop paths or explicit no-readable-surface notes; readable crops can then enter native OCR.,blocked_until_private_readable_crop_ocr_correction_and_manual_verification,source_link_only_until_rights_review_clears_reuse,1,0
cwa-ingredient-priority-v1,cwa_ingredient_packet_72f4c60dcc3f7d,3,butterfinger_bar,Butterfinger Bar,dense_lineage_first,1930s-2009,3,1950,cwa_capture_round_4a02e8a42692,www.candywrapperarchive.com,https://www.candywrapperarchive.com/candy-collector/1950-butterfinger-2/,1950 Butterfinger Bar source page,5,2,3,cwa_surface_14e84cbbae8fe9,cwa_surface_c7d30fed1ab8bd,cwa_surface_14e84cbbae8fe9;cwa_surface_c7d30fed1ab8bd;cwa_surface_1bc8565238b2b9;cwa_surface_2bd09cde3db0fa;cwa_surface_57d3a86bc82d4e,20,ingredient_panel;nutrition_panel;wrapper_back_or_side;net_weight;maker_or_date,5,0,0,"Open this source page once, privately crop ingredient and nutrition panels first, then capture supporting back/side, weight, and maker/date text if visible.",All visible text surfaces from this source page have private crop paths or explicit no-readable-surface notes; readable crops can then enter native OCR.,blocked_until_private_readable_crop_ocr_correction_and_manual_verification,source_link_only_until_rights_review_clears_reuse,1,0
cwa-ingredient-priority-v1,cwa_ingredient_packet_f221e653ba688a,4,butterfinger_bar,Butterfinger Bar,dense_lineage_first,1930s-2009,4,1964,cwa_capture_round_af76a4c6c608,www.candywrapperarchive.com,https://www.candywrapperarchive.com/candy-collector/1964-butterfinger/,1964 Butterfinger Bar source page,5,2,3,cwa_surface_99e8305790e753,cwa_surface_2bf81d0b93b9ab,cwa_surface_99e8305790e753;cwa_surface_2bf81d0b93b9ab;cwa_surface_01491cd500dd8f;cwa_surface_78b2aead6a3559;cwa_surface_6844f3e0c4b28c,20,ingredient_panel;nutrition_panel;wrapper_back_or_side;net_weight;maker_or_date,5,0,0,"Open this source page once, privately crop ingredient and nutrition panels first, then capture supporting back/side, weight, and maker/date text if visible.",All visible text surfaces from this source page have private crop paths or explicit no-readable-surface notes; readable crops can then enter native OCR.,blocked_until_private_readable_crop_ocr_correction_and_manual_verification,source_link_only_until_rights_review_clears_reuse,1,0
cwa-ingredient-priority-v1,cwa_ingredient_packet_fd81bc6a933d6c,5,butterfinger_bar,Butterfinger Bar,dense_lineage_first,1930s-2009,5,1975,cwa_capture_round_9a000e6d1375,www.candywrapperarchive.com,https://www.candywrapperarchive.com/candy-collector/1975-butterfinger/,1975 Butterfinger Bar source page,5,2,3,cwa_surface_2f942468ca250f,cwa_surface_6c45d30611861d,cwa_surface_2f942468ca250f;cwa_surface_6c45d30611861d;cwa_surface_4ed27f62edf38f;cwa_surface_2b65b5afb00c00;cwa_surface_7a9aac8ec16501,20,ingredient_panel;nutrition_panel;wrapper_back_or_side;net_weight;maker_or_date,5,0,0,"Open this source page once, privately crop ingredient and nutrition panels first, then capture supporting back/side, weight, and maker/date text if visible.",All visible text surfaces from this source page have private crop paths or explicit no-readable-surface notes; readable crops can then enter native OCR.,blocked_until_private_readable_crop_ocr_correction_and_manual_verification,source_link_only_until_rights_review_clears_reuse,1,0
cwa-ingredient-priority-v1,cwa_ingredient_packet_4096b6dfdd1f55,6,butterfinger_bar,Butterfinger Bar,dense_lineage_first,1930s-2009,6,1980s,cwa_capture_round_add5694f379c,www.candywrapperarchive.com,https://www.candywrapperarchive.com/candy-collector/1980s-butterfinger/,1980s Butterfinger Bar source page,5,2,3,cwa_surface_11352cd6262a16,cwa_surface_f44d9b4ffe1d8a,cwa_surface_11352cd6262a16;cwa_surface_f44d9b4ffe1d8a;cwa_surface_adf11598c9d764;cwa_surface_7da3def94ba7a6;cwa_surface_e16699894b4ae0,20,ingredient_panel;nutrition_panel;wrapper_back_or_side;net_weight;maker_or_date,5,0,0,"Open this source page once, privately crop ingredient and nutrition panels first, then capture supporting back/side, weight, and maker/date text if visible.",All visible text surfaces from this source page have private crop paths or explicit no-readable-surface notes; readable crops can then enter native OCR.,blocked_until_private_readable_crop_ocr_correction_and_manual_verification,source_link_only_until_rights_review_clears_reuse,1,0
cwa-ingredient-priority-v1,cwa_ingredient_packet_19f6380dee5d22,7,butterfinger_bar,Butterfinger Bar,dense_lineage_first,1930s-2009,7,2002,cwa_capture_round_a497fbb8b330,www.candywrapperarchive.com,https://www.candywrapperarchive.com/candy-collector/2002-butterfinger/,2002 Butterfinger Bar source page,5,2,3,cwa_surface_60231b54b36cda,cwa_surface_0a1eeb650363ed,cwa_surface_60231b54b36cda;cwa_surface_0a1eeb650363ed;cwa_surface_6b70fedb8fe3a7;cwa_surface_be810e91c5b248;cwa_surface_4c89b0af362deb,20,ingredient_panel;nutrition_panel;wrapper_back_or_side;net_weight;maker_or_date,5,0,0,"Open this source page once, privately crop ingredient and nutrition panels first, then capture supporting back/side, weight, and maker/date text if visible.",All visible text surfaces from this source page have private crop paths or explicit no-readable-surface notes; readable crops can then enter native OCR.,blocked_until_private_readable_crop_ocr_correction_and_manual_verification,source_link_only_until_rights_review_clears_reuse,1,0
cwa-ingredient-priority-v1,cwa_ingredient_packet_e8520178db04a4,8,butterfinger_bar,Butterfinger Bar,dense_lineage_first,1930s-2009,8,2009,cwa_capture_round_46b6a1edde5b,www.candywrapperarchive.com,https://www.candywrapperarchive.com/candy-collector/2009-butterfinger/,2009 Butterfinger Bar source page,5,2,3,cwa_surface_29f395474ef684,cwa_surface_06fb011e088d40,cwa_surface_29f395474ef684;cwa_surface_06fb011e088d40;cwa_surface_879660c2ce85f5;cwa_surface_188f9409aaabdd;cwa_surface_cb25b81e075544,20,ingredient_panel;nutrition_panel;wrapper_back_or_side;net_weight;maker_or_date,5,0,0,"Open this source page once, privately crop ingredient and nutrition panels first, then capture supporting back/side, weight, and maker/date text if visible.",All visible text surfaces from this source page have private crop paths or explicit no-readable-surface notes; readable crops can then enter native OCR.,blocked_until_private_readable_crop_ocr_correction_and_manual_verification,source_link_only_until_rights_review_clears_reuse,1,0
cwa-ingredient-priority-v1,cwa_ingredient_packet_caa6d23e9fde06,9,reeses_peanut_butter_cups,Reese's Peanut Butter Cups,dense_lineage_first,1940s-2005,1,1940s,cwa_capture_round_d5aa38435ce0,www.candywrapperarchive.com,https://www.candywrapperarchive.com/candy-collector/1940s-reeses-bag/,1940s Reese's Peanut Butter Cups source page,5,2,3,cwa_surface_0dca79d6d2105f,cwa_surface_f097f2901f1c97,cwa_surface_0dca79d6d2105f;cwa_surface_f097f2901f1c97;cwa_surface_f105a3ba86e9b5;cwa_surface_d43a2ef5594515;cwa_surface_a7654aef885218,20,ingredient_panel;nutrition_panel;wrapper_back_or_side;net_weight;maker_or_date,5,0,0,"Open this source page once, privately crop ingredient and nutrition panels first, then capture supporting back/side, weight, and maker/date text if visible.",All visible text surfaces from this source page have private crop paths or explicit no-readable-surface notes; readable crops can then enter native OCR.,blocked_until_private_readable_crop_ocr_correction_and_manual_verification,source_link_only_until_rights_review_clears_reuse,1,0
cwa-ingredient-priority-v1,cwa_ingredient_packet_0075af3870d743,10,reeses_peanut_butter_cups,Reese's Peanut Butter Cups,dense_lineage_first,1940s-2005,2,1970s,cwa_capture_round_cc2395496fc1,www.candywrapperarchive.com,https://www.candywrapperarchive.com/candy-collector/1970s-reeses/,1970s Reese's Peanut Butter Cups source page,5,2,3,cwa_surface_0a70aab6cdf208,cwa_surface_7ed70d0cb54be5,cwa_surface_0a70aab6cdf208;cwa_surface_7ed70d0cb54be5;cwa_surface_59460eca45fc53;cwa_surface_b1c5e8c31b8ead;cwa_surface_980baa0d7e9734,20,ingredient_panel;nutrition_panel;wrapper_back_or_side;net_weight;maker_or_date,5,0,0,"Open this source page once, privately crop ingredient and nutrition panels first, then capture supporting back/side, weight, and maker/date text if visible.",All visible text surfaces from this source page have private crop paths or explicit no-readable-surface notes; readable crops can then enter native OCR.,blocked_until_private_readable_crop_ocr_correction_and_manual_verification,source_link_only_until_rights_review_clears_reuse,1,0
cwa-ingredient-priority-v1,cwa_ingredient_packet_99d7a0607d525c,11,reeses_peanut_butter_cups,Reese's Peanut Butter Cups,dense_lineage_first,1940s-2005,3,1980s,cwa_capture_round_9247ec43d032,www.candywrapperarchive.com,https://www.candywrapperarchive.com/candy-collector/1980s-reeses/,1980s Reese's Peanut Butter Cups source page,5,2,3,cwa_surface_bcf31ae6fd5bd4,cwa_surface_8168d58033c4df,cwa_surface_bcf31ae6fd5bd4;cwa_surface_8168d58033c4df;cwa_surface_0faa72164afe8f;cwa_surface_dd28ff8505e422;cwa_surface_f599b5fa2eb95f,20,ingredient_panel;nutrition_panel;wrapper_back_or_side;net_weight;maker_or_date,5,0,0,"Open this source page once, privately crop ingredient and nutrition panels first, then capture supporting back/side, weight, and maker/date text if visible.",All visible text surfaces from this source page have private crop paths or explicit no-readable-surface notes; readable crops can then enter native OCR.,blocked_until_private_readable_crop_ocr_correction_and_manual_verification,source_link_only_until_rights_review_clears_reuse,1,0
cwa-ingredient-priority-v1,cwa_ingredient_packet_759d8e5eb34575,12,reeses_peanut_butter_cups,Reese's Peanut Butter Cups,dense_lineage_first,1940s-2005,4,1991,cwa_capture_round_6df649a46222,www.candywrapperarchive.com,https://www.candywrapperarchive.com/candy-collector/1991-reeses/,1991 Reese's Peanut Butter Cups source page,5,2,3,cwa_surface_39cf422a847979,cwa_surface_df5993989a6e4b,cwa_surface_39cf422a847979;cwa_surface_df5993989a6e4b;cwa_surface_1b1f2781df71d6;cwa_surface_ba7793d992ecaa;cwa_surface_4aafb6748ecde9,20,ingredient_panel;nutrition_panel;wrapper_back_or_side;net_weight;maker_or_date,5,0,0,"Open this source page once, privately crop ingredient and nutrition panels first, then capture supporting back/side, weight, and maker/date text if visible.",All visible text surfaces from this source page have private crop paths or explicit no-readable-surface notes; readable crops can then enter native OCR.,blocked_until_private_readable_crop_ocr_correction_and_manual_verification,source_link_only_until_rights_review_clears_reuse,1,0
cwa-ingredient-priority-v1,cwa_ingredient_packet_d7867c661ce47f,13,reeses_peanut_butter_cups,Reese's Peanut Butter Cups,dense_lineage_first,1940s-2005,5,2002,cwa_capture_round_f6826951082d,www.candywrapperarchive.com,https://www.candywrapperarchive.com/candy-collector/2002-reeses/,2002 Reese's Peanut Butter Cups source page,5,2,3,cwa_surface_031d83c3dbd59e,cwa_surface_375e91cfe4931b,cwa_surface_031d83c3dbd59e;cwa_surface_375e91cfe4931b;cwa_surface_87e7930fc9ae95;cwa_surface_4f8c020926ee6e;cwa_surface_494bf2ec912f83,20,ingredient_panel;nutrition_panel;wrapper_back_or_side;net_weight;maker_or_date,5,0,0,"Open this source page once, privately crop ingredient and nutrition panels first, then capture supporting back/side, weight, and maker/date text if visible.",All visible text surfaces from this source page have private crop paths or explicit no-readable-surface notes; readable crops can then enter native OCR.,blocked_until_private_readable_crop_ocr_correction_and_manual_verification,source_link_only_until_rights_review_clears_reuse,1,0
cwa-ingredient-priority-v1,cwa_ingredient_packet_0a3cbee10cb537,14,reeses_peanut_butter_cups,Reese's Peanut Butter Cups,dense_lineage_first,1940s-2005,6,2003,cwa_capture_round_449a4deb637a,www.candywrapperarchive.com,https://www.candywrapperarchive.com/candy-collector/2003-reeses/,2003 Reese's Peanut Butter Cups source page,5,2,3,cwa_surface_cd18a160cd966e,cwa_surface_0f7bbe724b67ba,cwa_surface_cd18a160cd966e;cwa_surface_0f7bbe724b67ba;cwa_surface_bf02be703135ca;cwa_surface_7cff970e120afc;cwa_surface_7f76dde4acc4d2,20,ingredient_panel;nutrition_panel;wrapper_back_or_side;net_weight;maker_or_date,5,0,0,"Open this source page once, privately crop ingredient and nutrition panels first, then capture supporting back/side, weight, and maker/date text if visible.",All visible text surfaces from this source page have private crop paths or explicit no-readable-surface notes; readable crops can then enter native OCR.,blocked_until_private_readable_crop_ocr_correction_and_manual_verification,source_link_only_until_rights_review_clears_reuse,1,0
cwa-ingredient-priority-v1,cwa_ingredient_packet_0393e54e2ea22e,15,reeses_peanut_butter_cups,Reese's Peanut Butter Cups,dense_lineage_first,1940s-2005,7,2005,cwa_capture_round_997c1a4e1949,www.candywrapperarchive.com,https://www.candywrapperarchive.com/candy-collector/2005-reeses/,2005 Reese's Peanut Butter Cups source page,5,2,3,cwa_surface_a1d39772267f32,cwa_surface_80dc199d739cc1,cwa_surface_a1d39772267f32;cwa_surface_80dc199d739cc1;cwa_surface_e7bf662c6b72b1;cwa_surface_ac0e8b821632f3;cwa_surface_90f44ca6589e55,20,ingredient_panel;nutrition_panel;wrapper_back_or_side;net_weight;maker_or_date,5,0,0,"Open this source page once, privately crop ingredient and nutrition panels first, then capture supporting back/side, weight, and maker/date text if visible.",All visible text surfaces from this source page have private crop paths or explicit no-readable-surface notes; readable crops can then enter native OCR.,blocked_until_private_readable_crop_ocr_correction_and_manual_verification,source_link_only_until_rights_review_clears_reuse,1,0
cwa-ingredient-priority-v1,cwa_ingredient_packet_9fb01f34256aef,16,hersheys_milk_chocolate_bar,Hershey's Milk Chocolate Bar,dense_lineage_first,1908-1960s,1,1908,cwa_capture_round_0116a57afe0f,www.candywrapperarchive.com,https://www.candywrapperarchive.com/candy-collector/1908-hershey-wrapper/,1908 Hershey's Milk Chocolate Bar source page,5,2,3,cwa_surface_0a9fae33f7f4ee,cwa_surface_6e41e940f11522,cwa_surface_0a9fae33f7f4ee;cwa_surface_6e41e940f11522;cwa_surface_ca319afc82ff5b;cwa_surface_2e4f0b3263bad6;cwa_surface_0a4987468d2c81,20,ingredient_panel;nutrition_panel;wrapper_back_or_side;net_weight;maker_or_date,5,0,0,"Open this source page once, privately crop ingredient and nutrition panels first, then capture supporting back/side, weight, and maker/date text if visible.",All visible text surfaces from this source page have private crop paths or explicit no-readable-surface notes; readable crops can then enter native OCR.,blocked_until_private_readable_crop_ocr_correction_and_manual_verification,source_link_only_until_rights_review_clears_reuse,1,0
cwa-ingredient-priority-v1,cwa_ingredient_packet_15d2b3cbd91124,17,hersheys_milk_chocolate_bar,Hershey's Milk Chocolate Bar,dense_lineage_first,1908-1960s,2,1910,cwa_capture_round_cd0e7345f0d1,www.candywrapperarchive.com,https://www.candywrapperarchive.com/candy-collector/1910-hershey/,1910 Hershey's Milk Chocolate Bar source page,5,2,3,cwa_surface_99c927d1601798,cwa_surface_680242000dbc33,cwa_surface_99c927d1601798;cwa_surface_680242000dbc33;cwa_surface_e9070e339b1e53;cwa_surface_9c9ba58a51132f;cwa_surface_45c3bc01f82e71,20,ingredient_panel;nutrition_panel;wrapper_back_or_side;net_weight;maker_or_date,5,0,0,"Open this source page once, privately crop ingredient and nutrition panels first, then capture supporting back/side, weight, and maker/date text if visible.",All visible text surfaces from this source page have private crop paths or explicit no-readable-surface notes; readable crops can then enter native OCR.,blocked_until_private_readable_crop_ocr_correction_and_manual_verification,source_link_only_until_rights_review_clears_reuse,1,0
cwa-ingredient-priority-v1,cwa_ingredient_packet_c66c147a91bd1a,18,hersheys_milk_chocolate_bar,Hershey's Milk Chocolate Bar,dense_lineage_first,1908-1960s,3,1930s,cwa_capture_round_bde01a796e80,www.candywrapperarchive.com,https://www.candywrapperarchive.com/candy-collector/1930s-hershey/,1930s Hershey's Milk Chocolate Bar source page,5,2,3,cwa_surface_210c770b7ee45d,cwa_surface_f1e48b1f07fe1e,cwa_surface_210c770b7ee45d;cwa_surface_f1e48b1f07fe1e;cwa_surface_b9e9911e8765ec;cwa_surface_981b876fdd7906;cwa_surface_1f0a1ee5090953,20,ingredient_panel;nutrition_panel;wrapper_back_or_side;net_weight;maker_or_date,5,0,0,"Open this source page once, privately crop ingredient and nutrition panels first, then capture supporting back/side, weight, and maker/date text if visible.",All visible text surfaces from this source page have private crop paths or explicit no-readable-surface notes; readable crops can then enter native OCR.,blocked_until_private_readable_crop_ocr_correction_and_manual_verification,source_link_only_until_rights_review_clears_reuse,1,0
cwa-ingredient-priority-v1,cwa_ingredient_packet_530c22e69b076d,19,hersheys_milk_chocolate_bar,Hershey's Milk Chocolate Bar,dense_lineage_first,1908-1960s,4,1940,cwa_capture_round_b60d1747ad76,www.candywrapperarchive.com,https://www.candywrapperarchive.com/candy-collector/1940-hershey/,1940 Hershey's Milk Chocolate Bar source page,5,2,3,cwa_surface_836474c5ecb3ab,cwa_surface_6d6f67594ba20b,cwa_surface_836474c5ecb3ab;cwa_surface_6d6f67594ba20b;cwa_surface_71d56ea4fc13b9;cwa_surface_845395b10c3226;cwa_surface_197daaa73c5731,20,ingredient_panel;nutrition_panel;wrapper_back_or_side;net_weight;maker_or_date,5,0,0,"Open this source page once, privately crop ingredient and nutrition panels first, then capture supporting back/side, weight, and maker/date text if visible.",All visible text surfaces from this source page have private crop paths or explicit no-readable-surface notes; readable crops can then enter native OCR.,blocked_until_private_readable_crop_ocr_correction_and_manual_verification,source_link_only_until_rights_review_clears_reuse,1,0
cwa-ingredient-priority-v1,cwa_ingredient_packet_bc654d226b4cdf,20,hersheys_milk_chocolate_bar,Hershey's Milk Chocolate Bar,dense_lineage_first,1908-1960s,5,1950s,cwa_capture_round_9e76a7bca726,www.candywrapperarchive.com,https://www.candywrapperarchive.com/candy-collector/1950s-hershey/,1950s Hershey's Milk Chocolate Bar source page,5,2,3,cwa_surface_2b941770eb841c,cwa_surface_17b90b0b42f85c,cwa_surface_2b941770eb841c;cwa_surface_17b90b0b42f85c;cwa_surface_05fee2dd539f80;cwa_surface_628c60635abbdc;cwa_surface_f7423190199f8f,20,ingredient_panel;nutrition_panel;wrapper_back_or_side;net_weight;maker_or_date,5,0,0,"Open this source page once, privately crop ingredient and nutrition panels first, then capture supporting back/side, weight, and maker/date text if visible.",All visible text surfaces from this source page have private crop paths or explicit no-readable-surface notes; readable crops can then enter native OCR.,blocked_until_private_readable_crop_ocr_correction_and_manual_verification,source_link_only_until_rights_review_clears_reuse,1,0
cwa-ingredient-priority-v1,cwa_ingredient_packet_d67b9cdf3eeee1,21,hersheys_milk_chocolate_bar,Hershey's Milk Chocolate Bar,dense_lineage_first,1908-1960s,6,1960s,cwa_capture_round_a44e3ee9ad86,www.candywrapperarchive.com,https://www.candywrapperarchive.com/candy-collector/1960s-hershey/,1960s Hershey's Milk Chocolate Bar source page,5,2,3,cwa_surface_bc6e78979f4624,cwa_surface_8b0ef422af9a79,cwa_surface_bc6e78979f4624;cwa_surface_8b0ef422af9a79;cwa_surface_d80e2952290e5e;cwa_surface_618d424651d432;cwa_surface_3dd00fbad58ec6,20,ingredient_panel;nutrition_panel;wrapper_back_or_side;net_weight;maker_or_date,5,0,0,"Open this source page once, privately crop ingredient and nutrition panels first, then capture supporting back/side, weight, and maker/date text if visible.",All visible text surfaces from this source page have private crop paths or explicit no-readable-surface notes; readable crops can then enter native OCR.,blocked_until_private_readable_crop_ocr_correction_and_manual_verification,source_link_only_until_rights_review_clears_reuse,1,0
cwa-ingredient-priority-v1,cwa_ingredient_packet_bf9e7268606c82,22,kit_kat_bar,Kit Kat Bar,multi_era_lineage,1960s-2007,1,1960s,cwa_capture_round_c8e3e7ac0913,www.candywrapperarchive.com,https://www.candywrapperarchive.com/candy-collector/1960s-kit-kat/,1960s Kit Kat Bar source page,5,2,3,cwa_surface_d95b57ecc9cc56,cwa_surface_7cb3c3011e50b5,cwa_surface_d95b57ecc9cc56;cwa_surface_7cb3c3011e50b5;cwa_surface_96ac86bb78e511;cwa_surface_e7ad84c88ca058;cwa_surface_47f3f199d7df53,20,ingredient_panel;nutrition_panel;wrapper_back_or_side;net_weight;maker_or_date,5,0,0,"Open this source page once, privately crop ingredient and nutrition panels first, then capture supporting back/side, weight, and maker/date text if visible.",All visible text surfaces from this source page have private crop paths or explicit no-readable-surface notes; readable crops can then enter native OCR.,blocked_until_private_readable_crop_ocr_correction_and_manual_verification,source_link_only_until_rights_review_clears_reuse,1,0
cwa-ingredient-priority-v1,cwa_ingredient_packet_682ccb64aed667,23,kit_kat_bar,Kit Kat Bar,multi_era_lineage,1960s-2007,2,1970s,cwa_capture_round_66d33df4c45c,www.candywrapperarchive.com,https://www.candywrapperarchive.com/candy-collector/1970s-kit-kat/,1970s Kit Kat Bar source page,5,2,3,cwa_surface_1a7f0aaf8af064,cwa_surface_8385705f7055c8,cwa_surface_1a7f0aaf8af064;cwa_surface_8385705f7055c8;cwa_surface_61dff2b370e9f7;cwa_surface_5700420d1993ad;cwa_surface_1620c3a5bb78ab,20,ingredient_panel;nutrition_panel;wrapper_back_or_side;net_weight;maker_or_date,5,0,0,"Open this source page once, privately crop ingredient and nutrition panels first, then capture supporting back/side, weight, and maker/date text if visible.",All visible text surfaces from this source page have private crop paths or explicit no-readable-surface notes; readable crops can then enter native OCR.,blocked_until_private_readable_crop_ocr_correction_and_manual_verification,source_link_only_until_rights_review_clears_reuse,1,0
cwa-ingredient-priority-v1,cwa_ingredient_packet_26eff3b8ba9993,24,kit_kat_bar,Kit Kat Bar,multi_era_lineage,1960s-2007,3,2000,cwa_capture_round_ad589fa515c8,www.candywrapperarchive.com,https://www.candywrapperarchive.com/candy-collector/2000-kit-kat/,2000 Kit Kat Bar source page,5,2,3,cwa_surface_af47e1cbe41d42,cwa_surface_f00a169092ba2c,cwa_surface_af47e1cbe41d42;cwa_surface_f00a169092ba2c;cwa_surface_5de55960a0cbda;cwa_surface_889b5f4055565c;cwa_surface_d4cc5dbc27066b,20,ingredient_panel;nutrition_panel;wrapper_back_or_side;net_weight;maker_or_date,5,0,0,"Open this source page once, privately crop ingredient and nutrition panels first, then capture supporting back/side, weight, and maker/date text if visible.",All visible text surfaces from this source page have private crop paths or explicit no-readable-surface notes; readable crops can then enter native OCR.,blocked_until_private_readable_crop_ocr_correction_and_manual_verification,source_link_only_until_rights_review_clears_reuse,1,0
cwa-ingredient-priority-v1,cwa_ingredient_packet_465943270b2630,25,kit_kat_bar,Kit Kat Bar,multi_era_lineage,1960s-2007,4,2002,cwa_capture_round_1a504b43c6d5,www.candywrapperarchive.com,https://www.candywrapperarchive.com/candy-collector/2002-kit-kat/,2002 Kit Kat Bar source page,5,2,3,cwa_surface_5df9cded5cf949,cwa_surface_4ec6857838d4e6,cwa_surface_5df9cded5cf949;cwa_surface_4ec6857838d4e6;cwa_surface_7c9e678b08f9d4;cwa_surface_73348d446a03d3;cwa_surface_9418ddbc8297b0,20,ingredient_panel;nutrition_panel;wrapper_back_or_side;net_weight;maker_or_date,5,0,0,"Open this source page once, privately crop ingredient and nutrition panels first, then capture supporting back/side, weight, and maker/date text if visible.",All visible text surfaces from this source page have private crop paths or explicit no-readable-surface notes; readable crops can then enter native OCR.,blocked_until_private_readable_crop_ocr_correction_and_manual_verification,source_link_only_until_rights_review_clears_reuse,1,0
cwa-ingredient-priority-v1,cwa_ingredient_packet_da1651af787730,26,kit_kat_bar,Kit Kat Bar,multi_era_lineage,1960s-2007,5,2006,cwa_capture_round_3134983b023d,www.candywrapperarchive.com,https://www.candywrapperarchive.com/candy-collector/2006-kit-kat/,2006 Kit Kat Bar source page,5,2,3,cwa_surface_0f4fb4cf3d456c,cwa_surface_6b65bdd91e9611,cwa_surface_0f4fb4cf3d456c;cwa_surface_6b65bdd91e9611;cwa_surface_9c5c75da0da24a;cwa_surface_7e925ed008e4f8;cwa_surface_baafc157bad9d7,20,ingredient_panel;nutrition_panel;wrapper_back_or_side;net_weight;maker_or_date,5,0,0,"Open this source page once, privately crop ingredient and nutrition panels first, then capture supporting back/side, weight, and maker/date text if visible.",All visible text surfaces from this source page have private crop paths or explicit no-readable-surface notes; readable crops can then enter native OCR.,blocked_until_private_readable_crop_ocr_correction_and_manual_verification,source_link_only_until_rights_review_clears_reuse,1,0
cwa-ingredient-priority-v1,cwa_ingredient_packet_373b0e85d855ec,27,kit_kat_bar,Kit Kat Bar,multi_era_lineage,1960s-2007,6,2007,cwa_capture_round_7ea03b5bae43,www.candywrapperarchive.com,https://www.candywrapperarchive.com/candy-collector/2007-kit-kat/,2007 Kit Kat Bar source page,5,2,3,cwa_surface_7bc042dee88127,cwa_surface_1671da08f64fcc,cwa_surface_7bc042dee88127;cwa_surface_1671da08f64fcc;cwa_surface_931fb577211f8b;cwa_surface_0dd4d0c790f90e;cwa_surface_e9300d179fbb88,20,ingredient_panel;nutrition_panel;wrapper_back_or_side;net_weight;maker_or_date,5,0,0,"Open this source page once, privately crop ingredient and nutrition panels first, then capture supporting back/side, weight, and maker/date text if visible.",All visible text surfaces from this source page have private crop paths or explicit no-readable-surface notes; readable crops can then enter native OCR.,blocked_until_private_readable_crop_ocr_correction_and_manual_verification,source_link_only_until_rights_review_clears_reuse,1,0
cwa-ingredient-priority-v1,cwa_ingredient_packet_72af616e1e986a,28,snickers_bar,Snickers Bar,dense_lineage_first,1939-2002,1,1939,cwa_capture_round_692553a418d6,www.candywrapperarchive.com,https://www.candywrapperarchive.com/candy-collector/1940s-snickers/,1939 Snickers Bar source page,5,2,3,cwa_surface_8c9ebea2dd9b0c,cwa_surface_a24cdd1836466e,cwa_surface_8c9ebea2dd9b0c;cwa_surface_a24cdd1836466e;cwa_surface_12092af18d1df5;cwa_surface_86e451113e2d67;cwa_surface_2260397e1bd33f,20,ingredient_panel;nutrition_panel;wrapper_back_or_side;net_weight;maker_or_date,5,0,0,"Open this source page once, privately crop ingredient and nutrition panels first, then capture supporting back/side, weight, and maker/date text if visible.",All visible text surfaces from this source page have private crop paths or explicit no-readable-surface notes; readable crops can then enter native OCR.,blocked_until_private_readable_crop_ocr_correction_and_manual_verification,source_link_only_until_rights_review_clears_reuse,1,0
cwa-ingredient-priority-v1,cwa_ingredient_packet_be9651aed9a9bf,29,snickers_bar,Snickers Bar,dense_lineage_first,1939-2002,2,1940s,cwa_capture_round_318e9a774c5e,www.candywrapperarchive.com,https://www.candywrapperarchive.com/candy-collector/1940s-snickers-2/,1940s Snickers Bar source page,5,2,3,cwa_surface_f31376dcb1d0eb,cwa_surface_02cdfa8d00292d,cwa_surface_f31376dcb1d0eb;cwa_surface_02cdfa8d00292d;cwa_surface_05240ddd2e52a2;cwa_surface_c8bedab03b3d8c;cwa_surface_cf03a048305b61,20,ingredient_panel;nutrition_panel;wrapper_back_or_side;net_weight;maker_or_date,5,0,0,"Open this source page once, privately crop ingredient and nutrition panels first, then capture supporting back/side, weight, and maker/date text if visible.",All visible text surfaces from this source page have private crop paths or explicit no-readable-surface notes; readable crops can then enter native OCR.,blocked_until_private_readable_crop_ocr_correction_and_manual_verification,source_link_only_until_rights_review_clears_reuse,1,0
cwa-ingredient-priority-v1,cwa_ingredient_packet_cf095a529839ae,30,snickers_bar,Snickers Bar,dense_lineage_first,1939-2002,3,1950s,cwa_capture_round_202d511b3960,www.candywrapperarchive.com,https://www.candywrapperarchive.com/candy-collector/1950s-snickers/,1950s Snickers Bar source page,5,2,3,cwa_surface_576bbad46b6867,cwa_surface_edbf7b798f577e,cwa_surface_576bbad46b6867;cwa_surface_edbf7b798f577e;cwa_surface_13619e5a623184;cwa_surface_1337764f361ee7;cwa_surface_370be1b4dd989a,20,ingredient_panel;nutrition_panel;wrapper_back_or_side;net_weight;maker_or_date,5,0,0,"Open this source page once, privately crop ingredient and nutrition panels first, then capture supporting back/side, weight, and maker/date text if visible.",All visible text surfaces from this source page have private crop paths or explicit no-readable-surface notes; readable crops can then enter native OCR.,blocked_until_private_readable_crop_ocr_correction_and_manual_verification,source_link_only_until_rights_review_clears_reuse,1,0
cwa-ingredient-priority-v1,cwa_ingredient_packet_ddded09968e768,31,snickers_bar,Snickers Bar,dense_lineage_first,1939-2002,4,1983,cwa_capture_round_74301d6fffd3,www.candywrapperarchive.com,https://www.candywrapperarchive.com/candy-collector/1983-snickers/,1983 Snickers Bar source page,5,2,3,cwa_surface_0f1a55799ad399,cwa_surface_d8dd442b893e8c,cwa_surface_0f1a55799ad399;cwa_surface_d8dd442b893e8c;cwa_surface_7ea2b8f8a9a0e9;cwa_surface_0e06d52a93acee;cwa_surface_2b2a669e5aa8f4,20,ingredient_panel;nutrition_panel;wrapper_back_or_side;net_weight;maker_or_date,5,0,0,"Open this source page once, privately crop ingredient and nutrition panels first, then capture supporting back/side, weight, and maker/date text if visible.",All visible text surfaces from this source page have private crop paths or explicit no-readable-surface notes; readable crops can then enter native OCR.,blocked_until_private_readable_crop_ocr_correction_and_manual_verification,source_link_only_until_rights_review_clears_reuse,1,0
cwa-ingredient-priority-v1,cwa_ingredient_packet_a1563afe4d2e7f,32,snickers_bar,Snickers Bar,dense_lineage_first,1939-2002,5,1990,cwa_capture_round_02a80815c583,www.candywrapperarchive.com,https://www.candywrapperarchive.com/candy-collector/1990-snickers/,1990 Snickers Bar source page,5,2,3,cwa_surface_a6477149445aae,cwa_surface_e3714d96bab61d,cwa_surface_a6477149445aae;cwa_surface_e3714d96bab61d;cwa_surface_ead351a7a4d78f;cwa_surface_4775897b347a03;cwa_surface_465c368200d499,20,ingredient_panel;nutrition_panel;wrapper_back_or_side;net_weight;maker_or_date,5,0,0,"Open this source page once, privately crop ingredient and nutrition panels first, then capture supporting back/side, weight, and maker/date text if visible.",All visible text surfaces from this source page have private crop paths or explicit no-readable-surface notes; readable crops can then enter native OCR.,blocked_until_private_readable_crop_ocr_correction_and_manual_verification,source_link_only_until_rights_review_clears_reuse,1,0
cwa-ingredient-priority-v1,cwa_ingredient_packet_08f3def6d53b44,33,snickers_bar,Snickers Bar,dense_lineage_first,1939-2002,6,2002,cwa_capture_round_285ef8c63644,www.candywrapperarchive.com,https://www.candywrapperarchive.com/candy-collector/2002-snickers/,2002 Snickers Bar source page,5,2,3,cwa_surface_2dbeb6865b0619,cwa_surface_613bc14d10a5a3,cwa_surface_2dbeb6865b0619;cwa_surface_613bc14d10a5a3;cwa_surface_0e9c22e3513a65;cwa_surface_b40cbee5e72ca6;cwa_surface_933811479ce0cf,20,ingredient_panel;nutrition_panel;wrapper_back_or_side;net_weight;maker_or_date,5,0,0,"Open this source page once, privately crop ingredient and nutrition panels first, then capture supporting back/side, weight, and maker/date text if visible.",All visible text surfaces from this source page have private crop paths or explicit no-readable-surface notes; readable crops can then enter native OCR.,blocked_until_private_readable_crop_ocr_correction_and_manual_verification,source_link_only_until_rights_review_clears_reuse,1,0
cwa-ingredient-priority-v1,cwa_ingredient_packet_4cdf0ea6ee12b6,34,mms_milk_chocolate,M&M's Milk Chocolate Candies,multi_era_lineage,1970s-1998,1,1970s,cwa_capture_round_aa2b495293ec,www.candywrapperarchive.com,https://www.candywrapperarchive.com/candy-collector/1970s-mms/,1970s M&M's Milk Chocolate Candies source page,5,2,3,cwa_surface_8dc0fb5d539b02,cwa_surface_62bfa9b9b015d9,cwa_surface_8dc0fb5d539b02;cwa_surface_62bfa9b9b015d9;cwa_surface_a1b2a3e2c92e42;cwa_surface_f4f7f01caffd86;cwa_surface_c55224eaf3dffe,20,ingredient_panel;nutrition_panel;wrapper_back_or_side;net_weight;maker_or_date,5,0,0,"Open this source page once, privately crop ingredient and nutrition panels first, then capture supporting back/side, weight, and maker/date text if visible.",All visible text surfaces from this source page have private crop paths or explicit no-readable-surface notes; readable crops can then enter native OCR.,blocked_until_private_readable_crop_ocr_correction_and_manual_verification,source_link_only_until_rights_review_clears_reuse,1,0
cwa-ingredient-priority-v1,cwa_ingredient_packet_6d2be6c2f70415,35,mms_milk_chocolate,M&M's Milk Chocolate Candies,multi_era_lineage,1970s-1998,2,1997,cwa_capture_round_348bdfa9cb4c,www.candywrapperarchive.com,https://www.candywrapperarchive.com/candy-collector/1997-mm/,1997 M&M's Milk Chocolate Candies source page,5,2,3,cwa_surface_99c51d14dc8f89,cwa_surface_b85fe5b69365d6,cwa_surface_99c51d14dc8f89;cwa_surface_b85fe5b69365d6;cwa_surface_26b9ad647ef323;cwa_surface_a8ebd760ac4a2f;cwa_surface_2c179e3fec3e7a,20,ingredient_panel;nutrition_panel;wrapper_back_or_side;net_weight;maker_or_date,5,0,0,"Open this source page once, privately crop ingredient and nutrition panels first, then capture supporting back/side, weight, and maker/date text if visible.",All visible text surfaces from this source page have private crop paths or explicit no-readable-surface notes; readable crops can then enter native OCR.,blocked_until_private_readable_crop_ocr_correction_and_manual_verification,source_link_only_until_rights_review_clears_reuse,1,0
cwa-ingredient-priority-v1,cwa_ingredient_packet_884f8d837cfd2e,36,mms_milk_chocolate,M&M's Milk Chocolate Candies,multi_era_lineage,1970s-1998,3,1997,cwa_capture_round_fe755a01a3e0,www.candywrapperarchive.com,https://www.candywrapperarchive.com/candy-collector/1997-mm-2/,1997 M&M's Milk Chocolate Candies source page,5,2,3,cwa_surface_95418c2d5cbfcb,cwa_surface_c879eeaf5fa25b,cwa_surface_95418c2d5cbfcb;cwa_surface_c879eeaf5fa25b;cwa_surface_930f70821f7eea;cwa_surface_e62dc30c513726;cwa_surface_c6724e841ef848,20,ingredient_panel;nutrition_panel;wrapper_back_or_side;net_weight;maker_or_date,5,0,0,"Open this source page once, privately crop ingredient and nutrition panels first, then capture supporting back/side, weight, and maker/date text if visible.",All visible text surfaces from this source page have private crop paths or explicit no-readable-surface notes; readable crops can then enter native OCR.,blocked_until_private_readable_crop_ocr_correction_and_manual_verification,source_link_only_until_rights_review_clears_reuse,1,0
cwa-ingredient-priority-v1,cwa_ingredient_packet_9e67f67ffedb0d,37,mms_milk_chocolate,M&M's Milk Chocolate Candies,multi_era_lineage,1970s-1998,4,1998,cwa_capture_round_340f34a25f9d,www.candywrapperarchive.com,https://www.candywrapperarchive.com/candy-collector/1998-mm-2/,1998 M&M's Milk Chocolate Candies source page,5,2,3,cwa_surface_568648b4da5d7c,cwa_surface_6c578dd8b244f1,cwa_surface_568648b4da5d7c;cwa_surface_6c578dd8b244f1;cwa_surface_fa28792de5e367;cwa_surface_f66edea2ad6a49;cwa_surface_698b688b1d43a8,20,ingredient_panel;nutrition_panel;wrapper_back_or_side;net_weight;maker_or_date,5,0,0,"Open this source page once, privately crop ingredient and nutrition panels first, then capture supporting back/side, weight, and maker/date text if visible.",All visible text surfaces from this source page have private crop paths or explicit no-readable-surface notes; readable crops can then enter native OCR.,blocked_until_private_readable_crop_ocr_correction_and_manual_verification,source_link_only_until_rights_review_clears_reuse,1,0
cwa-ingredient-priority-v1,cwa_ingredient_packet_65274b9298d3e2,38,mms_milk_chocolate,M&M's Milk Chocolate Candies,multi_era_lineage,1970s-1998,5,1998,cwa_capture_round_f95397fbf1e3,www.candywrapperarchive.com,https://www.candywrapperarchive.com/candy-collector/1998-mm/,1998 M&M's Milk Chocolate Candies source page,5,2,3,cwa_surface_d5471e5d5c6dad,cwa_surface_7db09efff9edaa,cwa_surface_d5471e5d5c6dad;cwa_surface_7db09efff9edaa;cwa_surface_5058b493b5c41e;cwa_surface_99ba5d8cc4996e;cwa_surface_795133b9e322a3,20,ingredient_panel;nutrition_panel;wrapper_back_or_side;net_weight;maker_or_date,5,0,0,"Open this source page once, privately crop ingredient and nutrition panels first, then capture supporting back/side, weight, and maker/date text if visible.",All visible text surfaces from this source page have private crop paths or explicit no-readable-surface notes; readable crops can then enter native OCR.,blocked_until_private_readable_crop_ocr_correction_and_manual_verification,source_link_only_until_rights_review_clears_reuse,1,0
cwa-ingredient-priority-v1,cwa_ingredient_packet_74790ccfbe4be3,39,twix_bar,Twix Bar,multi_era_lineage,2002-2009,1,2002,cwa_capture_round_69620a04a690,www.candywrapperarchive.com,https://www.candywrapperarchive.com/candy-collector/2002-twix/,2002 Twix Bar source page,5,2,3,cwa_surface_b6e5c38cc2e1bf,cwa_surface_f324b07b327ad4,cwa_surface_b6e5c38cc2e1bf;cwa_surface_f324b07b327ad4;cwa_surface_faa5426400cac4;cwa_surface_71951761ca84db;cwa_surface_4cba60f56e6055,20,ingredient_panel;nutrition_panel;wrapper_back_or_side;net_weight;maker_or_date,5,0,0,"Open this source page once, privately crop ingredient and nutrition panels first, then capture supporting back/side, weight, and maker/date text if visible.",All visible text surfaces from this source page have private crop paths or explicit no-readable-surface notes; readable crops can then enter native OCR.,blocked_until_private_readable_crop_ocr_correction_and_manual_verification,source_link_only_until_rights_review_clears_reuse,1,0
cwa-ingredient-priority-v1,cwa_ingredient_packet_66923432543be1,40,twix_bar,Twix Bar,multi_era_lineage,2002-2009,2,2003,cwa_capture_round_a6483cf04976,www.candywrapperarchive.com,https://www.candywrapperarchive.com/candy-collector/2003-twix/,2003 Twix Bar source page,5,2,3,cwa_surface_02060dc6674c5b,cwa_surface_67c99e96069204,cwa_surface_02060dc6674c5b;cwa_surface_67c99e96069204;cwa_surface_15a2bb8f567166;cwa_surface_1e344b8f5f6efa;cwa_surface_87f2c572a6157e,20,ingredient_panel;nutrition_panel;wrapper_back_or_side;net_weight;maker_or_date,5,0,0,"Open this source page once, privately crop ingredient and nutrition panels first, then capture supporting back/side, weight, and maker/date text if visible.",All visible text surfaces from this source page have private crop paths or explicit no-readable-surface notes; readable crops can then enter native OCR.,blocked_until_private_readable_crop_ocr_correction_and_manual_verification,source_link_only_until_rights_review_clears_reuse,1,0
cwa-ingredient-priority-v1,cwa_ingredient_packet_72b087d6b7d783,41,twix_bar,Twix Bar,multi_era_lineage,2002-2009,3,2004,cwa_capture_round_ad0bd9112f5e,www.candywrapperarchive.com,https://www.candywrapperarchive.com/candy-collector/2004-twix/,2004 Twix Bar source page,5,2,3,cwa_surface_8f518af067429f,cwa_surface_9b33382958d1ea,cwa_surface_8f518af067429f;cwa_surface_9b33382958d1ea;cwa_surface_a9707d2f2ca1fa;cwa_surface_dce1b79fb2af05;cwa_surface_b798d10d327293,20,ingredient_panel;nutrition_panel;wrapper_back_or_side;net_weight;maker_or_date,5,0,0,"Open this source page once, privately crop ingredient and nutrition panels first, then capture supporting back/side, weight, and maker/date text if visible.",All visible text surfaces from this source page have private crop paths or explicit no-readable-surface notes; readable crops can then enter native OCR.,blocked_until_private_readable_crop_ocr_correction_and_manual_verification,source_link_only_until_rights_review_clears_reuse,1,0
cwa-ingredient-priority-v1,cwa_ingredient_packet_5be1acafa1de79,42,twix_bar,Twix Bar,multi_era_lineage,2002-2009,4,2006,cwa_capture_round_1ae89ad91df6,www.candywrapperarchive.com,https://www.candywrapperarchive.com/candy-collector/2006-twix/,2006 Twix Bar source page,5,2,3,cwa_surface_81023ee04705fc,cwa_surface_93bed4d1ea3a35,cwa_surface_81023ee04705fc;cwa_surface_93bed4d1ea3a35;cwa_surface_d8faa2b4f2e4b1;cwa_surface_f69bd222a3cf18;cwa_surface_9f41dd9f1d02a6,20,ingredient_panel;nutrition_panel;wrapper_back_or_side;net_weight;maker_or_date,5,0,0,"Open this source page once, privately crop ingredient and nutrition panels first, then capture supporting back/side, weight, and maker/date text if visible.",All visible text surfaces from this source page have private crop paths or explicit no-readable-surface notes; readable crops can then enter native OCR.,blocked_until_private_readable_crop_ocr_correction_and_manual_verification,source_link_only_until_rights_review_clears_reuse,1,0
cwa-ingredient-priority-v1,cwa_ingredient_packet_4022824844b592,43,twix_bar,Twix Bar,multi_era_lineage,2002-2009,5,2009,cwa_capture_round_da74e4fe16fb,www.candywrapperarchive.com,https://www.candywrapperarchive.com/candy-collector/2009-twix/,2009 Twix Bar source page,5,2,3,cwa_surface_0585d4e30f6f50,cwa_surface_0210700701d6c4,cwa_surface_0585d4e30f6f50;cwa_surface_0210700701d6c4;cwa_surface_291dce842d172f;cwa_surface_8f9a9fc3a1b6c6;cwa_surface_3cc708340b75de,20,ingredient_panel;nutrition_panel;wrapper_back_or_side;net_weight;maker_or_date,5,0,0,"Open this source page once, privately crop ingredient and nutrition panels first, then capture supporting back/side, weight, and maker/date text if visible.",All visible text surfaces from this source page have private crop paths or explicit no-readable-surface notes; readable crops can then enter native OCR.,blocked_until_private_readable_crop_ocr_correction_and_manual_verification,source_link_only_until_rights_review_clears_reuse,1,0
cwa-ingredient-priority-v1,cwa_ingredient_packet_2280a6b4f9504b,44,milky_way_bar,Milky Way Bar,multi_era_lineage,1939-1958,1,1939,cwa_capture_round_47744bc31a5f,www.candywrapperarchive.com,https://www.candywrapperarchive.com/candy-collector/1939-milky-way/,1939 Milky Way Bar source page,5,2,3,cwa_surface_5a48f033a35336,cwa_surface_e0689e7367773f,cwa_surface_5a48f033a35336;cwa_surface_e0689e7367773f;cwa_surface_c36c11d70f27e4;cwa_surface_f55c36335f9fe6;cwa_surface_d4661fffdb23d8,20,ingredient_panel;nutrition_panel;wrapper_back_or_side;net_weight;maker_or_date,5,0,0,"Open this source page once, privately crop ingredient and nutrition panels first, then capture supporting back/side, weight, and maker/date text if visible.",All visible text surfaces from this source page have private crop paths or explicit no-readable-surface notes; readable crops can then enter native OCR.,blocked_until_private_readable_crop_ocr_correction_and_manual_verification,source_link_only_until_rights_review_clears_reuse,1,0
cwa-ingredient-priority-v1,cwa_ingredient_packet_b0bb8fbc2d7235,45,milky_way_bar,Milky Way Bar,multi_era_lineage,1939-1958,2,1940s,cwa_capture_round_769541b1c79e,www.candywrapperarchive.com,https://www.candywrapperarchive.com/candy-collector/1940s-milky-way/,1940s Milky Way Bar source page,5,2,3,cwa_surface_2b0aae0585a04d,cwa_surface_a3e0ab382b961f,cwa_surface_2b0aae0585a04d;cwa_surface_a3e0ab382b961f;cwa_surface_a4a787a1e450d2;cwa_surface_a725c05e9f4def;cwa_surface_8e56fc4e289f5e,20,ingredient_panel;nutrition_panel;wrapper_back_or_side;net_weight;maker_or_date,5,0,0,"Open this source page once, privately crop ingredient and nutrition panels first, then capture supporting back/side, weight, and maker/date text if visible.",All visible text surfaces from this source page have private crop paths or explicit no-readable-surface notes; readable crops can then enter native OCR.,blocked_until_private_readable_crop_ocr_correction_and_manual_verification,source_link_only_until_rights_review_clears_reuse,1,0
cwa-ingredient-priority-v1,cwa_ingredient_packet_52c47e15c1d0c1,46,milky_way_bar,Milky Way Bar,multi_era_lineage,1939-1958,3,1950s,cwa_capture_round_c651fff27a75,www.candywrapperarchive.com,https://www.candywrapperarchive.com/candy-collector/1950s-milky-way-2/,1950s Milky Way Bar source page,5,2,3,cwa_surface_f023592a204d58,cwa_surface_4efead8bf070d8,cwa_surface_f023592a204d58;cwa_surface_4efead8bf070d8;cwa_surface_d39d479b3a31c4;cwa_surface_96e6b8aab86d7f;cwa_surface_f0eaac8891e425,20,ingredient_panel;nutrition_panel;wrapper_back_or_side;net_weight;maker_or_date,5,0,0,"Open this source page once, privately crop ingredient and nutrition panels first, then capture supporting back/side, weight, and maker/date text if visible.",All visible text surfaces from this source page have private crop paths or explicit no-readable-surface notes; readable crops can then enter native OCR.,blocked_until_private_readable_crop_ocr_correction_and_manual_verification,source_link_only_until_rights_review_clears_reuse,1,0
cwa-ingredient-priority-v1,cwa_ingredient_packet_e06e18ec457cbe,47,milky_way_bar,Milky Way Bar,multi_era_lineage,1939-1958,4,1958,cwa_capture_round_e4cc1da5f5f2,www.candywrapperarchive.com,https://www.candywrapperarchive.com/candy-collector/1958-milky-way/,1958 Milky Way Bar source page,5,2,3,cwa_surface_0ab1fa13406e1c,cwa_surface_807938cb91b298,cwa_surface_0ab1fa13406e1c;cwa_surface_807938cb91b298;cwa_surface_b2c7150f78c65a;cwa_surface_4db8632b35baec;cwa_surface_e954f7f9a6fa9b,20,ingredient_panel;nutrition_panel;wrapper_back_or_side;net_weight;maker_or_date,5,0,0,"Open this source page once, privately crop ingredient and nutrition panels first, then capture supporting back/side, weight, and maker/date text if visible.",All visible text surfaces from this source page have private crop paths or explicit no-readable-surface notes; readable crops can then enter native OCR.,blocked_until_private_readable_crop_ocr_correction_and_manual_verification,source_link_only_until_rights_review_clears_reuse,1,0
cwa-ingredient-priority-v1,cwa_ingredient_packet_35c7db6a33734d,48,tootsie_roll,Tootsie Roll,promising_lineage,1940s-1960s,1,1940s,cwa_capture_round_08d575d24077,www.candywrapperarchive.com,https://www.candywrapperarchive.com/candy-collector/1940s-tootsie-roll/,1940s Tootsie Roll source page,5,2,3,cwa_surface_57f51deff42155,cwa_surface_11819d5ae00d9a,cwa_surface_57f51deff42155;cwa_surface_11819d5ae00d9a;cwa_surface_0983b1dc6c200b;cwa_surface_18ca5e35923239;cwa_surface_93ddb7db9330d3,20,ingredient_panel;nutrition_panel;wrapper_back_or_side;net_weight;maker_or_date,5,0,0,"Open this source page once, privately crop ingredient and nutrition panels first, then capture supporting back/side, weight, and maker/date text if visible.",All visible text surfaces from this source page have private crop paths or explicit no-readable-surface notes; readable crops can then enter native OCR.,blocked_until_private_readable_crop_ocr_correction_and_manual_verification,source_link_only_until_rights_review_clears_reuse,1,0
cwa-ingredient-priority-v1,cwa_ingredient_packet_8e084e5c1cb0c4,49,tootsie_roll,Tootsie Roll,promising_lineage,1940s-1960s,2,1960s,cwa_capture_round_c5c40cd1a490,www.candywrapperarchive.com,https://www.candywrapperarchive.com/candy-collector/1960s-tootsie-roll-2/,1960s Tootsie Roll source page,5,2,3,cwa_surface_4e5de5a4d0e4a5,cwa_surface_922af5c7f3fe46,cwa_surface_4e5de5a4d0e4a5;cwa_surface_922af5c7f3fe46;cwa_surface_7a826dce263078;cwa_surface_47f124230e743a;cwa_surface_2ad0cdabf951b2,20,ingredient_panel;nutrition_panel;wrapper_back_or_side;net_weight;maker_or_date,5,0,0,"Open this source page once, privately crop ingredient and nutrition panels first, then capture supporting back/side, weight, and maker/date text if visible.",All visible text surfaces from this source page have private crop paths or explicit no-readable-surface notes; readable crops can then enter native OCR.,blocked_until_private_readable_crop_ocr_correction_and_manual_verification,source_link_only_until_rights_review_clears_reuse,1,0
