run_id,evidence_id,product_id,product_name,vintage_label,source_domain,proof_lane,proof_lane_rank,ocr_status,processor,failure_reason,image_sha256,line_count,ingredient_signal_found,ingredient_signal_line_count,average_confidence,private_image_present,candidate_only,manual_verified
confection-wrapper-item-panel-v1,cwa_item_triage_tootsie_roll_69b1a8d3ec,tootsie_roll,Tootsie Roll,1940s,www.candywrapperarchive.com,,,ocr_skipped_no_image,not_run,no_private_image_map_entry,,0,0,0,,0,1,0
confection-wrapper-item-panel-v1,cwa_item_triage_tootsie_roll_d437c83146,tootsie_roll,Tootsie Roll,1960s,www.candywrapperarchive.com,,,ocr_skipped_no_image,not_run,no_private_image_map_entry,,0,0,0,,0,1,0
confection-wrapper-item-panel-v1,cwa_item_triage_kit_kat_bar_2a96c86c14,kit_kat_bar,Kit Kat Bar,1970s,www.candywrapperarchive.com,,,ocr_skipped_no_image,not_run,no_private_image_map_entry,,0,0,0,,0,1,0
confection-wrapper-item-panel-v1,cwa_item_triage_kit_kat_bar_cc86c0713b,kit_kat_bar,Kit Kat Bar,1960s,www.candywrapperarchive.com,,,ocr_skipped_no_image,not_run,no_private_image_map_entry,,0,0,0,,0,1,0
confection-wrapper-item-panel-v1,cwa_item_triage_milky_way_bar_5b9a6ac660,milky_way_bar,Milky Way Bar,1939,www.candywrapperarchive.com,,,ocr_skipped_no_image,not_run,no_private_image_map_entry,,0,0,0,,0,1,0
confection-wrapper-item-panel-v1,cwa_item_triage_milky_way_bar_95738b0020,milky_way_bar,Milky Way Bar,1940s,www.candywrapperarchive.com,,,ocr_skipped_no_image,not_run,no_private_image_map_entry,,0,0,0,,0,1,0
confection-wrapper-item-panel-v1,cwa_item_triage_snickers_bar_cb2b9d2221,snickers_bar,Snickers Bar,1939,www.candywrapperarchive.com,,,ocr_skipped_no_image,not_run,no_private_image_map_entry,,0,0,0,,0,1,0
confection-wrapper-item-panel-v1,cwa_item_triage_snickers_bar_e0fe0f670b,snickers_bar,Snickers Bar,1940s,www.candywrapperarchive.com,,,ocr_skipped_no_image,not_run,no_private_image_map_entry,,0,0,0,,0,1,0
confection-wrapper-item-panel-v1,cwa_item_triage_twix_bar_1f274f01fe,twix_bar,Twix Bar,2003,www.candywrapperarchive.com,,,ocr_skipped_no_image,not_run,no_private_image_map_entry,,0,0,0,,0,1,0
confection-wrapper-item-panel-v1,cwa_item_triage_twix_bar_6267499e6b,twix_bar,Twix Bar,2002,www.candywrapperarchive.com,,,ocr_skipped_no_image,not_run,no_private_image_map_entry,,0,0,0,,0,1,0
confection-wrapper-item-panel-v1,cwa_item_triage_kit_kat_bar_048074b72f,kit_kat_bar,Kit Kat Bar,2002,www.candywrapperarchive.com,,,ocr_skipped_no_image,not_run,no_private_image_map_entry,,0,0,0,,0,1,0
confection-wrapper-item-panel-v1,cwa_item_triage_kit_kat_bar_7d8d5f75c1,kit_kat_bar,Kit Kat Bar,2007,www.candywrapperarchive.com,,,ocr_skipped_no_image,not_run,no_private_image_map_entry,,0,0,0,,0,1,0
confection-wrapper-item-panel-v1,cwa_item_triage_kit_kat_bar_b6403000eb,kit_kat_bar,Kit Kat Bar,2000,www.candywrapperarchive.com,,,ocr_skipped_no_image,not_run,no_private_image_map_entry,,0,0,0,,0,1,0
confection-wrapper-item-panel-v1,cwa_item_triage_kit_kat_bar_c130111192,kit_kat_bar,Kit Kat Bar,2006,www.candywrapperarchive.com,,,ocr_skipped_no_image,not_run,no_private_image_map_entry,,0,0,0,,0,1,0
confection-wrapper-item-panel-v1,cwa_item_triage_milky_way_bar_522c99a44a,milky_way_bar,Milky Way Bar,1950s,www.candywrapperarchive.com,,,ocr_skipped_no_image,not_run,no_private_image_map_entry,,0,0,0,,0,1,0
confection-wrapper-item-panel-v1,cwa_item_triage_milky_way_bar_e949e52021,milky_way_bar,Milky Way Bar,1958,www.candywrapperarchive.com,,,ocr_skipped_no_image,not_run,no_private_image_map_entry,,0,0,0,,0,1,0
confection-wrapper-item-panel-v1,cwa_item_triage_snickers_bar_08d83cf3a3,snickers_bar,Snickers Bar,1983,www.candywrapperarchive.com,,,ocr_skipped_no_image,not_run,no_private_image_map_entry,,0,0,0,,0,1,0
confection-wrapper-item-panel-v1,cwa_item_triage_snickers_bar_0c0135e509,snickers_bar,Snickers Bar,1950s,www.candywrapperarchive.com,,,ocr_skipped_no_image,not_run,no_private_image_map_entry,,0,0,0,,0,1,0
confection-wrapper-item-panel-v1,cwa_item_triage_snickers_bar_161988f704,snickers_bar,Snickers Bar,2002,www.candywrapperarchive.com,,,ocr_skipped_no_image,not_run,no_private_image_map_entry,,0,0,0,,0,1,0
confection-wrapper-item-panel-v1,cwa_item_triage_snickers_bar_fcd9088312,snickers_bar,Snickers Bar,1990,www.candywrapperarchive.com,,,ocr_skipped_no_image,not_run,no_private_image_map_entry,,0,0,0,,0,1,0
confection-wrapper-item-panel-v1,cwa_item_triage_twix_bar_14f904c119,twix_bar,Twix Bar,2009,www.candywrapperarchive.com,,,ocr_skipped_no_image,not_run,no_private_image_map_entry,,0,0,0,,0,1,0
confection-wrapper-item-panel-v1,cwa_item_triage_twix_bar_7ae0543a5c,twix_bar,Twix Bar,2006,www.candywrapperarchive.com,,,ocr_skipped_no_image,not_run,no_private_image_map_entry,,0,0,0,,0,1,0
confection-wrapper-item-panel-v1,cwa_item_triage_twix_bar_c09c4471e1,twix_bar,Twix Bar,2004,www.candywrapperarchive.com,,,ocr_skipped_no_image,not_run,no_private_image_map_entry,,0,0,0,,0,1,0
confection-wrapper-item-panel-v1,cwa_item_triage_butterfinger_bar_5785e88263,butterfinger_bar,Butterfinger Bar,1930s,www.candywrapperarchive.com,,,ocr_skipped_no_image,not_run,no_private_image_map_entry,,0,0,0,,0,1,0
confection-wrapper-item-panel-v1,cwa_item_triage_butterfinger_bar_68efbe7b19,butterfinger_bar,Butterfinger Bar,1936,www.candywrapperarchive.com,,,ocr_skipped_no_image,not_run,no_private_image_map_entry,,0,0,0,,0,1,0
confection-wrapper-item-panel-v1,cwa_item_triage_hersheys_milk_chocolate_bar_231b7fb330,hersheys_milk_chocolate_bar,Hershey's Milk Chocolate Bar,1908,www.candywrapperarchive.com,,,ocr_skipped_no_image,not_run,no_private_image_map_entry,,0,0,0,,0,1,0
confection-wrapper-item-panel-v1,cwa_item_triage_hersheys_milk_chocolate_bar_cd1d18be4c,hersheys_milk_chocolate_bar,Hershey's Milk Chocolate Bar,1910,www.candywrapperarchive.com,,,ocr_skipped_no_image,not_run,no_private_image_map_entry,,0,0,0,,0,1,0
confection-wrapper-item-panel-v1,cwa_item_triage_mms_milk_chocolate_5e1f429701,mms_milk_chocolate,M&M's Milk Chocolate Candies,1997,www.candywrapperarchive.com,,,ocr_skipped_no_image,not_run,no_private_image_map_entry,,0,0,0,,0,1,0
confection-wrapper-item-panel-v1,cwa_item_triage_mms_milk_chocolate_d83e2731e3,mms_milk_chocolate,M&M's Milk Chocolate Candies,1970s,www.candywrapperarchive.com,,,ocr_skipped_no_image,not_run,no_private_image_map_entry,,0,0,0,,0,1,0
confection-wrapper-item-panel-v1,cwa_item_triage_reeses_peanut_butter_cups_16f603918d,reeses_peanut_butter_cups,Reese's Peanut Butter Cups,1940s,www.candywrapperarchive.com,,,ocr_skipped_no_image,not_run,no_private_image_map_entry,,0,0,0,,0,1,0
confection-wrapper-item-panel-v1,cwa_item_triage_reeses_peanut_butter_cups_230caf8f25,reeses_peanut_butter_cups,Reese's Peanut Butter Cups,1970s,www.candywrapperarchive.com,,,ocr_skipped_no_image,not_run,no_private_image_map_entry,,0,0,0,,0,1,0
confection-wrapper-item-panel-v1,cwa_item_triage_butterfinger_bar_2e6e39dbff,butterfinger_bar,Butterfinger Bar,1975,www.candywrapperarchive.com,,,ocr_skipped_no_image,not_run,no_private_image_map_entry,,0,0,0,,0,1,0
confection-wrapper-item-panel-v1,cwa_item_triage_butterfinger_bar_2f332a9dd7,butterfinger_bar,Butterfinger Bar,1950,www.candywrapperarchive.com,,,ocr_skipped_no_image,not_run,no_private_image_map_entry,,0,0,0,,0,1,0
confection-wrapper-item-panel-v1,cwa_item_triage_butterfinger_bar_a172a7e8d6,butterfinger_bar,Butterfinger Bar,1964,www.candywrapperarchive.com,,,ocr_skipped_no_image,not_run,no_private_image_map_entry,,0,0,0,,0,1,0
confection-wrapper-item-panel-v1,cwa_item_triage_butterfinger_bar_b2f39e327d,butterfinger_bar,Butterfinger Bar,2002,www.candywrapperarchive.com,,,ocr_skipped_no_image,not_run,no_private_image_map_entry,,0,0,0,,0,1,0
confection-wrapper-item-panel-v1,cwa_item_triage_butterfinger_bar_e1644c072c,butterfinger_bar,Butterfinger Bar,1980s,www.candywrapperarchive.com,,,ocr_skipped_no_image,not_run,no_private_image_map_entry,,0,0,0,,0,1,0
confection-wrapper-item-panel-v1,cwa_item_triage_butterfinger_bar_ede8d82563,butterfinger_bar,Butterfinger Bar,2009,www.candywrapperarchive.com,,,ocr_skipped_no_image,not_run,no_private_image_map_entry,,0,0,0,,0,1,0
confection-wrapper-item-panel-v1,cwa_item_triage_hersheys_milk_chocolate_bar_7f7eac522f,hersheys_milk_chocolate_bar,Hershey's Milk Chocolate Bar,1950s,www.candywrapperarchive.com,,,ocr_skipped_no_image,not_run,no_private_image_map_entry,,0,0,0,,0,1,0
confection-wrapper-item-panel-v1,cwa_item_triage_hersheys_milk_chocolate_bar_ac748c6882,hersheys_milk_chocolate_bar,Hershey's Milk Chocolate Bar,1930s,www.candywrapperarchive.com,,,ocr_skipped_no_image,not_run,no_private_image_map_entry,,0,0,0,,0,1,0
confection-wrapper-item-panel-v1,cwa_item_triage_hersheys_milk_chocolate_bar_b812edc4a8,hersheys_milk_chocolate_bar,Hershey's Milk Chocolate Bar,1940,www.candywrapperarchive.com,,,ocr_skipped_no_image,not_run,no_private_image_map_entry,,0,0,0,,0,1,0
confection-wrapper-item-panel-v1,cwa_item_triage_hersheys_milk_chocolate_bar_e8d47584d9,hersheys_milk_chocolate_bar,Hershey's Milk Chocolate Bar,1960s,www.candywrapperarchive.com,,,ocr_skipped_no_image,not_run,no_private_image_map_entry,,0,0,0,,0,1,0
confection-wrapper-item-panel-v1,cwa_item_triage_mms_milk_chocolate_5059214ea3,mms_milk_chocolate,M&M's Milk Chocolate Candies,1998,www.candywrapperarchive.com,,,ocr_skipped_no_image,not_run,no_private_image_map_entry,,0,0,0,,0,1,0
confection-wrapper-item-panel-v1,cwa_item_triage_mms_milk_chocolate_b41dc7b4eb,mms_milk_chocolate,M&M's Milk Chocolate Candies,1998,www.candywrapperarchive.com,,,ocr_skipped_no_image,not_run,no_private_image_map_entry,,0,0,0,,0,1,0
confection-wrapper-item-panel-v1,cwa_item_triage_mms_milk_chocolate_e4332f25df,mms_milk_chocolate,M&M's Milk Chocolate Candies,1997,www.candywrapperarchive.com,,,ocr_skipped_no_image,not_run,no_private_image_map_entry,,0,0,0,,0,1,0
confection-wrapper-item-panel-v1,cwa_item_triage_reeses_peanut_butter_cups_26454dd671,reeses_peanut_butter_cups,Reese's Peanut Butter Cups,2003,www.candywrapperarchive.com,,,ocr_skipped_no_image,not_run,no_private_image_map_entry,,0,0,0,,0,1,0
confection-wrapper-item-panel-v1,cwa_item_triage_reeses_peanut_butter_cups_4e00d21fa0,reeses_peanut_butter_cups,Reese's Peanut Butter Cups,2002,www.candywrapperarchive.com,,,ocr_skipped_no_image,not_run,no_private_image_map_entry,,0,0,0,,0,1,0
confection-wrapper-item-panel-v1,cwa_item_triage_reeses_peanut_butter_cups_71e56f2592,reeses_peanut_butter_cups,Reese's Peanut Butter Cups,2005,www.candywrapperarchive.com,,,ocr_skipped_no_image,not_run,no_private_image_map_entry,,0,0,0,,0,1,0
confection-wrapper-item-panel-v1,cwa_item_triage_reeses_peanut_butter_cups_977261d2e7,reeses_peanut_butter_cups,Reese's Peanut Butter Cups,1991,www.candywrapperarchive.com,,,ocr_skipped_no_image,not_run,no_private_image_map_entry,,0,0,0,,0,1,0
confection-wrapper-item-panel-v1,cwa_item_triage_reeses_peanut_butter_cups_ea9a77a40f,reeses_peanut_butter_cups,Reese's Peanut Butter Cups,1980s,www.candywrapperarchive.com,,,ocr_skipped_no_image,not_run,no_private_image_map_entry,,0,0,0,,0,1,0
