run_id,evidence_id,product_id,product_name,vintage_label,source_domain,source_url,source_type,ocr_gap_category,ocr_priority,capture_strategy,key_count,private_path_supplied,private_path_exists,extension_ok,audit_status,recommended_next_action,candidate_only,manual_verified
cwa-private-capture-round-1,cwa_surface_767db4d8302651,butterfinger_bar,Butterfinger Bar,1930s,www.candywrapperarchive.com,https://www.candywrapperarchive.com/candy-collector/1930s-butterfinger-2/,collection_item_candidate,panel_capture_needed,high,private_ingredient_panel_crop,4,0,0,0,no_private_path_supplied,"Capture or crop the source privately, then fill local_private_image_path or processed_private_image_path.",1,0
cwa-private-capture-round-1,cwa_surface_0fa1f3fc3def18,butterfinger_bar,Butterfinger Bar,1930s,www.candywrapperarchive.com,https://www.candywrapperarchive.com/candy-collector/1930s-butterfinger-2/,collection_item_candidate,panel_capture_needed,high,private_nutrition_panel_crop,4,0,0,0,no_private_path_supplied,"Capture or crop the source privately, then fill local_private_image_path or processed_private_image_path.",1,0
cwa-private-capture-round-1,cwa_surface_f1966b7ad04559,butterfinger_bar,Butterfinger Bar,1930s,www.candywrapperarchive.com,https://www.candywrapperarchive.com/candy-collector/1930s-butterfinger-2/,collection_item_candidate,readable_panel_photo_needed,medium,private_back_or_side_text_crop,4,0,0,0,no_private_path_supplied,"Capture or crop the source privately, then fill local_private_image_path or processed_private_image_path.",1,0
cwa-private-capture-round-1,cwa_surface_c6609fb9e7503a,butterfinger_bar,Butterfinger Bar,1930s,www.candywrapperarchive.com,https://www.candywrapperarchive.com/candy-collector/1930s-butterfinger-2/,collection_item_candidate,readable_panel_photo_needed,medium,private_net_weight_crop,4,0,0,0,no_private_path_supplied,"Capture or crop the source privately, then fill local_private_image_path or processed_private_image_path.",1,0
cwa-private-capture-round-1,cwa_surface_9fc6c5b91c315f,butterfinger_bar,Butterfinger Bar,1930s,www.candywrapperarchive.com,https://www.candywrapperarchive.com/candy-collector/1930s-butterfinger-2/,collection_item_candidate,readable_panel_photo_needed,medium,private_maker_or_date_crop,4,0,0,0,no_private_path_supplied,"Capture or crop the source privately, then fill local_private_image_path or processed_private_image_path.",1,0
cwa-private-capture-round-1,cwa_surface_fbc7199f53282a,butterfinger_bar,Butterfinger Bar,1930s,www.candywrapperarchive.com,https://www.candywrapperarchive.com/candy-collector/1930s-butterfinger-2/,collection_item_candidate,secondary_context_only,low,private_wrapper_front_context_crop,4,0,0,0,no_private_path_supplied,"Capture or crop the source privately, then fill local_private_image_path or processed_private_image_path.",1,0
cwa-private-capture-round-1,cwa_surface_0bbc4337dc4564,butterfinger_bar,Butterfinger Bar,1936,www.candywrapperarchive.com,https://www.candywrapperarchive.com/candy-collector/1936-butterfinger/,collection_item_candidate,panel_capture_needed,high,private_ingredient_panel_crop,4,0,0,0,no_private_path_supplied,"Capture or crop the source privately, then fill local_private_image_path or processed_private_image_path.",1,0
cwa-private-capture-round-1,cwa_surface_85b527f5d66f45,butterfinger_bar,Butterfinger Bar,1936,www.candywrapperarchive.com,https://www.candywrapperarchive.com/candy-collector/1936-butterfinger/,collection_item_candidate,panel_capture_needed,high,private_nutrition_panel_crop,4,0,0,0,no_private_path_supplied,"Capture or crop the source privately, then fill local_private_image_path or processed_private_image_path.",1,0
cwa-private-capture-round-1,cwa_surface_e8d7ac7f27dc98,butterfinger_bar,Butterfinger Bar,1936,www.candywrapperarchive.com,https://www.candywrapperarchive.com/candy-collector/1936-butterfinger/,collection_item_candidate,readable_panel_photo_needed,medium,private_back_or_side_text_crop,4,0,0,0,no_private_path_supplied,"Capture or crop the source privately, then fill local_private_image_path or processed_private_image_path.",1,0
cwa-private-capture-round-1,cwa_surface_2dda4fa260b335,butterfinger_bar,Butterfinger Bar,1936,www.candywrapperarchive.com,https://www.candywrapperarchive.com/candy-collector/1936-butterfinger/,collection_item_candidate,readable_panel_photo_needed,medium,private_net_weight_crop,4,0,0,0,no_private_path_supplied,"Capture or crop the source privately, then fill local_private_image_path or processed_private_image_path.",1,0
cwa-private-capture-round-1,cwa_surface_1a266a1bda2530,butterfinger_bar,Butterfinger Bar,1936,www.candywrapperarchive.com,https://www.candywrapperarchive.com/candy-collector/1936-butterfinger/,collection_item_candidate,readable_panel_photo_needed,medium,private_maker_or_date_crop,4,0,0,0,no_private_path_supplied,"Capture or crop the source privately, then fill local_private_image_path or processed_private_image_path.",1,0
cwa-private-capture-round-1,cwa_surface_523473bef5ffc3,butterfinger_bar,Butterfinger Bar,1936,www.candywrapperarchive.com,https://www.candywrapperarchive.com/candy-collector/1936-butterfinger/,collection_item_candidate,secondary_context_only,low,private_wrapper_front_context_crop,4,0,0,0,no_private_path_supplied,"Capture or crop the source privately, then fill local_private_image_path or processed_private_image_path.",1,0
cwa-private-capture-round-1,cwa_surface_315a5b902b0b49,butterfinger_bar,Butterfinger Bar,1950,www.candywrapperarchive.com,https://www.candywrapperarchive.com/candy-collector/1950-butterfinger-2/,collection_item_candidate,panel_capture_needed,high,private_ingredient_panel_crop,4,0,0,0,no_private_path_supplied,"Capture or crop the source privately, then fill local_private_image_path or processed_private_image_path.",1,0
cwa-private-capture-round-1,cwa_surface_2fea6a8307587c,butterfinger_bar,Butterfinger Bar,1950,www.candywrapperarchive.com,https://www.candywrapperarchive.com/candy-collector/1950-butterfinger-2/,collection_item_candidate,panel_capture_needed,high,private_nutrition_panel_crop,4,0,0,0,no_private_path_supplied,"Capture or crop the source privately, then fill local_private_image_path or processed_private_image_path.",1,0
cwa-private-capture-round-1,cwa_surface_d5b38cd3a27644,butterfinger_bar,Butterfinger Bar,1950,www.candywrapperarchive.com,https://www.candywrapperarchive.com/candy-collector/1950-butterfinger-2/,collection_item_candidate,readable_panel_photo_needed,medium,private_back_or_side_text_crop,4,0,0,0,no_private_path_supplied,"Capture or crop the source privately, then fill local_private_image_path or processed_private_image_path.",1,0
cwa-private-capture-round-1,cwa_surface_39a22e990777e4,butterfinger_bar,Butterfinger Bar,1950,www.candywrapperarchive.com,https://www.candywrapperarchive.com/candy-collector/1950-butterfinger-2/,collection_item_candidate,readable_panel_photo_needed,medium,private_net_weight_crop,4,0,0,0,no_private_path_supplied,"Capture or crop the source privately, then fill local_private_image_path or processed_private_image_path.",1,0
cwa-private-capture-round-1,cwa_surface_5f4a0145e4ce5d,butterfinger_bar,Butterfinger Bar,1950,www.candywrapperarchive.com,https://www.candywrapperarchive.com/candy-collector/1950-butterfinger-2/,collection_item_candidate,readable_panel_photo_needed,medium,private_maker_or_date_crop,4,0,0,0,no_private_path_supplied,"Capture or crop the source privately, then fill local_private_image_path or processed_private_image_path.",1,0
cwa-private-capture-round-1,cwa_surface_4e7dd0bfef677d,butterfinger_bar,Butterfinger Bar,1950,www.candywrapperarchive.com,https://www.candywrapperarchive.com/candy-collector/1950-butterfinger-2/,collection_item_candidate,secondary_context_only,low,private_wrapper_front_context_crop,4,0,0,0,no_private_path_supplied,"Capture or crop the source privately, then fill local_private_image_path or processed_private_image_path.",1,0
cwa-private-capture-round-1,cwa_surface_b108ac1c3a5605,butterfinger_bar,Butterfinger Bar,1964,www.candywrapperarchive.com,https://www.candywrapperarchive.com/candy-collector/1964-butterfinger/,collection_item_candidate,panel_capture_needed,high,private_ingredient_panel_crop,4,0,0,0,no_private_path_supplied,"Capture or crop the source privately, then fill local_private_image_path or processed_private_image_path.",1,0
cwa-private-capture-round-1,cwa_surface_f3a7c2b20dce6c,butterfinger_bar,Butterfinger Bar,1964,www.candywrapperarchive.com,https://www.candywrapperarchive.com/candy-collector/1964-butterfinger/,collection_item_candidate,panel_capture_needed,high,private_nutrition_panel_crop,4,0,0,0,no_private_path_supplied,"Capture or crop the source privately, then fill local_private_image_path or processed_private_image_path.",1,0
cwa-private-capture-round-1,cwa_surface_662457f4880dde,butterfinger_bar,Butterfinger Bar,1964,www.candywrapperarchive.com,https://www.candywrapperarchive.com/candy-collector/1964-butterfinger/,collection_item_candidate,readable_panel_photo_needed,medium,private_back_or_side_text_crop,4,0,0,0,no_private_path_supplied,"Capture or crop the source privately, then fill local_private_image_path or processed_private_image_path.",1,0
cwa-private-capture-round-1,cwa_surface_af9c83352c09cf,butterfinger_bar,Butterfinger Bar,1964,www.candywrapperarchive.com,https://www.candywrapperarchive.com/candy-collector/1964-butterfinger/,collection_item_candidate,readable_panel_photo_needed,medium,private_net_weight_crop,4,0,0,0,no_private_path_supplied,"Capture or crop the source privately, then fill local_private_image_path or processed_private_image_path.",1,0
cwa-private-capture-round-1,cwa_surface_dff3ea568623c9,butterfinger_bar,Butterfinger Bar,1964,www.candywrapperarchive.com,https://www.candywrapperarchive.com/candy-collector/1964-butterfinger/,collection_item_candidate,readable_panel_photo_needed,medium,private_maker_or_date_crop,4,0,0,0,no_private_path_supplied,"Capture or crop the source privately, then fill local_private_image_path or processed_private_image_path.",1,0
cwa-private-capture-round-1,cwa_surface_39c3ccb44d45d4,butterfinger_bar,Butterfinger Bar,1964,www.candywrapperarchive.com,https://www.candywrapperarchive.com/candy-collector/1964-butterfinger/,collection_item_candidate,secondary_context_only,low,private_wrapper_front_context_crop,4,0,0,0,no_private_path_supplied,"Capture or crop the source privately, then fill local_private_image_path or processed_private_image_path.",1,0
cwa-private-capture-round-1,cwa_surface_a27981d874d242,butterfinger_bar,Butterfinger Bar,1975,www.candywrapperarchive.com,https://www.candywrapperarchive.com/candy-collector/1975-butterfinger/,collection_item_candidate,panel_capture_needed,high,private_ingredient_panel_crop,4,0,0,0,no_private_path_supplied,"Capture or crop the source privately, then fill local_private_image_path or processed_private_image_path.",1,0
cwa-private-capture-round-1,cwa_surface_7083323df9afa3,butterfinger_bar,Butterfinger Bar,1975,www.candywrapperarchive.com,https://www.candywrapperarchive.com/candy-collector/1975-butterfinger/,collection_item_candidate,panel_capture_needed,high,private_nutrition_panel_crop,4,0,0,0,no_private_path_supplied,"Capture or crop the source privately, then fill local_private_image_path or processed_private_image_path.",1,0
cwa-private-capture-round-1,cwa_surface_3f643761e91edb,butterfinger_bar,Butterfinger Bar,1975,www.candywrapperarchive.com,https://www.candywrapperarchive.com/candy-collector/1975-butterfinger/,collection_item_candidate,readable_panel_photo_needed,medium,private_back_or_side_text_crop,4,0,0,0,no_private_path_supplied,"Capture or crop the source privately, then fill local_private_image_path or processed_private_image_path.",1,0
cwa-private-capture-round-1,cwa_surface_533351221efe15,butterfinger_bar,Butterfinger Bar,1975,www.candywrapperarchive.com,https://www.candywrapperarchive.com/candy-collector/1975-butterfinger/,collection_item_candidate,readable_panel_photo_needed,medium,private_net_weight_crop,4,0,0,0,no_private_path_supplied,"Capture or crop the source privately, then fill local_private_image_path or processed_private_image_path.",1,0
cwa-private-capture-round-1,cwa_surface_edac318f4c4910,butterfinger_bar,Butterfinger Bar,1975,www.candywrapperarchive.com,https://www.candywrapperarchive.com/candy-collector/1975-butterfinger/,collection_item_candidate,readable_panel_photo_needed,medium,private_maker_or_date_crop,4,0,0,0,no_private_path_supplied,"Capture or crop the source privately, then fill local_private_image_path or processed_private_image_path.",1,0
cwa-private-capture-round-1,cwa_surface_0bbb78bac2d966,butterfinger_bar,Butterfinger Bar,1975,www.candywrapperarchive.com,https://www.candywrapperarchive.com/candy-collector/1975-butterfinger/,collection_item_candidate,secondary_context_only,low,private_wrapper_front_context_crop,4,0,0,0,no_private_path_supplied,"Capture or crop the source privately, then fill local_private_image_path or processed_private_image_path.",1,0
cwa-private-capture-round-1,cwa_surface_e4b0c437349a05,butterfinger_bar,Butterfinger Bar,1980s,www.candywrapperarchive.com,https://www.candywrapperarchive.com/candy-collector/1980s-butterfinger/,collection_item_candidate,panel_capture_needed,high,private_ingredient_panel_crop,4,0,0,0,no_private_path_supplied,"Capture or crop the source privately, then fill local_private_image_path or processed_private_image_path.",1,0
cwa-private-capture-round-1,cwa_surface_62e3763a7e3887,butterfinger_bar,Butterfinger Bar,1980s,www.candywrapperarchive.com,https://www.candywrapperarchive.com/candy-collector/1980s-butterfinger/,collection_item_candidate,panel_capture_needed,high,private_nutrition_panel_crop,4,0,0,0,no_private_path_supplied,"Capture or crop the source privately, then fill local_private_image_path or processed_private_image_path.",1,0
cwa-private-capture-round-1,cwa_surface_2d88ec61ab4d9a,butterfinger_bar,Butterfinger Bar,1980s,www.candywrapperarchive.com,https://www.candywrapperarchive.com/candy-collector/1980s-butterfinger/,collection_item_candidate,readable_panel_photo_needed,medium,private_back_or_side_text_crop,4,0,0,0,no_private_path_supplied,"Capture or crop the source privately, then fill local_private_image_path or processed_private_image_path.",1,0
cwa-private-capture-round-1,cwa_surface_843a80b4cd632f,butterfinger_bar,Butterfinger Bar,1980s,www.candywrapperarchive.com,https://www.candywrapperarchive.com/candy-collector/1980s-butterfinger/,collection_item_candidate,readable_panel_photo_needed,medium,private_net_weight_crop,4,0,0,0,no_private_path_supplied,"Capture or crop the source privately, then fill local_private_image_path or processed_private_image_path.",1,0
cwa-private-capture-round-1,cwa_surface_3f27e58a13dc04,butterfinger_bar,Butterfinger Bar,1980s,www.candywrapperarchive.com,https://www.candywrapperarchive.com/candy-collector/1980s-butterfinger/,collection_item_candidate,readable_panel_photo_needed,medium,private_maker_or_date_crop,4,0,0,0,no_private_path_supplied,"Capture or crop the source privately, then fill local_private_image_path or processed_private_image_path.",1,0
cwa-private-capture-round-1,cwa_surface_468615091e8dd9,butterfinger_bar,Butterfinger Bar,1980s,www.candywrapperarchive.com,https://www.candywrapperarchive.com/candy-collector/1980s-butterfinger/,collection_item_candidate,secondary_context_only,low,private_wrapper_front_context_crop,4,0,0,0,no_private_path_supplied,"Capture or crop the source privately, then fill local_private_image_path or processed_private_image_path.",1,0
cwa-private-capture-round-1,cwa_surface_113a349e131807,butterfinger_bar,Butterfinger Bar,2002,www.candywrapperarchive.com,https://www.candywrapperarchive.com/candy-collector/2002-butterfinger/,collection_item_candidate,panel_capture_needed,high,private_ingredient_panel_crop,4,0,0,0,no_private_path_supplied,"Capture or crop the source privately, then fill local_private_image_path or processed_private_image_path.",1,0
cwa-private-capture-round-1,cwa_surface_767b2f0f2c4ca5,butterfinger_bar,Butterfinger Bar,2002,www.candywrapperarchive.com,https://www.candywrapperarchive.com/candy-collector/2002-butterfinger/,collection_item_candidate,panel_capture_needed,high,private_nutrition_panel_crop,4,0,0,0,no_private_path_supplied,"Capture or crop the source privately, then fill local_private_image_path or processed_private_image_path.",1,0
cwa-private-capture-round-1,cwa_surface_e7ea31a5613aaa,butterfinger_bar,Butterfinger Bar,2002,www.candywrapperarchive.com,https://www.candywrapperarchive.com/candy-collector/2002-butterfinger/,collection_item_candidate,readable_panel_photo_needed,medium,private_back_or_side_text_crop,4,0,0,0,no_private_path_supplied,"Capture or crop the source privately, then fill local_private_image_path or processed_private_image_path.",1,0
cwa-private-capture-round-1,cwa_surface_b5d70f70a747f2,butterfinger_bar,Butterfinger Bar,2002,www.candywrapperarchive.com,https://www.candywrapperarchive.com/candy-collector/2002-butterfinger/,collection_item_candidate,readable_panel_photo_needed,medium,private_net_weight_crop,4,0,0,0,no_private_path_supplied,"Capture or crop the source privately, then fill local_private_image_path or processed_private_image_path.",1,0
cwa-private-capture-round-1,cwa_surface_3bce486d09b83e,butterfinger_bar,Butterfinger Bar,2002,www.candywrapperarchive.com,https://www.candywrapperarchive.com/candy-collector/2002-butterfinger/,collection_item_candidate,readable_panel_photo_needed,medium,private_maker_or_date_crop,4,0,0,0,no_private_path_supplied,"Capture or crop the source privately, then fill local_private_image_path or processed_private_image_path.",1,0
cwa-private-capture-round-1,cwa_surface_5487d109561b88,butterfinger_bar,Butterfinger Bar,2002,www.candywrapperarchive.com,https://www.candywrapperarchive.com/candy-collector/2002-butterfinger/,collection_item_candidate,secondary_context_only,low,private_wrapper_front_context_crop,4,0,0,0,no_private_path_supplied,"Capture or crop the source privately, then fill local_private_image_path or processed_private_image_path.",1,0
cwa-private-capture-round-1,cwa_surface_d5972643cea464,butterfinger_bar,Butterfinger Bar,2009,www.candywrapperarchive.com,https://www.candywrapperarchive.com/candy-collector/2009-butterfinger/,collection_item_candidate,panel_capture_needed,high,private_ingredient_panel_crop,4,0,0,0,no_private_path_supplied,"Capture or crop the source privately, then fill local_private_image_path or processed_private_image_path.",1,0
cwa-private-capture-round-1,cwa_surface_17894f554dcc65,butterfinger_bar,Butterfinger Bar,2009,www.candywrapperarchive.com,https://www.candywrapperarchive.com/candy-collector/2009-butterfinger/,collection_item_candidate,panel_capture_needed,high,private_nutrition_panel_crop,4,0,0,0,no_private_path_supplied,"Capture or crop the source privately, then fill local_private_image_path or processed_private_image_path.",1,0
cwa-private-capture-round-1,cwa_surface_8da876ad120757,butterfinger_bar,Butterfinger Bar,2009,www.candywrapperarchive.com,https://www.candywrapperarchive.com/candy-collector/2009-butterfinger/,collection_item_candidate,readable_panel_photo_needed,medium,private_back_or_side_text_crop,4,0,0,0,no_private_path_supplied,"Capture or crop the source privately, then fill local_private_image_path or processed_private_image_path.",1,0
cwa-private-capture-round-1,cwa_surface_199feb13baeece,butterfinger_bar,Butterfinger Bar,2009,www.candywrapperarchive.com,https://www.candywrapperarchive.com/candy-collector/2009-butterfinger/,collection_item_candidate,readable_panel_photo_needed,medium,private_net_weight_crop,4,0,0,0,no_private_path_supplied,"Capture or crop the source privately, then fill local_private_image_path or processed_private_image_path.",1,0
cwa-private-capture-round-1,cwa_surface_ce97d4ff057dc1,butterfinger_bar,Butterfinger Bar,2009,www.candywrapperarchive.com,https://www.candywrapperarchive.com/candy-collector/2009-butterfinger/,collection_item_candidate,readable_panel_photo_needed,medium,private_maker_or_date_crop,4,0,0,0,no_private_path_supplied,"Capture or crop the source privately, then fill local_private_image_path or processed_private_image_path.",1,0
cwa-private-capture-round-1,cwa_surface_5caf88108c5d5f,butterfinger_bar,Butterfinger Bar,2009,www.candywrapperarchive.com,https://www.candywrapperarchive.com/candy-collector/2009-butterfinger/,collection_item_candidate,secondary_context_only,low,private_wrapper_front_context_crop,4,0,0,0,no_private_path_supplied,"Capture or crop the source privately, then fill local_private_image_path or processed_private_image_path.",1,0
cwa-private-capture-round-1,cwa_surface_fb005445d224af,reeses_peanut_butter_cups,Reese's Peanut Butter Cups,1940s,www.candywrapperarchive.com,https://www.candywrapperarchive.com/candy-collector/1940s-reeses-bag/,collection_item_candidate,panel_capture_needed,high,private_ingredient_panel_crop,4,0,0,0,no_private_path_supplied,"Capture or crop the source privately, then fill local_private_image_path or processed_private_image_path.",1,0
cwa-private-capture-round-1,cwa_surface_e4f302e032a9fc,reeses_peanut_butter_cups,Reese's Peanut Butter Cups,1940s,www.candywrapperarchive.com,https://www.candywrapperarchive.com/candy-collector/1940s-reeses-bag/,collection_item_candidate,panel_capture_needed,high,private_nutrition_panel_crop,4,0,0,0,no_private_path_supplied,"Capture or crop the source privately, then fill local_private_image_path or processed_private_image_path.",1,0
cwa-private-capture-round-1,cwa_surface_df6e6a99a2a546,reeses_peanut_butter_cups,Reese's Peanut Butter Cups,1940s,www.candywrapperarchive.com,https://www.candywrapperarchive.com/candy-collector/1940s-reeses-bag/,collection_item_candidate,readable_panel_photo_needed,medium,private_back_or_side_text_crop,4,0,0,0,no_private_path_supplied,"Capture or crop the source privately, then fill local_private_image_path or processed_private_image_path.",1,0
cwa-private-capture-round-1,cwa_surface_2b51cd39210274,reeses_peanut_butter_cups,Reese's Peanut Butter Cups,1940s,www.candywrapperarchive.com,https://www.candywrapperarchive.com/candy-collector/1940s-reeses-bag/,collection_item_candidate,readable_panel_photo_needed,medium,private_net_weight_crop,4,0,0,0,no_private_path_supplied,"Capture or crop the source privately, then fill local_private_image_path or processed_private_image_path.",1,0
cwa-private-capture-round-1,cwa_surface_583fa290794ec5,reeses_peanut_butter_cups,Reese's Peanut Butter Cups,1940s,www.candywrapperarchive.com,https://www.candywrapperarchive.com/candy-collector/1940s-reeses-bag/,collection_item_candidate,readable_panel_photo_needed,medium,private_maker_or_date_crop,4,0,0,0,no_private_path_supplied,"Capture or crop the source privately, then fill local_private_image_path or processed_private_image_path.",1,0
cwa-private-capture-round-1,cwa_surface_175bdd0a130c1f,reeses_peanut_butter_cups,Reese's Peanut Butter Cups,1940s,www.candywrapperarchive.com,https://www.candywrapperarchive.com/candy-collector/1940s-reeses-bag/,collection_item_candidate,secondary_context_only,low,private_wrapper_front_context_crop,4,0,0,0,no_private_path_supplied,"Capture or crop the source privately, then fill local_private_image_path or processed_private_image_path.",1,0
cwa-private-capture-round-1,cwa_surface_24fc8c00418028,reeses_peanut_butter_cups,Reese's Peanut Butter Cups,1970s,www.candywrapperarchive.com,https://www.candywrapperarchive.com/candy-collector/1970s-reeses/,collection_item_candidate,panel_capture_needed,high,private_ingredient_panel_crop,4,0,0,0,no_private_path_supplied,"Capture or crop the source privately, then fill local_private_image_path or processed_private_image_path.",1,0
cwa-private-capture-round-1,cwa_surface_30f730a6bb20bb,reeses_peanut_butter_cups,Reese's Peanut Butter Cups,1970s,www.candywrapperarchive.com,https://www.candywrapperarchive.com/candy-collector/1970s-reeses/,collection_item_candidate,panel_capture_needed,high,private_nutrition_panel_crop,4,0,0,0,no_private_path_supplied,"Capture or crop the source privately, then fill local_private_image_path or processed_private_image_path.",1,0
cwa-private-capture-round-1,cwa_surface_6895ce685daa2e,reeses_peanut_butter_cups,Reese's Peanut Butter Cups,1970s,www.candywrapperarchive.com,https://www.candywrapperarchive.com/candy-collector/1970s-reeses/,collection_item_candidate,readable_panel_photo_needed,medium,private_back_or_side_text_crop,4,0,0,0,no_private_path_supplied,"Capture or crop the source privately, then fill local_private_image_path or processed_private_image_path.",1,0
cwa-private-capture-round-1,cwa_surface_d704f276947715,reeses_peanut_butter_cups,Reese's Peanut Butter Cups,1970s,www.candywrapperarchive.com,https://www.candywrapperarchive.com/candy-collector/1970s-reeses/,collection_item_candidate,readable_panel_photo_needed,medium,private_net_weight_crop,4,0,0,0,no_private_path_supplied,"Capture or crop the source privately, then fill local_private_image_path or processed_private_image_path.",1,0
cwa-private-capture-round-1,cwa_surface_880605c60b5b1f,reeses_peanut_butter_cups,Reese's Peanut Butter Cups,1970s,www.candywrapperarchive.com,https://www.candywrapperarchive.com/candy-collector/1970s-reeses/,collection_item_candidate,readable_panel_photo_needed,medium,private_maker_or_date_crop,4,0,0,0,no_private_path_supplied,"Capture or crop the source privately, then fill local_private_image_path or processed_private_image_path.",1,0
cwa-private-capture-round-1,cwa_surface_6d313df17d7233,reeses_peanut_butter_cups,Reese's Peanut Butter Cups,1970s,www.candywrapperarchive.com,https://www.candywrapperarchive.com/candy-collector/1970s-reeses/,collection_item_candidate,secondary_context_only,low,private_wrapper_front_context_crop,4,0,0,0,no_private_path_supplied,"Capture or crop the source privately, then fill local_private_image_path or processed_private_image_path.",1,0
cwa-private-capture-round-1,cwa_surface_dd26e386cf499f,reeses_peanut_butter_cups,Reese's Peanut Butter Cups,1980s,www.candywrapperarchive.com,https://www.candywrapperarchive.com/candy-collector/1980s-reeses/,collection_item_candidate,panel_capture_needed,high,private_ingredient_panel_crop,4,0,0,0,no_private_path_supplied,"Capture or crop the source privately, then fill local_private_image_path or processed_private_image_path.",1,0
cwa-private-capture-round-1,cwa_surface_9bfb167de8ff65,reeses_peanut_butter_cups,Reese's Peanut Butter Cups,1980s,www.candywrapperarchive.com,https://www.candywrapperarchive.com/candy-collector/1980s-reeses/,collection_item_candidate,panel_capture_needed,high,private_nutrition_panel_crop,4,0,0,0,no_private_path_supplied,"Capture or crop the source privately, then fill local_private_image_path or processed_private_image_path.",1,0
cwa-private-capture-round-1,cwa_surface_1b9edd67c40be8,reeses_peanut_butter_cups,Reese's Peanut Butter Cups,1980s,www.candywrapperarchive.com,https://www.candywrapperarchive.com/candy-collector/1980s-reeses/,collection_item_candidate,readable_panel_photo_needed,medium,private_back_or_side_text_crop,4,0,0,0,no_private_path_supplied,"Capture or crop the source privately, then fill local_private_image_path or processed_private_image_path.",1,0
cwa-private-capture-round-1,cwa_surface_f2ffdeb1fc443b,reeses_peanut_butter_cups,Reese's Peanut Butter Cups,1980s,www.candywrapperarchive.com,https://www.candywrapperarchive.com/candy-collector/1980s-reeses/,collection_item_candidate,readable_panel_photo_needed,medium,private_net_weight_crop,4,0,0,0,no_private_path_supplied,"Capture or crop the source privately, then fill local_private_image_path or processed_private_image_path.",1,0
cwa-private-capture-round-1,cwa_surface_1a91e7691dd754,reeses_peanut_butter_cups,Reese's Peanut Butter Cups,1980s,www.candywrapperarchive.com,https://www.candywrapperarchive.com/candy-collector/1980s-reeses/,collection_item_candidate,readable_panel_photo_needed,medium,private_maker_or_date_crop,4,0,0,0,no_private_path_supplied,"Capture or crop the source privately, then fill local_private_image_path or processed_private_image_path.",1,0
cwa-private-capture-round-1,cwa_surface_4364ea28bc4c23,reeses_peanut_butter_cups,Reese's Peanut Butter Cups,1980s,www.candywrapperarchive.com,https://www.candywrapperarchive.com/candy-collector/1980s-reeses/,collection_item_candidate,secondary_context_only,low,private_wrapper_front_context_crop,4,0,0,0,no_private_path_supplied,"Capture or crop the source privately, then fill local_private_image_path or processed_private_image_path.",1,0
cwa-private-capture-round-1,cwa_surface_1932f2b54c6f66,reeses_peanut_butter_cups,Reese's Peanut Butter Cups,1991,www.candywrapperarchive.com,https://www.candywrapperarchive.com/candy-collector/1991-reeses/,collection_item_candidate,panel_capture_needed,high,private_ingredient_panel_crop,4,0,0,0,no_private_path_supplied,"Capture or crop the source privately, then fill local_private_image_path or processed_private_image_path.",1,0
cwa-private-capture-round-1,cwa_surface_1133fc822926b3,reeses_peanut_butter_cups,Reese's Peanut Butter Cups,1991,www.candywrapperarchive.com,https://www.candywrapperarchive.com/candy-collector/1991-reeses/,collection_item_candidate,panel_capture_needed,high,private_nutrition_panel_crop,4,0,0,0,no_private_path_supplied,"Capture or crop the source privately, then fill local_private_image_path or processed_private_image_path.",1,0
cwa-private-capture-round-1,cwa_surface_7fab4bd0619e9b,reeses_peanut_butter_cups,Reese's Peanut Butter Cups,1991,www.candywrapperarchive.com,https://www.candywrapperarchive.com/candy-collector/1991-reeses/,collection_item_candidate,readable_panel_photo_needed,medium,private_back_or_side_text_crop,4,0,0,0,no_private_path_supplied,"Capture or crop the source privately, then fill local_private_image_path or processed_private_image_path.",1,0
cwa-private-capture-round-1,cwa_surface_0cb75a30965fe8,reeses_peanut_butter_cups,Reese's Peanut Butter Cups,1991,www.candywrapperarchive.com,https://www.candywrapperarchive.com/candy-collector/1991-reeses/,collection_item_candidate,readable_panel_photo_needed,medium,private_net_weight_crop,4,0,0,0,no_private_path_supplied,"Capture or crop the source privately, then fill local_private_image_path or processed_private_image_path.",1,0
cwa-private-capture-round-1,cwa_surface_b6e54a051ea41e,reeses_peanut_butter_cups,Reese's Peanut Butter Cups,1991,www.candywrapperarchive.com,https://www.candywrapperarchive.com/candy-collector/1991-reeses/,collection_item_candidate,readable_panel_photo_needed,medium,private_maker_or_date_crop,4,0,0,0,no_private_path_supplied,"Capture or crop the source privately, then fill local_private_image_path or processed_private_image_path.",1,0
cwa-private-capture-round-1,cwa_surface_d6ff490ac005be,reeses_peanut_butter_cups,Reese's Peanut Butter Cups,1991,www.candywrapperarchive.com,https://www.candywrapperarchive.com/candy-collector/1991-reeses/,collection_item_candidate,secondary_context_only,low,private_wrapper_front_context_crop,4,0,0,0,no_private_path_supplied,"Capture or crop the source privately, then fill local_private_image_path or processed_private_image_path.",1,0
cwa-private-capture-round-1,cwa_surface_defb9f53162bc9,reeses_peanut_butter_cups,Reese's Peanut Butter Cups,2002,www.candywrapperarchive.com,https://www.candywrapperarchive.com/candy-collector/2002-reeses/,collection_item_candidate,panel_capture_needed,high,private_ingredient_panel_crop,4,0,0,0,no_private_path_supplied,"Capture or crop the source privately, then fill local_private_image_path or processed_private_image_path.",1,0
cwa-private-capture-round-1,cwa_surface_ab574a489e50ef,reeses_peanut_butter_cups,Reese's Peanut Butter Cups,2002,www.candywrapperarchive.com,https://www.candywrapperarchive.com/candy-collector/2002-reeses/,collection_item_candidate,panel_capture_needed,high,private_nutrition_panel_crop,4,0,0,0,no_private_path_supplied,"Capture or crop the source privately, then fill local_private_image_path or processed_private_image_path.",1,0
cwa-private-capture-round-1,cwa_surface_f89a240ebeb960,reeses_peanut_butter_cups,Reese's Peanut Butter Cups,2002,www.candywrapperarchive.com,https://www.candywrapperarchive.com/candy-collector/2002-reeses/,collection_item_candidate,readable_panel_photo_needed,medium,private_back_or_side_text_crop,4,0,0,0,no_private_path_supplied,"Capture or crop the source privately, then fill local_private_image_path or processed_private_image_path.",1,0
cwa-private-capture-round-1,cwa_surface_9688e0c88d9407,reeses_peanut_butter_cups,Reese's Peanut Butter Cups,2002,www.candywrapperarchive.com,https://www.candywrapperarchive.com/candy-collector/2002-reeses/,collection_item_candidate,readable_panel_photo_needed,medium,private_net_weight_crop,4,0,0,0,no_private_path_supplied,"Capture or crop the source privately, then fill local_private_image_path or processed_private_image_path.",1,0
cwa-private-capture-round-1,cwa_surface_bb84b3177c0268,reeses_peanut_butter_cups,Reese's Peanut Butter Cups,2002,www.candywrapperarchive.com,https://www.candywrapperarchive.com/candy-collector/2002-reeses/,collection_item_candidate,readable_panel_photo_needed,medium,private_maker_or_date_crop,4,0,0,0,no_private_path_supplied,"Capture or crop the source privately, then fill local_private_image_path or processed_private_image_path.",1,0
cwa-private-capture-round-1,cwa_surface_ba8d20107e4c97,reeses_peanut_butter_cups,Reese's Peanut Butter Cups,2002,www.candywrapperarchive.com,https://www.candywrapperarchive.com/candy-collector/2002-reeses/,collection_item_candidate,secondary_context_only,low,private_wrapper_front_context_crop,4,0,0,0,no_private_path_supplied,"Capture or crop the source privately, then fill local_private_image_path or processed_private_image_path.",1,0
cwa-private-capture-round-1,cwa_surface_8999affd62c547,reeses_peanut_butter_cups,Reese's Peanut Butter Cups,2003,www.candywrapperarchive.com,https://www.candywrapperarchive.com/candy-collector/2003-reeses/,collection_item_candidate,panel_capture_needed,high,private_ingredient_panel_crop,4,0,0,0,no_private_path_supplied,"Capture or crop the source privately, then fill local_private_image_path or processed_private_image_path.",1,0
cwa-private-capture-round-1,cwa_surface_b45ac4bdac0f01,reeses_peanut_butter_cups,Reese's Peanut Butter Cups,2003,www.candywrapperarchive.com,https://www.candywrapperarchive.com/candy-collector/2003-reeses/,collection_item_candidate,panel_capture_needed,high,private_nutrition_panel_crop,4,0,0,0,no_private_path_supplied,"Capture or crop the source privately, then fill local_private_image_path or processed_private_image_path.",1,0
cwa-private-capture-round-1,cwa_surface_21d2b7f760b13d,reeses_peanut_butter_cups,Reese's Peanut Butter Cups,2003,www.candywrapperarchive.com,https://www.candywrapperarchive.com/candy-collector/2003-reeses/,collection_item_candidate,readable_panel_photo_needed,medium,private_back_or_side_text_crop,4,0,0,0,no_private_path_supplied,"Capture or crop the source privately, then fill local_private_image_path or processed_private_image_path.",1,0
cwa-private-capture-round-1,cwa_surface_2b3631349aad93,reeses_peanut_butter_cups,Reese's Peanut Butter Cups,2003,www.candywrapperarchive.com,https://www.candywrapperarchive.com/candy-collector/2003-reeses/,collection_item_candidate,readable_panel_photo_needed,medium,private_net_weight_crop,4,0,0,0,no_private_path_supplied,"Capture or crop the source privately, then fill local_private_image_path or processed_private_image_path.",1,0
cwa-private-capture-round-1,cwa_surface_a43c332e44007b,reeses_peanut_butter_cups,Reese's Peanut Butter Cups,2003,www.candywrapperarchive.com,https://www.candywrapperarchive.com/candy-collector/2003-reeses/,collection_item_candidate,readable_panel_photo_needed,medium,private_maker_or_date_crop,4,0,0,0,no_private_path_supplied,"Capture or crop the source privately, then fill local_private_image_path or processed_private_image_path.",1,0
cwa-private-capture-round-1,cwa_surface_70eae0d278c9c8,reeses_peanut_butter_cups,Reese's Peanut Butter Cups,2003,www.candywrapperarchive.com,https://www.candywrapperarchive.com/candy-collector/2003-reeses/,collection_item_candidate,secondary_context_only,low,private_wrapper_front_context_crop,4,0,0,0,no_private_path_supplied,"Capture or crop the source privately, then fill local_private_image_path or processed_private_image_path.",1,0
cwa-private-capture-round-1,cwa_surface_65abf846dc1305,reeses_peanut_butter_cups,Reese's Peanut Butter Cups,2005,www.candywrapperarchive.com,https://www.candywrapperarchive.com/candy-collector/2005-reeses/,collection_item_candidate,panel_capture_needed,high,private_ingredient_panel_crop,4,0,0,0,no_private_path_supplied,"Capture or crop the source privately, then fill local_private_image_path or processed_private_image_path.",1,0
cwa-private-capture-round-1,cwa_surface_456a0f9345a3b8,reeses_peanut_butter_cups,Reese's Peanut Butter Cups,2005,www.candywrapperarchive.com,https://www.candywrapperarchive.com/candy-collector/2005-reeses/,collection_item_candidate,panel_capture_needed,high,private_nutrition_panel_crop,4,0,0,0,no_private_path_supplied,"Capture or crop the source privately, then fill local_private_image_path or processed_private_image_path.",1,0
cwa-private-capture-round-1,cwa_surface_bf6dbe7c17326a,reeses_peanut_butter_cups,Reese's Peanut Butter Cups,2005,www.candywrapperarchive.com,https://www.candywrapperarchive.com/candy-collector/2005-reeses/,collection_item_candidate,readable_panel_photo_needed,medium,private_back_or_side_text_crop,4,0,0,0,no_private_path_supplied,"Capture or crop the source privately, then fill local_private_image_path or processed_private_image_path.",1,0
cwa-private-capture-round-1,cwa_surface_019d5cec8d035c,reeses_peanut_butter_cups,Reese's Peanut Butter Cups,2005,www.candywrapperarchive.com,https://www.candywrapperarchive.com/candy-collector/2005-reeses/,collection_item_candidate,readable_panel_photo_needed,medium,private_net_weight_crop,4,0,0,0,no_private_path_supplied,"Capture or crop the source privately, then fill local_private_image_path or processed_private_image_path.",1,0
cwa-private-capture-round-1,cwa_surface_b1b54ebf84e6fc,reeses_peanut_butter_cups,Reese's Peanut Butter Cups,2005,www.candywrapperarchive.com,https://www.candywrapperarchive.com/candy-collector/2005-reeses/,collection_item_candidate,readable_panel_photo_needed,medium,private_maker_or_date_crop,4,0,0,0,no_private_path_supplied,"Capture or crop the source privately, then fill local_private_image_path or processed_private_image_path.",1,0
cwa-private-capture-round-1,cwa_surface_30ef4a9a0b8391,reeses_peanut_butter_cups,Reese's Peanut Butter Cups,2005,www.candywrapperarchive.com,https://www.candywrapperarchive.com/candy-collector/2005-reeses/,collection_item_candidate,secondary_context_only,low,private_wrapper_front_context_crop,4,0,0,0,no_private_path_supplied,"Capture or crop the source privately, then fill local_private_image_path or processed_private_image_path.",1,0
cwa-private-capture-round-1,cwa_surface_3f309d3410a15c,hersheys_milk_chocolate_bar,Hershey's Milk Chocolate Bar,1908,www.candywrapperarchive.com,https://www.candywrapperarchive.com/candy-collector/1908-hershey-wrapper/,collection_item_candidate,panel_capture_needed,high,private_ingredient_panel_crop,4,0,0,0,no_private_path_supplied,"Capture or crop the source privately, then fill local_private_image_path or processed_private_image_path.",1,0
cwa-private-capture-round-1,cwa_surface_a05b866a705cdf,hersheys_milk_chocolate_bar,Hershey's Milk Chocolate Bar,1908,www.candywrapperarchive.com,https://www.candywrapperarchive.com/candy-collector/1908-hershey-wrapper/,collection_item_candidate,panel_capture_needed,high,private_nutrition_panel_crop,4,0,0,0,no_private_path_supplied,"Capture or crop the source privately, then fill local_private_image_path or processed_private_image_path.",1,0
cwa-private-capture-round-1,cwa_surface_7e8f557b8b2766,hersheys_milk_chocolate_bar,Hershey's Milk Chocolate Bar,1908,www.candywrapperarchive.com,https://www.candywrapperarchive.com/candy-collector/1908-hershey-wrapper/,collection_item_candidate,readable_panel_photo_needed,medium,private_back_or_side_text_crop,4,0,0,0,no_private_path_supplied,"Capture or crop the source privately, then fill local_private_image_path or processed_private_image_path.",1,0
cwa-private-capture-round-1,cwa_surface_6dc9ca034d7613,hersheys_milk_chocolate_bar,Hershey's Milk Chocolate Bar,1908,www.candywrapperarchive.com,https://www.candywrapperarchive.com/candy-collector/1908-hershey-wrapper/,collection_item_candidate,readable_panel_photo_needed,medium,private_net_weight_crop,4,0,0,0,no_private_path_supplied,"Capture or crop the source privately, then fill local_private_image_path or processed_private_image_path.",1,0
cwa-private-capture-round-1,cwa_surface_8e4c48059a12bc,hersheys_milk_chocolate_bar,Hershey's Milk Chocolate Bar,1908,www.candywrapperarchive.com,https://www.candywrapperarchive.com/candy-collector/1908-hershey-wrapper/,collection_item_candidate,readable_panel_photo_needed,medium,private_maker_or_date_crop,4,0,0,0,no_private_path_supplied,"Capture or crop the source privately, then fill local_private_image_path or processed_private_image_path.",1,0
cwa-private-capture-round-1,cwa_surface_39b2b4a960ded6,hersheys_milk_chocolate_bar,Hershey's Milk Chocolate Bar,1908,www.candywrapperarchive.com,https://www.candywrapperarchive.com/candy-collector/1908-hershey-wrapper/,collection_item_candidate,secondary_context_only,low,private_wrapper_front_context_crop,4,0,0,0,no_private_path_supplied,"Capture or crop the source privately, then fill local_private_image_path or processed_private_image_path.",1,0
cwa-private-capture-round-1,cwa_surface_82a73229d39328,hersheys_milk_chocolate_bar,Hershey's Milk Chocolate Bar,1910,www.candywrapperarchive.com,https://www.candywrapperarchive.com/candy-collector/1910-hershey/,collection_item_candidate,panel_capture_needed,high,private_ingredient_panel_crop,4,0,0,0,no_private_path_supplied,"Capture or crop the source privately, then fill local_private_image_path or processed_private_image_path.",1,0
cwa-private-capture-round-1,cwa_surface_7dd264cebbfb14,hersheys_milk_chocolate_bar,Hershey's Milk Chocolate Bar,1910,www.candywrapperarchive.com,https://www.candywrapperarchive.com/candy-collector/1910-hershey/,collection_item_candidate,panel_capture_needed,high,private_nutrition_panel_crop,4,0,0,0,no_private_path_supplied,"Capture or crop the source privately, then fill local_private_image_path or processed_private_image_path.",1,0
cwa-private-capture-round-1,cwa_surface_b529a49e643653,hersheys_milk_chocolate_bar,Hershey's Milk Chocolate Bar,1910,www.candywrapperarchive.com,https://www.candywrapperarchive.com/candy-collector/1910-hershey/,collection_item_candidate,readable_panel_photo_needed,medium,private_back_or_side_text_crop,4,0,0,0,no_private_path_supplied,"Capture or crop the source privately, then fill local_private_image_path or processed_private_image_path.",1,0
cwa-private-capture-round-1,cwa_surface_c6f6815546eb65,hersheys_milk_chocolate_bar,Hershey's Milk Chocolate Bar,1910,www.candywrapperarchive.com,https://www.candywrapperarchive.com/candy-collector/1910-hershey/,collection_item_candidate,readable_panel_photo_needed,medium,private_net_weight_crop,4,0,0,0,no_private_path_supplied,"Capture or crop the source privately, then fill local_private_image_path or processed_private_image_path.",1,0
cwa-private-capture-round-1,cwa_surface_8cc8064a8d37d4,hersheys_milk_chocolate_bar,Hershey's Milk Chocolate Bar,1910,www.candywrapperarchive.com,https://www.candywrapperarchive.com/candy-collector/1910-hershey/,collection_item_candidate,readable_panel_photo_needed,medium,private_maker_or_date_crop,4,0,0,0,no_private_path_supplied,"Capture or crop the source privately, then fill local_private_image_path or processed_private_image_path.",1,0
cwa-private-capture-round-1,cwa_surface_6139264798841f,hersheys_milk_chocolate_bar,Hershey's Milk Chocolate Bar,1910,www.candywrapperarchive.com,https://www.candywrapperarchive.com/candy-collector/1910-hershey/,collection_item_candidate,secondary_context_only,low,private_wrapper_front_context_crop,4,0,0,0,no_private_path_supplied,"Capture or crop the source privately, then fill local_private_image_path or processed_private_image_path.",1,0
cwa-private-capture-round-1,cwa_surface_d502a00a746f93,hersheys_milk_chocolate_bar,Hershey's Milk Chocolate Bar,1930s,www.candywrapperarchive.com,https://www.candywrapperarchive.com/candy-collector/1930s-hershey/,collection_item_candidate,panel_capture_needed,high,private_ingredient_panel_crop,4,0,0,0,no_private_path_supplied,"Capture or crop the source privately, then fill local_private_image_path or processed_private_image_path.",1,0
cwa-private-capture-round-1,cwa_surface_81aa691fcf771b,hersheys_milk_chocolate_bar,Hershey's Milk Chocolate Bar,1930s,www.candywrapperarchive.com,https://www.candywrapperarchive.com/candy-collector/1930s-hershey/,collection_item_candidate,panel_capture_needed,high,private_nutrition_panel_crop,4,0,0,0,no_private_path_supplied,"Capture or crop the source privately, then fill local_private_image_path or processed_private_image_path.",1,0
cwa-private-capture-round-1,cwa_surface_9984fbd43d4f59,hersheys_milk_chocolate_bar,Hershey's Milk Chocolate Bar,1930s,www.candywrapperarchive.com,https://www.candywrapperarchive.com/candy-collector/1930s-hershey/,collection_item_candidate,readable_panel_photo_needed,medium,private_back_or_side_text_crop,4,0,0,0,no_private_path_supplied,"Capture or crop the source privately, then fill local_private_image_path or processed_private_image_path.",1,0
cwa-private-capture-round-1,cwa_surface_bb0749434028a4,hersheys_milk_chocolate_bar,Hershey's Milk Chocolate Bar,1930s,www.candywrapperarchive.com,https://www.candywrapperarchive.com/candy-collector/1930s-hershey/,collection_item_candidate,readable_panel_photo_needed,medium,private_net_weight_crop,4,0,0,0,no_private_path_supplied,"Capture or crop the source privately, then fill local_private_image_path or processed_private_image_path.",1,0
cwa-private-capture-round-1,cwa_surface_7fc1fdfc65cc36,hersheys_milk_chocolate_bar,Hershey's Milk Chocolate Bar,1930s,www.candywrapperarchive.com,https://www.candywrapperarchive.com/candy-collector/1930s-hershey/,collection_item_candidate,readable_panel_photo_needed,medium,private_maker_or_date_crop,4,0,0,0,no_private_path_supplied,"Capture or crop the source privately, then fill local_private_image_path or processed_private_image_path.",1,0
cwa-private-capture-round-1,cwa_surface_024b432b2678c1,hersheys_milk_chocolate_bar,Hershey's Milk Chocolate Bar,1930s,www.candywrapperarchive.com,https://www.candywrapperarchive.com/candy-collector/1930s-hershey/,collection_item_candidate,secondary_context_only,low,private_wrapper_front_context_crop,4,0,0,0,no_private_path_supplied,"Capture or crop the source privately, then fill local_private_image_path or processed_private_image_path.",1,0
cwa-private-capture-round-1,cwa_surface_5f1cf9cdf57507,hersheys_milk_chocolate_bar,Hershey's Milk Chocolate Bar,1940,www.candywrapperarchive.com,https://www.candywrapperarchive.com/candy-collector/1940-hershey/,collection_item_candidate,panel_capture_needed,high,private_ingredient_panel_crop,4,0,0,0,no_private_path_supplied,"Capture or crop the source privately, then fill local_private_image_path or processed_private_image_path.",1,0
cwa-private-capture-round-1,cwa_surface_bf55ed227b4171,hersheys_milk_chocolate_bar,Hershey's Milk Chocolate Bar,1940,www.candywrapperarchive.com,https://www.candywrapperarchive.com/candy-collector/1940-hershey/,collection_item_candidate,panel_capture_needed,high,private_nutrition_panel_crop,4,0,0,0,no_private_path_supplied,"Capture or crop the source privately, then fill local_private_image_path or processed_private_image_path.",1,0
cwa-private-capture-round-1,cwa_surface_f697039e593f03,hersheys_milk_chocolate_bar,Hershey's Milk Chocolate Bar,1940,www.candywrapperarchive.com,https://www.candywrapperarchive.com/candy-collector/1940-hershey/,collection_item_candidate,readable_panel_photo_needed,medium,private_back_or_side_text_crop,4,0,0,0,no_private_path_supplied,"Capture or crop the source privately, then fill local_private_image_path or processed_private_image_path.",1,0
cwa-private-capture-round-1,cwa_surface_5fd733669e19e7,hersheys_milk_chocolate_bar,Hershey's Milk Chocolate Bar,1940,www.candywrapperarchive.com,https://www.candywrapperarchive.com/candy-collector/1940-hershey/,collection_item_candidate,readable_panel_photo_needed,medium,private_net_weight_crop,4,0,0,0,no_private_path_supplied,"Capture or crop the source privately, then fill local_private_image_path or processed_private_image_path.",1,0
cwa-private-capture-round-1,cwa_surface_7f732550b77dd1,hersheys_milk_chocolate_bar,Hershey's Milk Chocolate Bar,1940,www.candywrapperarchive.com,https://www.candywrapperarchive.com/candy-collector/1940-hershey/,collection_item_candidate,readable_panel_photo_needed,medium,private_maker_or_date_crop,4,0,0,0,no_private_path_supplied,"Capture or crop the source privately, then fill local_private_image_path or processed_private_image_path.",1,0
cwa-private-capture-round-1,cwa_surface_078e312b2ebbd5,hersheys_milk_chocolate_bar,Hershey's Milk Chocolate Bar,1940,www.candywrapperarchive.com,https://www.candywrapperarchive.com/candy-collector/1940-hershey/,collection_item_candidate,secondary_context_only,low,private_wrapper_front_context_crop,4,0,0,0,no_private_path_supplied,"Capture or crop the source privately, then fill local_private_image_path or processed_private_image_path.",1,0
cwa-private-capture-round-1,cwa_surface_88f6575bced83e,hersheys_milk_chocolate_bar,Hershey's Milk Chocolate Bar,1950s,www.candywrapperarchive.com,https://www.candywrapperarchive.com/candy-collector/1950s-hershey/,collection_item_candidate,panel_capture_needed,high,private_ingredient_panel_crop,4,0,0,0,no_private_path_supplied,"Capture or crop the source privately, then fill local_private_image_path or processed_private_image_path.",1,0
cwa-private-capture-round-1,cwa_surface_1be3c6cf43fe28,hersheys_milk_chocolate_bar,Hershey's Milk Chocolate Bar,1950s,www.candywrapperarchive.com,https://www.candywrapperarchive.com/candy-collector/1950s-hershey/,collection_item_candidate,panel_capture_needed,high,private_nutrition_panel_crop,4,0,0,0,no_private_path_supplied,"Capture or crop the source privately, then fill local_private_image_path or processed_private_image_path.",1,0
cwa-private-capture-round-1,cwa_surface_7fc9ffbf704a9a,hersheys_milk_chocolate_bar,Hershey's Milk Chocolate Bar,1950s,www.candywrapperarchive.com,https://www.candywrapperarchive.com/candy-collector/1950s-hershey/,collection_item_candidate,readable_panel_photo_needed,medium,private_back_or_side_text_crop,4,0,0,0,no_private_path_supplied,"Capture or crop the source privately, then fill local_private_image_path or processed_private_image_path.",1,0
cwa-private-capture-round-1,cwa_surface_e29147e6c664ff,hersheys_milk_chocolate_bar,Hershey's Milk Chocolate Bar,1950s,www.candywrapperarchive.com,https://www.candywrapperarchive.com/candy-collector/1950s-hershey/,collection_item_candidate,readable_panel_photo_needed,medium,private_net_weight_crop,4,0,0,0,no_private_path_supplied,"Capture or crop the source privately, then fill local_private_image_path or processed_private_image_path.",1,0
cwa-private-capture-round-1,cwa_surface_e20109150e8045,hersheys_milk_chocolate_bar,Hershey's Milk Chocolate Bar,1950s,www.candywrapperarchive.com,https://www.candywrapperarchive.com/candy-collector/1950s-hershey/,collection_item_candidate,readable_panel_photo_needed,medium,private_maker_or_date_crop,4,0,0,0,no_private_path_supplied,"Capture or crop the source privately, then fill local_private_image_path or processed_private_image_path.",1,0
cwa-private-capture-round-1,cwa_surface_4cad383ce48b98,hersheys_milk_chocolate_bar,Hershey's Milk Chocolate Bar,1950s,www.candywrapperarchive.com,https://www.candywrapperarchive.com/candy-collector/1950s-hershey/,collection_item_candidate,secondary_context_only,low,private_wrapper_front_context_crop,4,0,0,0,no_private_path_supplied,"Capture or crop the source privately, then fill local_private_image_path or processed_private_image_path.",1,0
cwa-private-capture-round-1,cwa_surface_134a80c26f1161,hersheys_milk_chocolate_bar,Hershey's Milk Chocolate Bar,1960s,www.candywrapperarchive.com,https://www.candywrapperarchive.com/candy-collector/1960s-hershey/,collection_item_candidate,panel_capture_needed,high,private_ingredient_panel_crop,4,0,0,0,no_private_path_supplied,"Capture or crop the source privately, then fill local_private_image_path or processed_private_image_path.",1,0
cwa-private-capture-round-1,cwa_surface_18d151e268ccc4,hersheys_milk_chocolate_bar,Hershey's Milk Chocolate Bar,1960s,www.candywrapperarchive.com,https://www.candywrapperarchive.com/candy-collector/1960s-hershey/,collection_item_candidate,panel_capture_needed,high,private_nutrition_panel_crop,4,0,0,0,no_private_path_supplied,"Capture or crop the source privately, then fill local_private_image_path or processed_private_image_path.",1,0
cwa-private-capture-round-1,cwa_surface_96bfc888e3ebe1,hersheys_milk_chocolate_bar,Hershey's Milk Chocolate Bar,1960s,www.candywrapperarchive.com,https://www.candywrapperarchive.com/candy-collector/1960s-hershey/,collection_item_candidate,readable_panel_photo_needed,medium,private_back_or_side_text_crop,4,0,0,0,no_private_path_supplied,"Capture or crop the source privately, then fill local_private_image_path or processed_private_image_path.",1,0
cwa-private-capture-round-1,cwa_surface_be11f48f707f2a,hersheys_milk_chocolate_bar,Hershey's Milk Chocolate Bar,1960s,www.candywrapperarchive.com,https://www.candywrapperarchive.com/candy-collector/1960s-hershey/,collection_item_candidate,readable_panel_photo_needed,medium,private_net_weight_crop,4,0,0,0,no_private_path_supplied,"Capture or crop the source privately, then fill local_private_image_path or processed_private_image_path.",1,0
cwa-private-capture-round-1,cwa_surface_1580e3526318fc,hersheys_milk_chocolate_bar,Hershey's Milk Chocolate Bar,1960s,www.candywrapperarchive.com,https://www.candywrapperarchive.com/candy-collector/1960s-hershey/,collection_item_candidate,readable_panel_photo_needed,medium,private_maker_or_date_crop,4,0,0,0,no_private_path_supplied,"Capture or crop the source privately, then fill local_private_image_path or processed_private_image_path.",1,0
cwa-private-capture-round-1,cwa_surface_dcb0a219557b53,hersheys_milk_chocolate_bar,Hershey's Milk Chocolate Bar,1960s,www.candywrapperarchive.com,https://www.candywrapperarchive.com/candy-collector/1960s-hershey/,collection_item_candidate,secondary_context_only,low,private_wrapper_front_context_crop,4,0,0,0,no_private_path_supplied,"Capture or crop the source privately, then fill local_private_image_path or processed_private_image_path.",1,0
cwa-private-capture-round-1,cwa_surface_ca9a95eb252470,snickers_bar,Snickers Bar,1939,www.candywrapperarchive.com,https://www.candywrapperarchive.com/candy-collector/1940s-snickers/,collection_item_candidate,panel_capture_needed,high,private_ingredient_panel_crop,4,0,0,0,no_private_path_supplied,"Capture or crop the source privately, then fill local_private_image_path or processed_private_image_path.",1,0
cwa-private-capture-round-1,cwa_surface_97d47f953b9b5e,snickers_bar,Snickers Bar,1939,www.candywrapperarchive.com,https://www.candywrapperarchive.com/candy-collector/1940s-snickers/,collection_item_candidate,panel_capture_needed,high,private_nutrition_panel_crop,4,0,0,0,no_private_path_supplied,"Capture or crop the source privately, then fill local_private_image_path or processed_private_image_path.",1,0
cwa-private-capture-round-1,cwa_surface_5d3dfefa765523,snickers_bar,Snickers Bar,1939,www.candywrapperarchive.com,https://www.candywrapperarchive.com/candy-collector/1940s-snickers/,collection_item_candidate,readable_panel_photo_needed,medium,private_back_or_side_text_crop,4,0,0,0,no_private_path_supplied,"Capture or crop the source privately, then fill local_private_image_path or processed_private_image_path.",1,0
cwa-private-capture-round-1,cwa_surface_669d65eaccc28b,snickers_bar,Snickers Bar,1939,www.candywrapperarchive.com,https://www.candywrapperarchive.com/candy-collector/1940s-snickers/,collection_item_candidate,readable_panel_photo_needed,medium,private_net_weight_crop,4,0,0,0,no_private_path_supplied,"Capture or crop the source privately, then fill local_private_image_path or processed_private_image_path.",1,0
cwa-private-capture-round-1,cwa_surface_59db46c1305066,snickers_bar,Snickers Bar,1939,www.candywrapperarchive.com,https://www.candywrapperarchive.com/candy-collector/1940s-snickers/,collection_item_candidate,readable_panel_photo_needed,medium,private_maker_or_date_crop,4,0,0,0,no_private_path_supplied,"Capture or crop the source privately, then fill local_private_image_path or processed_private_image_path.",1,0
cwa-private-capture-round-1,cwa_surface_2c89b7d0952e98,snickers_bar,Snickers Bar,1939,www.candywrapperarchive.com,https://www.candywrapperarchive.com/candy-collector/1940s-snickers/,collection_item_candidate,secondary_context_only,low,private_wrapper_front_context_crop,4,0,0,0,no_private_path_supplied,"Capture or crop the source privately, then fill local_private_image_path or processed_private_image_path.",1,0
cwa-private-capture-round-1,cwa_surface_22c3bafa59c820,snickers_bar,Snickers Bar,1940s,www.candywrapperarchive.com,https://www.candywrapperarchive.com/candy-collector/1940s-snickers-2/,collection_item_candidate,panel_capture_needed,high,private_ingredient_panel_crop,4,0,0,0,no_private_path_supplied,"Capture or crop the source privately, then fill local_private_image_path or processed_private_image_path.",1,0
cwa-private-capture-round-1,cwa_surface_68fbacc3f3dc28,snickers_bar,Snickers Bar,1940s,www.candywrapperarchive.com,https://www.candywrapperarchive.com/candy-collector/1940s-snickers-2/,collection_item_candidate,panel_capture_needed,high,private_nutrition_panel_crop,4,0,0,0,no_private_path_supplied,"Capture or crop the source privately, then fill local_private_image_path or processed_private_image_path.",1,0
cwa-private-capture-round-1,cwa_surface_168fc05614b090,snickers_bar,Snickers Bar,1940s,www.candywrapperarchive.com,https://www.candywrapperarchive.com/candy-collector/1940s-snickers-2/,collection_item_candidate,readable_panel_photo_needed,medium,private_back_or_side_text_crop,4,0,0,0,no_private_path_supplied,"Capture or crop the source privately, then fill local_private_image_path or processed_private_image_path.",1,0
cwa-private-capture-round-1,cwa_surface_501a3719ad8d27,snickers_bar,Snickers Bar,1940s,www.candywrapperarchive.com,https://www.candywrapperarchive.com/candy-collector/1940s-snickers-2/,collection_item_candidate,readable_panel_photo_needed,medium,private_net_weight_crop,4,0,0,0,no_private_path_supplied,"Capture or crop the source privately, then fill local_private_image_path or processed_private_image_path.",1,0
cwa-private-capture-round-1,cwa_surface_61359ad1571709,snickers_bar,Snickers Bar,1940s,www.candywrapperarchive.com,https://www.candywrapperarchive.com/candy-collector/1940s-snickers-2/,collection_item_candidate,readable_panel_photo_needed,medium,private_maker_or_date_crop,4,0,0,0,no_private_path_supplied,"Capture or crop the source privately, then fill local_private_image_path or processed_private_image_path.",1,0
cwa-private-capture-round-1,cwa_surface_f754c1aa4aa0fa,snickers_bar,Snickers Bar,1940s,www.candywrapperarchive.com,https://www.candywrapperarchive.com/candy-collector/1940s-snickers-2/,collection_item_candidate,secondary_context_only,low,private_wrapper_front_context_crop,4,0,0,0,no_private_path_supplied,"Capture or crop the source privately, then fill local_private_image_path or processed_private_image_path.",1,0
cwa-private-capture-round-1,cwa_surface_074ac258b5b87b,snickers_bar,Snickers Bar,1950s,www.candywrapperarchive.com,https://www.candywrapperarchive.com/candy-collector/1950s-snickers/,collection_item_candidate,panel_capture_needed,high,private_ingredient_panel_crop,4,0,0,0,no_private_path_supplied,"Capture or crop the source privately, then fill local_private_image_path or processed_private_image_path.",1,0
cwa-private-capture-round-1,cwa_surface_324099dd1d5412,snickers_bar,Snickers Bar,1950s,www.candywrapperarchive.com,https://www.candywrapperarchive.com/candy-collector/1950s-snickers/,collection_item_candidate,panel_capture_needed,high,private_nutrition_panel_crop,4,0,0,0,no_private_path_supplied,"Capture or crop the source privately, then fill local_private_image_path or processed_private_image_path.",1,0
cwa-private-capture-round-1,cwa_surface_0bf73cebbd035c,snickers_bar,Snickers Bar,1950s,www.candywrapperarchive.com,https://www.candywrapperarchive.com/candy-collector/1950s-snickers/,collection_item_candidate,readable_panel_photo_needed,medium,private_back_or_side_text_crop,4,0,0,0,no_private_path_supplied,"Capture or crop the source privately, then fill local_private_image_path or processed_private_image_path.",1,0
cwa-private-capture-round-1,cwa_surface_d91c3c37657a49,snickers_bar,Snickers Bar,1950s,www.candywrapperarchive.com,https://www.candywrapperarchive.com/candy-collector/1950s-snickers/,collection_item_candidate,readable_panel_photo_needed,medium,private_net_weight_crop,4,0,0,0,no_private_path_supplied,"Capture or crop the source privately, then fill local_private_image_path or processed_private_image_path.",1,0
cwa-private-capture-round-1,cwa_surface_7d19a18cef27c9,snickers_bar,Snickers Bar,1950s,www.candywrapperarchive.com,https://www.candywrapperarchive.com/candy-collector/1950s-snickers/,collection_item_candidate,readable_panel_photo_needed,medium,private_maker_or_date_crop,4,0,0,0,no_private_path_supplied,"Capture or crop the source privately, then fill local_private_image_path or processed_private_image_path.",1,0
cwa-private-capture-round-1,cwa_surface_2157b7490e66e6,snickers_bar,Snickers Bar,1950s,www.candywrapperarchive.com,https://www.candywrapperarchive.com/candy-collector/1950s-snickers/,collection_item_candidate,secondary_context_only,low,private_wrapper_front_context_crop,4,0,0,0,no_private_path_supplied,"Capture or crop the source privately, then fill local_private_image_path or processed_private_image_path.",1,0
cwa-private-capture-round-1,cwa_surface_c817761f1b1d68,snickers_bar,Snickers Bar,1983,www.candywrapperarchive.com,https://www.candywrapperarchive.com/candy-collector/1983-snickers/,collection_item_candidate,panel_capture_needed,high,private_ingredient_panel_crop,4,0,0,0,no_private_path_supplied,"Capture or crop the source privately, then fill local_private_image_path or processed_private_image_path.",1,0
cwa-private-capture-round-1,cwa_surface_592e925a623d45,snickers_bar,Snickers Bar,1983,www.candywrapperarchive.com,https://www.candywrapperarchive.com/candy-collector/1983-snickers/,collection_item_candidate,panel_capture_needed,high,private_nutrition_panel_crop,4,0,0,0,no_private_path_supplied,"Capture or crop the source privately, then fill local_private_image_path or processed_private_image_path.",1,0
cwa-private-capture-round-1,cwa_surface_9f0b03ea3b4abb,snickers_bar,Snickers Bar,1983,www.candywrapperarchive.com,https://www.candywrapperarchive.com/candy-collector/1983-snickers/,collection_item_candidate,readable_panel_photo_needed,medium,private_back_or_side_text_crop,4,0,0,0,no_private_path_supplied,"Capture or crop the source privately, then fill local_private_image_path or processed_private_image_path.",1,0
cwa-private-capture-round-1,cwa_surface_ee89adebdece60,snickers_bar,Snickers Bar,1983,www.candywrapperarchive.com,https://www.candywrapperarchive.com/candy-collector/1983-snickers/,collection_item_candidate,readable_panel_photo_needed,medium,private_net_weight_crop,4,0,0,0,no_private_path_supplied,"Capture or crop the source privately, then fill local_private_image_path or processed_private_image_path.",1,0
cwa-private-capture-round-1,cwa_surface_517517ee47eecd,snickers_bar,Snickers Bar,1983,www.candywrapperarchive.com,https://www.candywrapperarchive.com/candy-collector/1983-snickers/,collection_item_candidate,readable_panel_photo_needed,medium,private_maker_or_date_crop,4,0,0,0,no_private_path_supplied,"Capture or crop the source privately, then fill local_private_image_path or processed_private_image_path.",1,0
cwa-private-capture-round-1,cwa_surface_2eeee0a122a970,snickers_bar,Snickers Bar,1983,www.candywrapperarchive.com,https://www.candywrapperarchive.com/candy-collector/1983-snickers/,collection_item_candidate,secondary_context_only,low,private_wrapper_front_context_crop,4,0,0,0,no_private_path_supplied,"Capture or crop the source privately, then fill local_private_image_path or processed_private_image_path.",1,0
cwa-private-capture-round-1,cwa_surface_e5d3348ea243e3,snickers_bar,Snickers Bar,1990,www.candywrapperarchive.com,https://www.candywrapperarchive.com/candy-collector/1990-snickers/,collection_item_candidate,panel_capture_needed,high,private_ingredient_panel_crop,4,0,0,0,no_private_path_supplied,"Capture or crop the source privately, then fill local_private_image_path or processed_private_image_path.",1,0
cwa-private-capture-round-1,cwa_surface_c717b616ec832a,snickers_bar,Snickers Bar,1990,www.candywrapperarchive.com,https://www.candywrapperarchive.com/candy-collector/1990-snickers/,collection_item_candidate,panel_capture_needed,high,private_nutrition_panel_crop,4,0,0,0,no_private_path_supplied,"Capture or crop the source privately, then fill local_private_image_path or processed_private_image_path.",1,0
cwa-private-capture-round-1,cwa_surface_c9b4de24dbc641,snickers_bar,Snickers Bar,1990,www.candywrapperarchive.com,https://www.candywrapperarchive.com/candy-collector/1990-snickers/,collection_item_candidate,readable_panel_photo_needed,medium,private_back_or_side_text_crop,4,0,0,0,no_private_path_supplied,"Capture or crop the source privately, then fill local_private_image_path or processed_private_image_path.",1,0
cwa-private-capture-round-1,cwa_surface_407128da09f122,snickers_bar,Snickers Bar,1990,www.candywrapperarchive.com,https://www.candywrapperarchive.com/candy-collector/1990-snickers/,collection_item_candidate,readable_panel_photo_needed,medium,private_net_weight_crop,4,0,0,0,no_private_path_supplied,"Capture or crop the source privately, then fill local_private_image_path or processed_private_image_path.",1,0
cwa-private-capture-round-1,cwa_surface_780f61cf2981d8,snickers_bar,Snickers Bar,1990,www.candywrapperarchive.com,https://www.candywrapperarchive.com/candy-collector/1990-snickers/,collection_item_candidate,readable_panel_photo_needed,medium,private_maker_or_date_crop,4,0,0,0,no_private_path_supplied,"Capture or crop the source privately, then fill local_private_image_path or processed_private_image_path.",1,0
cwa-private-capture-round-1,cwa_surface_fad796c7493035,snickers_bar,Snickers Bar,1990,www.candywrapperarchive.com,https://www.candywrapperarchive.com/candy-collector/1990-snickers/,collection_item_candidate,secondary_context_only,low,private_wrapper_front_context_crop,4,0,0,0,no_private_path_supplied,"Capture or crop the source privately, then fill local_private_image_path or processed_private_image_path.",1,0
cwa-private-capture-round-1,cwa_surface_ab41e441516622,snickers_bar,Snickers Bar,2002,www.candywrapperarchive.com,https://www.candywrapperarchive.com/candy-collector/2002-snickers/,collection_item_candidate,panel_capture_needed,high,private_ingredient_panel_crop,4,0,0,0,no_private_path_supplied,"Capture or crop the source privately, then fill local_private_image_path or processed_private_image_path.",1,0
cwa-private-capture-round-1,cwa_surface_345a33776e2037,snickers_bar,Snickers Bar,2002,www.candywrapperarchive.com,https://www.candywrapperarchive.com/candy-collector/2002-snickers/,collection_item_candidate,panel_capture_needed,high,private_nutrition_panel_crop,4,0,0,0,no_private_path_supplied,"Capture or crop the source privately, then fill local_private_image_path or processed_private_image_path.",1,0
cwa-private-capture-round-1,cwa_surface_8cb41979f83783,snickers_bar,Snickers Bar,2002,www.candywrapperarchive.com,https://www.candywrapperarchive.com/candy-collector/2002-snickers/,collection_item_candidate,readable_panel_photo_needed,medium,private_back_or_side_text_crop,4,0,0,0,no_private_path_supplied,"Capture or crop the source privately, then fill local_private_image_path or processed_private_image_path.",1,0
cwa-private-capture-round-1,cwa_surface_a6398b762f261b,snickers_bar,Snickers Bar,2002,www.candywrapperarchive.com,https://www.candywrapperarchive.com/candy-collector/2002-snickers/,collection_item_candidate,readable_panel_photo_needed,medium,private_net_weight_crop,4,0,0,0,no_private_path_supplied,"Capture or crop the source privately, then fill local_private_image_path or processed_private_image_path.",1,0
cwa-private-capture-round-1,cwa_surface_8aa77ccda497ec,snickers_bar,Snickers Bar,2002,www.candywrapperarchive.com,https://www.candywrapperarchive.com/candy-collector/2002-snickers/,collection_item_candidate,readable_panel_photo_needed,medium,private_maker_or_date_crop,4,0,0,0,no_private_path_supplied,"Capture or crop the source privately, then fill local_private_image_path or processed_private_image_path.",1,0
cwa-private-capture-round-1,cwa_surface_295bb5e34debc7,snickers_bar,Snickers Bar,2002,www.candywrapperarchive.com,https://www.candywrapperarchive.com/candy-collector/2002-snickers/,collection_item_candidate,secondary_context_only,low,private_wrapper_front_context_crop,4,0,0,0,no_private_path_supplied,"Capture or crop the source privately, then fill local_private_image_path or processed_private_image_path.",1,0
cwa-private-capture-round-1,cwa_surface_819be62d0c4b15,kit_kat_bar,Kit Kat Bar,1960s,www.candywrapperarchive.com,https://www.candywrapperarchive.com/candy-collector/1960s-kit-kat/,collection_item_candidate,panel_capture_needed,high,private_ingredient_panel_crop,4,0,0,0,no_private_path_supplied,"Capture or crop the source privately, then fill local_private_image_path or processed_private_image_path.",1,0
cwa-private-capture-round-1,cwa_surface_7d8a03c5ffa10d,kit_kat_bar,Kit Kat Bar,1960s,www.candywrapperarchive.com,https://www.candywrapperarchive.com/candy-collector/1960s-kit-kat/,collection_item_candidate,panel_capture_needed,high,private_nutrition_panel_crop,4,0,0,0,no_private_path_supplied,"Capture or crop the source privately, then fill local_private_image_path or processed_private_image_path.",1,0
cwa-private-capture-round-1,cwa_surface_1e5bb86170c38a,kit_kat_bar,Kit Kat Bar,1960s,www.candywrapperarchive.com,https://www.candywrapperarchive.com/candy-collector/1960s-kit-kat/,collection_item_candidate,readable_panel_photo_needed,medium,private_back_or_side_text_crop,4,0,0,0,no_private_path_supplied,"Capture or crop the source privately, then fill local_private_image_path or processed_private_image_path.",1,0
cwa-private-capture-round-1,cwa_surface_4edf6f2a4f145c,kit_kat_bar,Kit Kat Bar,1960s,www.candywrapperarchive.com,https://www.candywrapperarchive.com/candy-collector/1960s-kit-kat/,collection_item_candidate,readable_panel_photo_needed,medium,private_net_weight_crop,4,0,0,0,no_private_path_supplied,"Capture or crop the source privately, then fill local_private_image_path or processed_private_image_path.",1,0
cwa-private-capture-round-1,cwa_surface_a64b10f83694a7,kit_kat_bar,Kit Kat Bar,1960s,www.candywrapperarchive.com,https://www.candywrapperarchive.com/candy-collector/1960s-kit-kat/,collection_item_candidate,readable_panel_photo_needed,medium,private_maker_or_date_crop,4,0,0,0,no_private_path_supplied,"Capture or crop the source privately, then fill local_private_image_path or processed_private_image_path.",1,0
cwa-private-capture-round-1,cwa_surface_c4287c4d3fac2f,kit_kat_bar,Kit Kat Bar,1960s,www.candywrapperarchive.com,https://www.candywrapperarchive.com/candy-collector/1960s-kit-kat/,collection_item_candidate,secondary_context_only,low,private_wrapper_front_context_crop,4,0,0,0,no_private_path_supplied,"Capture or crop the source privately, then fill local_private_image_path or processed_private_image_path.",1,0
cwa-private-capture-round-1,cwa_surface_dec394a1114740,kit_kat_bar,Kit Kat Bar,1970s,www.candywrapperarchive.com,https://www.candywrapperarchive.com/candy-collector/1970s-kit-kat/,collection_item_candidate,panel_capture_needed,high,private_ingredient_panel_crop,4,0,0,0,no_private_path_supplied,"Capture or crop the source privately, then fill local_private_image_path or processed_private_image_path.",1,0
cwa-private-capture-round-1,cwa_surface_201a7cc9a205f7,kit_kat_bar,Kit Kat Bar,1970s,www.candywrapperarchive.com,https://www.candywrapperarchive.com/candy-collector/1970s-kit-kat/,collection_item_candidate,panel_capture_needed,high,private_nutrition_panel_crop,4,0,0,0,no_private_path_supplied,"Capture or crop the source privately, then fill local_private_image_path or processed_private_image_path.",1,0
cwa-private-capture-round-1,cwa_surface_b4740e60baef00,kit_kat_bar,Kit Kat Bar,1970s,www.candywrapperarchive.com,https://www.candywrapperarchive.com/candy-collector/1970s-kit-kat/,collection_item_candidate,readable_panel_photo_needed,medium,private_back_or_side_text_crop,4,0,0,0,no_private_path_supplied,"Capture or crop the source privately, then fill local_private_image_path or processed_private_image_path.",1,0
cwa-private-capture-round-1,cwa_surface_f8b99e99498db9,kit_kat_bar,Kit Kat Bar,1970s,www.candywrapperarchive.com,https://www.candywrapperarchive.com/candy-collector/1970s-kit-kat/,collection_item_candidate,readable_panel_photo_needed,medium,private_net_weight_crop,4,0,0,0,no_private_path_supplied,"Capture or crop the source privately, then fill local_private_image_path or processed_private_image_path.",1,0
cwa-private-capture-round-1,cwa_surface_69484b7a28be95,kit_kat_bar,Kit Kat Bar,1970s,www.candywrapperarchive.com,https://www.candywrapperarchive.com/candy-collector/1970s-kit-kat/,collection_item_candidate,readable_panel_photo_needed,medium,private_maker_or_date_crop,4,0,0,0,no_private_path_supplied,"Capture or crop the source privately, then fill local_private_image_path or processed_private_image_path.",1,0
cwa-private-capture-round-1,cwa_surface_b9c2cfa5507f04,kit_kat_bar,Kit Kat Bar,1970s,www.candywrapperarchive.com,https://www.candywrapperarchive.com/candy-collector/1970s-kit-kat/,collection_item_candidate,secondary_context_only,low,private_wrapper_front_context_crop,4,0,0,0,no_private_path_supplied,"Capture or crop the source privately, then fill local_private_image_path or processed_private_image_path.",1,0
cwa-private-capture-round-1,cwa_surface_33ce0fd719b584,kit_kat_bar,Kit Kat Bar,2000,www.candywrapperarchive.com,https://www.candywrapperarchive.com/candy-collector/2000-kit-kat/,collection_item_candidate,panel_capture_needed,high,private_ingredient_panel_crop,4,0,0,0,no_private_path_supplied,"Capture or crop the source privately, then fill local_private_image_path or processed_private_image_path.",1,0
cwa-private-capture-round-1,cwa_surface_42b9b72862a106,kit_kat_bar,Kit Kat Bar,2000,www.candywrapperarchive.com,https://www.candywrapperarchive.com/candy-collector/2000-kit-kat/,collection_item_candidate,panel_capture_needed,high,private_nutrition_panel_crop,4,0,0,0,no_private_path_supplied,"Capture or crop the source privately, then fill local_private_image_path or processed_private_image_path.",1,0
cwa-private-capture-round-1,cwa_surface_4ccd7bf4a9f285,kit_kat_bar,Kit Kat Bar,2000,www.candywrapperarchive.com,https://www.candywrapperarchive.com/candy-collector/2000-kit-kat/,collection_item_candidate,readable_panel_photo_needed,medium,private_back_or_side_text_crop,4,0,0,0,no_private_path_supplied,"Capture or crop the source privately, then fill local_private_image_path or processed_private_image_path.",1,0
cwa-private-capture-round-1,cwa_surface_0ae7bf761a4b69,kit_kat_bar,Kit Kat Bar,2000,www.candywrapperarchive.com,https://www.candywrapperarchive.com/candy-collector/2000-kit-kat/,collection_item_candidate,readable_panel_photo_needed,medium,private_net_weight_crop,4,0,0,0,no_private_path_supplied,"Capture or crop the source privately, then fill local_private_image_path or processed_private_image_path.",1,0
cwa-private-capture-round-1,cwa_surface_fed3d756b91159,kit_kat_bar,Kit Kat Bar,2000,www.candywrapperarchive.com,https://www.candywrapperarchive.com/candy-collector/2000-kit-kat/,collection_item_candidate,readable_panel_photo_needed,medium,private_maker_or_date_crop,4,0,0,0,no_private_path_supplied,"Capture or crop the source privately, then fill local_private_image_path or processed_private_image_path.",1,0
cwa-private-capture-round-1,cwa_surface_7e50f2a05cd026,kit_kat_bar,Kit Kat Bar,2000,www.candywrapperarchive.com,https://www.candywrapperarchive.com/candy-collector/2000-kit-kat/,collection_item_candidate,secondary_context_only,low,private_wrapper_front_context_crop,4,0,0,0,no_private_path_supplied,"Capture or crop the source privately, then fill local_private_image_path or processed_private_image_path.",1,0
cwa-private-capture-round-1,cwa_surface_76c404a9ab0d02,kit_kat_bar,Kit Kat Bar,2002,www.candywrapperarchive.com,https://www.candywrapperarchive.com/candy-collector/2002-kit-kat/,collection_item_candidate,panel_capture_needed,high,private_ingredient_panel_crop,4,0,0,0,no_private_path_supplied,"Capture or crop the source privately, then fill local_private_image_path or processed_private_image_path.",1,0
cwa-private-capture-round-1,cwa_surface_c015af7b1bf565,kit_kat_bar,Kit Kat Bar,2002,www.candywrapperarchive.com,https://www.candywrapperarchive.com/candy-collector/2002-kit-kat/,collection_item_candidate,panel_capture_needed,high,private_nutrition_panel_crop,4,0,0,0,no_private_path_supplied,"Capture or crop the source privately, then fill local_private_image_path or processed_private_image_path.",1,0
cwa-private-capture-round-1,cwa_surface_b588cbe20cacc1,kit_kat_bar,Kit Kat Bar,2002,www.candywrapperarchive.com,https://www.candywrapperarchive.com/candy-collector/2002-kit-kat/,collection_item_candidate,readable_panel_photo_needed,medium,private_back_or_side_text_crop,4,0,0,0,no_private_path_supplied,"Capture or crop the source privately, then fill local_private_image_path or processed_private_image_path.",1,0
cwa-private-capture-round-1,cwa_surface_23f94d14ff5e50,kit_kat_bar,Kit Kat Bar,2002,www.candywrapperarchive.com,https://www.candywrapperarchive.com/candy-collector/2002-kit-kat/,collection_item_candidate,readable_panel_photo_needed,medium,private_net_weight_crop,4,0,0,0,no_private_path_supplied,"Capture or crop the source privately, then fill local_private_image_path or processed_private_image_path.",1,0
cwa-private-capture-round-1,cwa_surface_255b9425fb6a5d,kit_kat_bar,Kit Kat Bar,2002,www.candywrapperarchive.com,https://www.candywrapperarchive.com/candy-collector/2002-kit-kat/,collection_item_candidate,readable_panel_photo_needed,medium,private_maker_or_date_crop,4,0,0,0,no_private_path_supplied,"Capture or crop the source privately, then fill local_private_image_path or processed_private_image_path.",1,0
cwa-private-capture-round-1,cwa_surface_354d550d5f7c06,kit_kat_bar,Kit Kat Bar,2002,www.candywrapperarchive.com,https://www.candywrapperarchive.com/candy-collector/2002-kit-kat/,collection_item_candidate,secondary_context_only,low,private_wrapper_front_context_crop,4,0,0,0,no_private_path_supplied,"Capture or crop the source privately, then fill local_private_image_path or processed_private_image_path.",1,0
cwa-private-capture-round-1,cwa_surface_6f3fae0abc7c72,kit_kat_bar,Kit Kat Bar,2006,www.candywrapperarchive.com,https://www.candywrapperarchive.com/candy-collector/2006-kit-kat/,collection_item_candidate,panel_capture_needed,high,private_ingredient_panel_crop,4,0,0,0,no_private_path_supplied,"Capture or crop the source privately, then fill local_private_image_path or processed_private_image_path.",1,0
cwa-private-capture-round-1,cwa_surface_f1e7cf5dcba424,kit_kat_bar,Kit Kat Bar,2006,www.candywrapperarchive.com,https://www.candywrapperarchive.com/candy-collector/2006-kit-kat/,collection_item_candidate,panel_capture_needed,high,private_nutrition_panel_crop,4,0,0,0,no_private_path_supplied,"Capture or crop the source privately, then fill local_private_image_path or processed_private_image_path.",1,0
cwa-private-capture-round-1,cwa_surface_fa52377bce0643,kit_kat_bar,Kit Kat Bar,2006,www.candywrapperarchive.com,https://www.candywrapperarchive.com/candy-collector/2006-kit-kat/,collection_item_candidate,readable_panel_photo_needed,medium,private_back_or_side_text_crop,4,0,0,0,no_private_path_supplied,"Capture or crop the source privately, then fill local_private_image_path or processed_private_image_path.",1,0
cwa-private-capture-round-1,cwa_surface_a47db018792ad7,kit_kat_bar,Kit Kat Bar,2006,www.candywrapperarchive.com,https://www.candywrapperarchive.com/candy-collector/2006-kit-kat/,collection_item_candidate,readable_panel_photo_needed,medium,private_net_weight_crop,4,0,0,0,no_private_path_supplied,"Capture or crop the source privately, then fill local_private_image_path or processed_private_image_path.",1,0
cwa-private-capture-round-1,cwa_surface_8d922b6abe6283,kit_kat_bar,Kit Kat Bar,2006,www.candywrapperarchive.com,https://www.candywrapperarchive.com/candy-collector/2006-kit-kat/,collection_item_candidate,readable_panel_photo_needed,medium,private_maker_or_date_crop,4,0,0,0,no_private_path_supplied,"Capture or crop the source privately, then fill local_private_image_path or processed_private_image_path.",1,0
cwa-private-capture-round-1,cwa_surface_e6626f180de1fa,kit_kat_bar,Kit Kat Bar,2006,www.candywrapperarchive.com,https://www.candywrapperarchive.com/candy-collector/2006-kit-kat/,collection_item_candidate,secondary_context_only,low,private_wrapper_front_context_crop,4,0,0,0,no_private_path_supplied,"Capture or crop the source privately, then fill local_private_image_path or processed_private_image_path.",1,0
cwa-private-capture-round-1,cwa_surface_dbfa098e1bb83f,kit_kat_bar,Kit Kat Bar,2007,www.candywrapperarchive.com,https://www.candywrapperarchive.com/candy-collector/2007-kit-kat/,collection_item_candidate,panel_capture_needed,high,private_ingredient_panel_crop,4,0,0,0,no_private_path_supplied,"Capture or crop the source privately, then fill local_private_image_path or processed_private_image_path.",1,0
cwa-private-capture-round-1,cwa_surface_dc9da14148b7b0,kit_kat_bar,Kit Kat Bar,2007,www.candywrapperarchive.com,https://www.candywrapperarchive.com/candy-collector/2007-kit-kat/,collection_item_candidate,panel_capture_needed,high,private_nutrition_panel_crop,4,0,0,0,no_private_path_supplied,"Capture or crop the source privately, then fill local_private_image_path or processed_private_image_path.",1,0
cwa-private-capture-round-1,cwa_surface_50197e1159783d,kit_kat_bar,Kit Kat Bar,2007,www.candywrapperarchive.com,https://www.candywrapperarchive.com/candy-collector/2007-kit-kat/,collection_item_candidate,readable_panel_photo_needed,medium,private_back_or_side_text_crop,4,0,0,0,no_private_path_supplied,"Capture or crop the source privately, then fill local_private_image_path or processed_private_image_path.",1,0
cwa-private-capture-round-1,cwa_surface_2452510f86cb4a,kit_kat_bar,Kit Kat Bar,2007,www.candywrapperarchive.com,https://www.candywrapperarchive.com/candy-collector/2007-kit-kat/,collection_item_candidate,readable_panel_photo_needed,medium,private_net_weight_crop,4,0,0,0,no_private_path_supplied,"Capture or crop the source privately, then fill local_private_image_path or processed_private_image_path.",1,0
cwa-private-capture-round-1,cwa_surface_5ce2d0ce05463e,kit_kat_bar,Kit Kat Bar,2007,www.candywrapperarchive.com,https://www.candywrapperarchive.com/candy-collector/2007-kit-kat/,collection_item_candidate,readable_panel_photo_needed,medium,private_maker_or_date_crop,4,0,0,0,no_private_path_supplied,"Capture or crop the source privately, then fill local_private_image_path or processed_private_image_path.",1,0
cwa-private-capture-round-1,cwa_surface_ae4acb738bdc6a,kit_kat_bar,Kit Kat Bar,2007,www.candywrapperarchive.com,https://www.candywrapperarchive.com/candy-collector/2007-kit-kat/,collection_item_candidate,secondary_context_only,low,private_wrapper_front_context_crop,4,0,0,0,no_private_path_supplied,"Capture or crop the source privately, then fill local_private_image_path or processed_private_image_path.",1,0
cwa-private-capture-round-1,cwa_surface_1c1af61572976d,tootsie_roll,Tootsie Roll,1940s,www.candywrapperarchive.com,https://www.candywrapperarchive.com/candy-collector/1940s-tootsie-roll/,existing_item_page_candidate,panel_capture_needed,high,private_ingredient_panel_crop,4,0,0,0,no_private_path_supplied,"Capture or crop the source privately, then fill local_private_image_path or processed_private_image_path.",1,0
cwa-private-capture-round-1,cwa_surface_d702a7608086bc,tootsie_roll,Tootsie Roll,1940s,www.candywrapperarchive.com,https://www.candywrapperarchive.com/candy-collector/1940s-tootsie-roll/,existing_item_page_candidate,panel_capture_needed,high,private_nutrition_panel_crop,4,0,0,0,no_private_path_supplied,"Capture or crop the source privately, then fill local_private_image_path or processed_private_image_path.",1,0
cwa-private-capture-round-1,cwa_surface_85e4e647e1ad8b,tootsie_roll,Tootsie Roll,1940s,www.candywrapperarchive.com,https://www.candywrapperarchive.com/candy-collector/1940s-tootsie-roll/,existing_item_page_candidate,readable_panel_photo_needed,medium,private_back_or_side_text_crop,4,0,0,0,no_private_path_supplied,"Capture or crop the source privately, then fill local_private_image_path or processed_private_image_path.",1,0
cwa-private-capture-round-1,cwa_surface_1a0dcecc518a08,tootsie_roll,Tootsie Roll,1940s,www.candywrapperarchive.com,https://www.candywrapperarchive.com/candy-collector/1940s-tootsie-roll/,existing_item_page_candidate,readable_panel_photo_needed,medium,private_net_weight_crop,4,0,0,0,no_private_path_supplied,"Capture or crop the source privately, then fill local_private_image_path or processed_private_image_path.",1,0
cwa-private-capture-round-1,cwa_surface_08551d420e2882,tootsie_roll,Tootsie Roll,1940s,www.candywrapperarchive.com,https://www.candywrapperarchive.com/candy-collector/1940s-tootsie-roll/,existing_item_page_candidate,readable_panel_photo_needed,medium,private_maker_or_date_crop,4,0,0,0,no_private_path_supplied,"Capture or crop the source privately, then fill local_private_image_path or processed_private_image_path.",1,0
cwa-private-capture-round-1,cwa_surface_8deb2fb1e82573,tootsie_roll,Tootsie Roll,1940s,www.candywrapperarchive.com,https://www.candywrapperarchive.com/candy-collector/1940s-tootsie-roll/,existing_item_page_candidate,secondary_context_only,low,private_wrapper_front_context_crop,4,0,0,0,no_private_path_supplied,"Capture or crop the source privately, then fill local_private_image_path or processed_private_image_path.",1,0
cwa-private-capture-round-1,cwa_surface_6314d53e42dde4,tootsie_roll,Tootsie Roll,1960s,www.candywrapperarchive.com,https://www.candywrapperarchive.com/candy-collector/1960s-tootsie-roll-2/,existing_item_page_candidate,panel_capture_needed,high,private_ingredient_panel_crop,4,0,0,0,no_private_path_supplied,"Capture or crop the source privately, then fill local_private_image_path or processed_private_image_path.",1,0
cwa-private-capture-round-1,cwa_surface_07a42f232f27b3,tootsie_roll,Tootsie Roll,1960s,www.candywrapperarchive.com,https://www.candywrapperarchive.com/candy-collector/1960s-tootsie-roll-2/,existing_item_page_candidate,panel_capture_needed,high,private_nutrition_panel_crop,4,0,0,0,no_private_path_supplied,"Capture or crop the source privately, then fill local_private_image_path or processed_private_image_path.",1,0
cwa-private-capture-round-1,cwa_surface_8a7d661470a05d,tootsie_roll,Tootsie Roll,1960s,www.candywrapperarchive.com,https://www.candywrapperarchive.com/candy-collector/1960s-tootsie-roll-2/,existing_item_page_candidate,readable_panel_photo_needed,medium,private_back_or_side_text_crop,4,0,0,0,no_private_path_supplied,"Capture or crop the source privately, then fill local_private_image_path or processed_private_image_path.",1,0
cwa-private-capture-round-1,cwa_surface_6b7733547e2f22,tootsie_roll,Tootsie Roll,1960s,www.candywrapperarchive.com,https://www.candywrapperarchive.com/candy-collector/1960s-tootsie-roll-2/,existing_item_page_candidate,readable_panel_photo_needed,medium,private_net_weight_crop,4,0,0,0,no_private_path_supplied,"Capture or crop the source privately, then fill local_private_image_path or processed_private_image_path.",1,0
cwa-private-capture-round-1,cwa_surface_b53803e8be5aca,tootsie_roll,Tootsie Roll,1960s,www.candywrapperarchive.com,https://www.candywrapperarchive.com/candy-collector/1960s-tootsie-roll-2/,existing_item_page_candidate,readable_panel_photo_needed,medium,private_maker_or_date_crop,4,0,0,0,no_private_path_supplied,"Capture or crop the source privately, then fill local_private_image_path or processed_private_image_path.",1,0
cwa-private-capture-round-1,cwa_surface_664913603b28db,tootsie_roll,Tootsie Roll,1960s,www.candywrapperarchive.com,https://www.candywrapperarchive.com/candy-collector/1960s-tootsie-roll-2/,existing_item_page_candidate,secondary_context_only,low,private_wrapper_front_context_crop,4,0,0,0,no_private_path_supplied,"Capture or crop the source privately, then fill local_private_image_path or processed_private_image_path.",1,0
