product_id,product_name,priority_tier,story_seed_status,ingredient_claim_status,public_confidence_label,lineage_span_label,source_era_count,source_url_count,earliest_vintage_label,latest_vintage_label,exact_year_count,decade_count,direct_image_reference_count,surface_slots,ocr_surface_rows,ingredient_panel_targets,nutrition_panel_targets,support_text_targets,secondary_context_targets,readable_for_ocr,verified_ingredient_labels,unresolved_gaps,next_action,publication_policy,first_source_url,source_urls,candidate_only,manual_verified
butterfinger_bar,Butterfinger Bar,dense_lineage_first,package_lineage_story_seed_ready,blocked_pending_readable_panel_crop_ocr_and_manual_verification,source-attributable package lineage; no verified ingredient formulation,1930s-2009,8,8,1930s,2009,6,6,8,48,40,8,8,24,8,0,0,private panel crops not supplied; OCR not run on readable ingredient/nutrition surfaces; corrected ingredient text not reviewed; manual verification and reviewer attribution missing; external image rights not cleared for publication,"Capture private ingredient/nutrition/back-side surfaces from the linked source pages, run native OCR on readable text crops, then review corrected text before promoting formulation claims.","source links and story seed metadata only; no external images, private paths, OCR text, or verified ingredient claims",https://www.candywrapperarchive.com/candy-collector/1930s-butterfinger-2/,https://www.candywrapperarchive.com/candy-collector/1930s-butterfinger-2/;https://www.candywrapperarchive.com/candy-collector/1936-butterfinger/;https://www.candywrapperarchive.com/candy-collector/1950-butterfinger-2/;https://www.candywrapperarchive.com/candy-collector/1964-butterfinger/;https://www.candywrapperarchive.com/candy-collector/1975-butterfinger/;https://www.candywrapperarchive.com/candy-collector/1980s-butterfinger/;https://www.candywrapperarchive.com/candy-collector/2002-butterfinger/;https://www.candywrapperarchive.com/candy-collector/2009-butterfinger/,1,0
reeses_peanut_butter_cups,Reese's Peanut Butter Cups,dense_lineage_first,package_lineage_story_seed_ready,blocked_pending_readable_panel_crop_ocr_and_manual_verification,source-attributable package lineage; no verified ingredient formulation,1940s-2005,7,7,1940s,2005,4,5,7,42,35,7,7,21,7,0,0,private panel crops not supplied; OCR not run on readable ingredient/nutrition surfaces; corrected ingredient text not reviewed; manual verification and reviewer attribution missing; external image rights not cleared for publication,"Capture private ingredient/nutrition/back-side surfaces from the linked source pages, run native OCR on readable text crops, then review corrected text before promoting formulation claims.","source links and story seed metadata only; no external images, private paths, OCR text, or verified ingredient claims",https://www.candywrapperarchive.com/candy-collector/1940s-reeses-bag/,https://www.candywrapperarchive.com/candy-collector/1940s-reeses-bag/;https://www.candywrapperarchive.com/candy-collector/1970s-reeses/;https://www.candywrapperarchive.com/candy-collector/1980s-reeses/;https://www.candywrapperarchive.com/candy-collector/1991-reeses/;https://www.candywrapperarchive.com/candy-collector/2002-reeses/;https://www.candywrapperarchive.com/candy-collector/2003-reeses/;https://www.candywrapperarchive.com/candy-collector/2005-reeses/,1,0
hersheys_milk_chocolate_bar,Hershey's Milk Chocolate Bar,dense_lineage_first,package_lineage_story_seed_ready,blocked_pending_readable_panel_crop_ocr_and_manual_verification,source-attributable package lineage; no verified ingredient formulation,1908-1960s,6,6,1908,1960s,3,6,6,36,30,6,6,18,6,0,0,private panel crops not supplied; OCR not run on readable ingredient/nutrition surfaces; corrected ingredient text not reviewed; manual verification and reviewer attribution missing; external image rights not cleared for publication,"Capture private ingredient/nutrition/back-side surfaces from the linked source pages, run native OCR on readable text crops, then review corrected text before promoting formulation claims.","source links and story seed metadata only; no external images, private paths, OCR text, or verified ingredient claims",https://www.candywrapperarchive.com/candy-collector/1908-hershey-wrapper/,https://www.candywrapperarchive.com/candy-collector/1908-hershey-wrapper/;https://www.candywrapperarchive.com/candy-collector/1910-hershey/;https://www.candywrapperarchive.com/candy-collector/1930s-hershey/;https://www.candywrapperarchive.com/candy-collector/1940-hershey/;https://www.candywrapperarchive.com/candy-collector/1950s-hershey/;https://www.candywrapperarchive.com/candy-collector/1960s-hershey/,1,0
kit_kat_bar,Kit Kat Bar,multi_era_lineage,package_lineage_story_seed_ready,blocked_pending_readable_panel_crop_ocr_and_manual_verification,source-attributable package lineage; no verified ingredient formulation,1960s-2007,6,6,1960s,2007,4,3,6,36,30,6,6,18,6,0,0,private panel crops not supplied; OCR not run on readable ingredient/nutrition surfaces; corrected ingredient text not reviewed; manual verification and reviewer attribution missing; external image rights not cleared for publication,"Capture private ingredient/nutrition/back-side surfaces from the linked source pages, run native OCR on readable text crops, then review corrected text before promoting formulation claims.","source links and story seed metadata only; no external images, private paths, OCR text, or verified ingredient claims",https://www.candywrapperarchive.com/candy-collector/1960s-kit-kat/,https://www.candywrapperarchive.com/candy-collector/1960s-kit-kat/;https://www.candywrapperarchive.com/candy-collector/1970s-kit-kat/;https://www.candywrapperarchive.com/candy-collector/2000-kit-kat/;https://www.candywrapperarchive.com/candy-collector/2002-kit-kat/;https://www.candywrapperarchive.com/candy-collector/2006-kit-kat/;https://www.candywrapperarchive.com/candy-collector/2007-kit-kat/,1,0
snickers_bar,Snickers Bar,dense_lineage_first,package_lineage_story_seed_ready,blocked_pending_readable_panel_crop_ocr_and_manual_verification,source-attributable package lineage; no verified ingredient formulation,1939-2002,6,6,1939,2002,4,6,6,36,30,6,6,18,6,0,0,private panel crops not supplied; OCR not run on readable ingredient/nutrition surfaces; corrected ingredient text not reviewed; manual verification and reviewer attribution missing; external image rights not cleared for publication,"Capture private ingredient/nutrition/back-side surfaces from the linked source pages, run native OCR on readable text crops, then review corrected text before promoting formulation claims.","source links and story seed metadata only; no external images, private paths, OCR text, or verified ingredient claims",https://www.candywrapperarchive.com/candy-collector/1940s-snickers/,https://www.candywrapperarchive.com/candy-collector/1940s-snickers/;https://www.candywrapperarchive.com/candy-collector/1940s-snickers-2/;https://www.candywrapperarchive.com/candy-collector/1950s-snickers/;https://www.candywrapperarchive.com/candy-collector/1983-snickers/;https://www.candywrapperarchive.com/candy-collector/1990-snickers/;https://www.candywrapperarchive.com/candy-collector/2002-snickers/,1,0
mms_milk_chocolate,M&M's Milk Chocolate Candies,multi_era_lineage,package_lineage_story_seed_ready,blocked_pending_readable_panel_crop_ocr_and_manual_verification,source-attributable package lineage; no verified ingredient formulation,1970s-1998,5,5,1970s,1998,2,2,5,30,25,5,5,15,5,0,0,private panel crops not supplied; OCR not run on readable ingredient/nutrition surfaces; corrected ingredient text not reviewed; manual verification and reviewer attribution missing; external image rights not cleared for publication,"Capture private ingredient/nutrition/back-side surfaces from the linked source pages, run native OCR on readable text crops, then review corrected text before promoting formulation claims.","source links and story seed metadata only; no external images, private paths, OCR text, or verified ingredient claims",https://www.candywrapperarchive.com/candy-collector/1970s-mms/,https://www.candywrapperarchive.com/candy-collector/1970s-mms/;https://www.candywrapperarchive.com/candy-collector/1997-mm/;https://www.candywrapperarchive.com/candy-collector/1997-mm-2/;https://www.candywrapperarchive.com/candy-collector/1998-mm/;https://www.candywrapperarchive.com/candy-collector/1998-mm-2/,1,0
twix_bar,Twix Bar,multi_era_lineage,package_lineage_story_seed_ready,blocked_pending_readable_panel_crop_ocr_and_manual_verification,source-attributable package lineage; no verified ingredient formulation,2002-2009,5,5,2002,2009,5,1,5,30,25,5,5,15,5,0,0,private panel crops not supplied; OCR not run on readable ingredient/nutrition surfaces; corrected ingredient text not reviewed; manual verification and reviewer attribution missing; external image rights not cleared for publication,"Capture private ingredient/nutrition/back-side surfaces from the linked source pages, run native OCR on readable text crops, then review corrected text before promoting formulation claims.","source links and story seed metadata only; no external images, private paths, OCR text, or verified ingredient claims",https://www.candywrapperarchive.com/candy-collector/2002-twix/,https://www.candywrapperarchive.com/candy-collector/2002-twix/;https://www.candywrapperarchive.com/candy-collector/2003-twix/;https://www.candywrapperarchive.com/candy-collector/2004-twix/;https://www.candywrapperarchive.com/candy-collector/2006-twix/;https://www.candywrapperarchive.com/candy-collector/2009-twix/,1,0
milky_way_bar,Milky Way Bar,multi_era_lineage,package_lineage_story_seed_ready,blocked_pending_readable_panel_crop_ocr_and_manual_verification,source-attributable package lineage; no verified ingredient formulation,1939-1958,4,4,1939,1958,2,3,4,24,20,4,4,12,4,0,0,private panel crops not supplied; OCR not run on readable ingredient/nutrition surfaces; corrected ingredient text not reviewed; manual verification and reviewer attribution missing; external image rights not cleared for publication,"Capture private ingredient/nutrition/back-side surfaces from the linked source pages, run native OCR on readable text crops, then review corrected text before promoting formulation claims.","source links and story seed metadata only; no external images, private paths, OCR text, or verified ingredient claims",https://www.candywrapperarchive.com/candy-collector/1939-milky-way/,https://www.candywrapperarchive.com/candy-collector/1939-milky-way/;https://www.candywrapperarchive.com/candy-collector/1940s-milky-way/;https://www.candywrapperarchive.com/candy-collector/1950s-milky-way-2/;https://www.candywrapperarchive.com/candy-collector/1958-milky-way/,1,0
tootsie_roll,Tootsie Roll,promising_lineage,package_lineage_story_seed_ready,blocked_pending_readable_panel_crop_ocr_and_manual_verification,source-attributable package lineage; no verified ingredient formulation,1940s-1960s,2,2,1940s,1960s,0,2,2,12,10,2,2,6,2,0,0,private panel crops not supplied; OCR not run on readable ingredient/nutrition surfaces; corrected ingredient text not reviewed; manual verification and reviewer attribution missing; external image rights not cleared for publication,"Capture private ingredient/nutrition/back-side surfaces from the linked source pages, run native OCR on readable text crops, then review corrected text before promoting formulation claims.","source links and story seed metadata only; no external images, private paths, OCR text, or verified ingredient claims",https://www.candywrapperarchive.com/candy-collector/1940s-tootsie-roll/,https://www.candywrapperarchive.com/candy-collector/1940s-tootsie-roll/;https://www.candywrapperarchive.com/candy-collector/1960s-tootsie-roll-2/,1,0
