product_id,product_name,category,corpus_scope,story_status,claim_status,source_backed_slots,total_slots,coverage,verified_labels,candidate_text_chapters,source_receipts,link_only_receipts,public_embeds,source_gaps,public_photo_mode,claim_boundary,next_unlock
oreo_original_chocolate_sandwich_cookies,Oreo Original Chocolate Sandwich Cookies,packaged cookies,story_rich_pilot,confirmed_story_ready,needs_manual_verification,6,6,100,0,2,14,14,0,1,source_receipts_only,1912 original ingredient label not verified. Do not imply a verified original recipe or a full original-to-current formulation diff.,"Review the supplied Flickr screenshots against the source pages, capture higher-resolution label panels where possible, and attach reviewer attribution before comparing ingredients."
doritos_nacho_cheese,Doritos Nacho Cheese,chips,story_rich_pilot,confirmed_story_ready,needs_manual_verification,6,6,100,0,2,11,11,0,0,source_receipts_only,No manual-verified ingredient labels are attached in this pilot snapshot; do not publish definitive formulation diffs.,"Open best source URLs, classify visible panels, archive URLs, and attach verified label text where readable."
cheerios_original,Cheerios Original,cereal,story_rich_pilot,confirmed_story_ready,needs_manual_verification,5,6,83,0,3,9,9,0,1,source_receipts_only,No manual-verified ingredient labels are attached in this pilot snapshot; do not publish definitive formulation diffs.,"Open best source URLs, classify visible panels, archive URLs, and attach verified label text where readable."
coca_cola_classic,Coca-Cola Classic,beverages,story_rich_pilot,confirmed_story_ready,needs_manual_verification,6,6,100,0,3,7,7,0,0,source_receipts_only,No manual-verified ingredient labels are attached in this pilot snapshot; do not publish definitive formulation diffs.,"Open best source URLs, classify visible panels, archive URLs, and attach verified label text where readable."
campbells_tomato_soup,Campbell's Condensed Tomato Soup,soup,story_rich_pilot,confirmed_story_ready,needs_manual_verification,4,6,67,0,2,11,11,0,2,source_receipts_only,No manual-verified ingredient labels are attached in this pilot snapshot; do not publish definitive formulation diffs.,"Open best source URLs, classify visible panels, archive URLs, and attach verified label text where readable."
heinz_tomato_ketchup,Heinz Tomato Ketchup,condiments,story_rich_pilot,confirmed_story_ready,needs_manual_verification,4,6,67,0,1,10,10,0,2,source_receipts_only,No manual-verified ingredient labels are attached in this pilot snapshot; do not publish definitive formulation diffs.,"Open best source URLs, classify visible panels, archive URLs, and attach verified label text where readable."
poptarts_frosted_strawberry,Pop-Tarts Frosted Strawberry,breakfast,story_rich_pilot,confirmed_story_ready,needs_manual_verification,5,6,83,0,2,11,11,0,1,source_receipts_only,No manual-verified ingredient labels are attached in this pilot snapshot; do not publish definitive formulation diffs.,"Open best source URLs, classify visible panels, archive URLs, and attach verified label text where readable."
kraft_macaroni_and_cheese_original,Kraft Macaroni & Cheese Original,prepared foods,story_rich_pilot,confirmed_story_ready,needs_manual_verification,5,6,83,0,1,12,12,0,1,source_receipts_only,No manual-verified ingredient labels are attached in this pilot snapshot; do not publish definitive formulation diffs.,"Open best source URLs, classify visible panels, archive URLs, and attach verified label text where readable."
mcdonalds_big_mac,McDonald's Big Mac,fast food,story_rich_pilot,confirmed_story_ready,needs_manual_verification,6,6,100,0,3,7,7,0,0,source_receipts_only,No manual-verified ingredient labels are attached in this pilot snapshot; do not publish definitive formulation diffs.,"Open best source URLs, classify visible panels, archive URLs, and attach verified label text where readable."
mcdonalds_chicken_mcnuggets,McDonald's Chicken McNuggets,fast food,story_rich_pilot,confirmed_story_ready,needs_manual_verification,5,6,83,0,3,9,9,0,1,source_receipts_only,No manual-verified ingredient labels are attached in this pilot snapshot; do not publish definitive formulation diffs.,"Open best source URLs, classify visible panels, archive URLs, and attach verified label text where readable."
chips_ahoy_original,Chips Ahoy! Original Cookies,cookies,full_corpus_shell,full_corpus_selectable,needs_manual_verification,4,6,67,0,0,15,15,0,2,source_receipts_only,Do not publish definitive formulation diffs until source-attributable label text is manually verified.,"Open best source URLs, classify visible panels, archive URLs, and attach verified label text where readable."
twinkies,Hostess Twinkies,snack cakes,full_corpus_shell,full_corpus_selectable,needs_manual_verification,5,6,83,0,0,10,10,0,1,source_receipts_only,Do not publish definitive formulation diffs until source-attributable label text is manually verified.,"Open best source URLs, classify visible panels, archive URLs, and attach verified label text where readable."
mcdonalds_world_famous_fries,McDonald's World Famous Fries,fast food,full_corpus_shell,full_corpus_selectable,needs_manual_verification,5,6,83,0,0,10,10,0,1,source_receipts_only,Do not publish definitive formulation diffs until source-attributable label text is manually verified.,"Open best source URLs, classify visible panels, archive URLs, and attach verified label text where readable."
ritz_original_crackers,Ritz Original Crackers,crackers,full_corpus_shell,full_corpus_selectable,needs_manual_verification,5,6,83,0,0,18,18,0,1,source_receipts_only,Do not publish definitive formulation diffs until source-attributable label text is manually verified.,"Open best source URLs, classify visible panels, archive URLs, and attach verified label text where readable."
burger_king_whopper,Burger King Whopper,fast food,full_corpus_shell,full_corpus_selectable,needs_manual_verification,4,6,67,0,0,4,4,0,2,source_receipts_only,Do not publish definitive formulation diffs until source-attributable label text is manually verified.,"Open best source URLs, classify visible panels, archive URLs, and attach verified label text where readable."
cheez_it_original,Cheez-It Original Crackers,crackers,full_corpus_shell,full_corpus_selectable,needs_manual_verification,4,6,67,0,0,10,10,0,2,source_receipts_only,Do not publish definitive formulation diffs until source-attributable label text is manually verified.,"Open best source URLs, classify visible panels, archive URLs, and attach verified label text where readable."
hersheys_milk_chocolate_bar,Hershey's Milk Chocolate Bar,candy,full_corpus_shell,full_corpus_selectable,needs_manual_verification,5,6,83,0,0,14,14,0,1,source_receipts_only,Do not publish definitive formulation diffs until source-attributable label text is manually verified.,"Open best source URLs, classify visible panels, archive URLs, and attach verified label text where readable."
honey_nut_cheerios,Honey Nut Cheerios,cereal,full_corpus_shell,full_corpus_selectable,needs_manual_verification,4,6,67,0,0,12,12,0,2,source_receipts_only,Do not publish definitive formulation diffs until source-attributable label text is manually verified.,"Open best source URLs, classify visible panels, archive URLs, and attach verified label text where readable."
lays_classic,Lay's Classic Potato Chips,chips,full_corpus_shell,full_corpus_selectable,needs_manual_verification,5,6,83,0,0,14,14,0,1,source_receipts_only,Do not publish definitive formulation diffs until source-attributable label text is manually verified.,"Open best source URLs, classify visible panels, archive URLs, and attach verified label text where readable."
pepsi_cola,Pepsi Cola,beverages,full_corpus_shell,full_corpus_selectable,needs_manual_verification,4,6,67,0,0,10,10,0,2,source_receipts_only,Do not publish definitive formulation diffs until source-attributable label text is manually verified.,"Open best source URLs, classify visible panels, archive URLs, and attach verified label text where readable."
reeses_peanut_butter_cups,Reese's Peanut Butter Cups,candy,full_corpus_shell,full_corpus_selectable,needs_manual_verification,3,6,50,0,0,20,20,0,3,source_receipts_only,Do not publish definitive formulation diffs until source-attributable label text is manually verified.,"Open best source URLs, classify visible panels, archive URLs, and attach verified label text where readable."
campbells_chicken_noodle_soup,Campbell's Chicken Noodle Soup,soup,full_corpus_shell,full_corpus_selectable,needs_manual_verification,4,6,67,0,0,10,10,0,2,source_receipts_only,Do not publish definitive formulation diffs until source-attributable label text is manually verified.,"Open best source URLs, classify visible panels, archive URLs, and attach verified label text where readable."
cheetos_crunchy,Cheetos Crunchy,chips,full_corpus_shell,full_corpus_selectable,needs_manual_verification,5,6,83,0,0,15,15,0,1,source_receipts_only,Do not publish definitive formulation diffs until source-attributable label text is manually verified.,"Open best source URLs, classify visible panels, archive URLs, and attach verified label text where readable."
corn_flakes,Kellogg's Corn Flakes,cereal,full_corpus_shell,full_corpus_selectable,needs_manual_verification,4,6,67,0,0,8,8,0,2,source_receipts_only,Do not publish definitive formulation diffs until source-attributable label text is manually verified.,"Open best source URLs, classify visible panels, archive URLs, and attach verified label text where readable."
froot_loops,Kellogg's Froot Loops,cereal,full_corpus_shell,full_corpus_selectable,needs_manual_verification,4,6,67,0,0,11,11,0,2,source_receipts_only,Do not publish definitive formulation diffs until source-attributable label text is manually verified.,"Open best source URLs, classify visible panels, archive URLs, and attach verified label text where readable."
frosted_flakes,Kellogg's Frosted Flakes,cereal,full_corpus_shell,full_corpus_selectable,needs_manual_verification,5,6,83,0,0,19,19,0,1,source_receipts_only,Do not publish definitive formulation diffs until source-attributable label text is manually verified.,"Open best source URLs, classify visible panels, archive URLs, and attach verified label text where readable."
lucky_charms,Lucky Charms,cereal,full_corpus_shell,full_corpus_selectable,needs_manual_verification,5,6,83,0,0,9,9,0,1,source_receipts_only,Do not publish definitive formulation diffs until source-attributable label text is manually verified.,"Open best source URLs, classify visible panels, archive URLs, and attach verified label text where readable."
poptarts_brown_sugar_cinnamon,Pop-Tarts Frosted Brown Sugar Cinnamon,breakfast,full_corpus_shell,full_corpus_selectable,needs_manual_verification,5,6,83,0,0,15,15,0,1,source_receipts_only,Do not publish definitive formulation diffs until source-attributable label text is manually verified.,"Open best source URLs, classify visible panels, archive URLs, and attach verified label text where readable."
chick_fil_a_chicken_sandwich,Chick-fil-A Chicken Sandwich,fast food,full_corpus_shell,full_corpus_selectable,needs_manual_verification,3,6,50,0,0,11,11,0,3,source_receipts_only,Do not publish definitive formulation diffs until source-attributable label text is manually verified.,"Open best source URLs, classify visible panels, archive URLs, and attach verified label text where readable."
cinnamon_toast_crunch,Cinnamon Toast Crunch,cereal,full_corpus_shell,full_corpus_selectable,needs_manual_verification,5,6,83,0,0,10,10,0,1,source_receipts_only,Do not publish definitive formulation diffs until source-attributable label text is manually verified.,"Open best source URLs, classify visible panels, archive URLs, and attach verified label text where readable."
kfc_original_recipe_chicken,KFC Original Recipe Chicken,fast food,full_corpus_shell,full_corpus_selectable,needs_manual_verification,5,6,83,0,0,8,8,0,1,source_receipts_only,Do not publish definitive formulation diffs until source-attributable label text is manually verified.,"Open best source URLs, classify visible panels, archive URLs, and attach verified label text where readable."
mms_milk_chocolate,M&M's Milk Chocolate Candies,candy,full_corpus_shell,full_corpus_selectable,needs_manual_verification,4,6,67,0,0,16,16,0,2,source_receipts_only,Do not publish definitive formulation diffs until source-attributable label text is manually verified.,"Open best source URLs, classify visible panels, archive URLs, and attach verified label text where readable."
mountain_dew_original,Mountain Dew Original,beverages,full_corpus_shell,full_corpus_selectable,needs_manual_verification,5,6,83,0,0,16,16,0,1,source_receipts_only,Do not publish definitive formulation diffs until source-attributable label text is manually verified.,"Open best source URLs, classify visible panels, archive URLs, and attach verified label text where readable."
pepperidge_farm_goldfish_cheddar,Pepperidge Farm Goldfish Cheddar,crackers,full_corpus_shell,full_corpus_selectable,needs_manual_verification,4,6,67,0,0,8,8,0,2,source_receipts_only,Do not publish definitive formulation diffs until source-attributable label text is manually verified.,"Open best source URLs, classify visible panels, archive URLs, and attach verified label text where readable."
pringles_original,Pringles Original Crisps,chips,full_corpus_shell,full_corpus_selectable,needs_manual_verification,5,6,83,0,0,20,20,0,1,source_receipts_only,Do not publish definitive formulation diffs until source-attributable label text is manually verified.,"Open best source URLs, classify visible panels, archive URLs, and attach verified label text where readable."
snickers_bar,Snickers Bar,candy,full_corpus_shell,full_corpus_selectable,needs_manual_verification,5,6,83,0,0,8,8,0,1,source_receipts_only,Do not publish definitive formulation diffs until source-attributable label text is manually verified.,"Open best source URLs, classify visible panels, archive URLs, and attach verified label text where readable."
taco_bell_crunchy_taco,Taco Bell Crunchy Taco,fast food,full_corpus_shell,full_corpus_selectable,needs_manual_verification,3,6,50,0,0,9,9,0,3,source_receipts_only,Do not publish definitive formulation diffs until source-attributable label text is manually verified.,"Open best source URLs, classify visible panels, archive URLs, and attach verified label text where readable."
capn_crunch_original,Cap'n Crunch Original,cereal,full_corpus_shell,full_corpus_selectable,needs_manual_verification,4,6,67,0,0,17,17,0,2,source_receipts_only,Do not publish definitive formulation diffs until source-attributable label text is manually verified.,"Open best source URLs, classify visible panels, archive URLs, and attach verified label text where readable."
dr_pepper_original,Dr Pepper Original,beverages,full_corpus_shell,full_corpus_selectable,needs_manual_verification,4,6,67,0,0,15,15,0,2,source_receipts_only,Do not publish definitive formulation diffs until source-attributable label text is manually verified.,"Open best source URLs, classify visible panels, archive URLs, and attach verified label text where readable."
jello_strawberry_gelatin,Jell-O Strawberry Gelatin,desserts,full_corpus_shell,full_corpus_selectable,needs_manual_verification,4,6,67,0,0,10,10,0,2,source_receipts_only,Do not publish definitive formulation diffs until source-attributable label text is manually verified.,"Open best source URLs, classify visible panels, archive URLs, and attach verified label text where readable."
rice_krispies,Kellogg's Rice Krispies,cereal,full_corpus_shell,full_corpus_selectable,needs_manual_verification,4,6,67,0,0,9,9,0,2,source_receipts_only,Do not publish definitive formulation diffs until source-attributable label text is manually verified.,"Open best source URLs, classify visible panels, archive URLs, and attach verified label text where readable."
wendys_daves_single,Wendy's Dave's Single,fast food,full_corpus_shell,full_corpus_selectable,needs_manual_verification,3,6,50,0,0,10,10,0,3,source_receipts_only,Do not publish definitive formulation diffs until source-attributable label text is manually verified.,"Open best source URLs, classify visible panels, archive URLs, and attach verified label text where readable."
wheat_thins_original,Wheat Thins Original,crackers,full_corpus_shell,full_corpus_selectable,needs_manual_verification,4,6,67,0,0,18,18,0,2,source_receipts_only,Do not publish definitive formulation diffs until source-attributable label text is manually verified.,"Open best source URLs, classify visible panels, archive URLs, and attach verified label text where readable."
fig_newtons,Fig Newtons,cookies,full_corpus_shell,full_corpus_selectable,needs_manual_verification,4,6,67,0,0,11,11,0,2,source_receipts_only,Do not publish definitive formulation diffs until source-attributable label text is manually verified.,"Open best source URLs, classify visible panels, archive URLs, and attach verified label text where readable."
hostess_cupcakes,Hostess CupCakes,snack cakes,full_corpus_shell,full_corpus_selectable,needs_manual_verification,4,6,67,0,0,14,14,0,2,source_receipts_only,Do not publish definitive formulation diffs until source-attributable label text is manually verified.,"Open best source URLs, classify visible panels, archive URLs, and attach verified label text where readable."
jif_creamy_peanut_butter,Jif Creamy Peanut Butter,spreads,full_corpus_shell,full_corpus_selectable,needs_manual_verification,4,6,67,0,0,6,6,0,2,source_receipts_only,Do not publish definitive formulation diffs until source-attributable label text is manually verified.,"Open best source URLs, classify visible panels, archive URLs, and attach verified label text where readable."
kit_kat_bar,Kit Kat Bar,candy,full_corpus_shell,full_corpus_selectable,needs_manual_verification,5,6,83,0,0,14,14,0,1,source_receipts_only,Do not publish definitive formulation diffs until source-attributable label text is manually verified.,"Open best source URLs, classify visible panels, archive URLs, and attach verified label text where readable."
popeyes_chicken_sandwich,Popeyes Chicken Sandwich,fast food,full_corpus_shell,full_corpus_selectable,needs_manual_verification,3,6,50,0,0,9,9,0,3,source_receipts_only,Do not publish definitive formulation diffs until source-attributable label text is manually verified.,"Open best source URLs, classify visible panels, archive URLs, and attach verified label text where readable."
triscuit_original,Triscuit Original Crackers,crackers,full_corpus_shell,full_corpus_selectable,needs_manual_verification,4,6,67,0,0,9,9,0,2,source_receipts_only,Do not publish definitive formulation diffs until source-attributable label text is manually verified.,"Open best source URLs, classify visible panels, archive URLs, and attach verified label text where readable."
cocoa_puffs,Cocoa Puffs,cereal,full_corpus_shell,full_corpus_selectable,needs_manual_verification,4,6,67,0,0,13,13,0,2,source_receipts_only,Do not publish definitive formulation diffs until source-attributable label text is manually verified.,"Open best source URLs, classify visible panels, archive URLs, and attach verified label text where readable."
fritos_original,Fritos Original Corn Chips,chips,full_corpus_shell,full_corpus_selectable,needs_manual_verification,4,6,67,0,0,21,21,0,2,source_receipts_only,Do not publish definitive formulation diffs until source-attributable label text is manually verified.,"Open best source URLs, classify visible panels, archive URLs, and attach verified label text where readable."
kraft_singles_american,Kraft Singles American Cheese,dairy,full_corpus_shell,full_corpus_selectable,needs_manual_verification,3,6,50,0,0,14,14,0,3,source_receipts_only,Do not publish definitive formulation diffs until source-attributable label text is manually verified.,"Open best source URLs, classify visible panels, archive URLs, and attach verified label text where readable."
nilla_wafers,Nilla Wafers,cookies,full_corpus_shell,full_corpus_selectable,needs_manual_verification,5,6,83,0,0,11,11,0,1,source_receipts_only,Do not publish definitive formulation diffs until source-attributable label text is manually verified.,"Open best source URLs, classify visible panels, archive URLs, and attach verified label text where readable."
nutella_hazelnut_spread,Nutella Hazelnut Spread,spreads,full_corpus_shell,full_corpus_selectable,needs_manual_verification,4,6,67,0,0,17,17,0,2,source_receipts_only,Do not publish definitive formulation diffs until source-attributable label text is manually verified.,"Open best source URLs, classify visible panels, archive URLs, and attach verified label text where readable."
ruffles_original,Ruffles Original Potato Chips,chips,full_corpus_shell,full_corpus_selectable,needs_manual_verification,4,6,67,0,0,10,10,0,2,source_receipts_only,Do not publish definitive formulation diffs until source-attributable label text is manually verified.,"Open best source URLs, classify visible panels, archive URLs, and attach verified label text where readable."
skippy_creamy_peanut_butter,Skippy Creamy Peanut Butter,spreads,full_corpus_shell,full_corpus_selectable,needs_manual_verification,3,6,50,0,0,15,15,0,3,source_receipts_only,Do not publish definitive formulation diffs until source-attributable label text is manually verified.,"Open best source URLs, classify visible panels, archive URLs, and attach verified label text where readable."
spam_classic,SPAM Classic,meat,full_corpus_shell,full_corpus_selectable,needs_manual_verification,4,6,67,0,0,18,18,0,2,source_receipts_only,Do not publish definitive formulation diffs until source-attributable label text is manually verified.,"Open best source URLs, classify visible panels, archive URLs, and attach verified label text where readable."
sprite_original,Sprite Original,beverages,full_corpus_shell,full_corpus_selectable,needs_manual_verification,4,6,67,0,0,10,10,0,2,source_receipts_only,Do not publish definitive formulation diffs until source-attributable label text is manually verified.,"Open best source URLs, classify visible panels, archive URLs, and attach verified label text where readable."
wendys_chili,Wendy's Chili,fast food,full_corpus_shell,full_corpus_selectable,needs_manual_verification,4,6,67,0,0,12,12,0,2,source_receipts_only,Do not publish definitive formulation diffs until source-attributable label text is manually verified.,"Open best source URLs, classify visible panels, archive URLs, and attach verified label text where readable."
chef_boyardee_beefaroni,Chef Boyardee Beefaroni,prepared foods,full_corpus_shell,full_corpus_selectable,needs_manual_verification,4,6,67,0,0,15,15,0,2,source_receipts_only,Do not publish definitive formulation diffs until source-attributable label text is manually verified.,"Open best source URLs, classify visible panels, archive URLs, and attach verified label text where readable."
chipotle_chicken_burrito,Chipotle Chicken Burrito,fast food,full_corpus_shell,full_corpus_selectable,needs_manual_verification,3,6,50,0,0,10,10,0,3,source_receipts_only,Do not publish definitive formulation diffs until source-attributable label text is manually verified.,"Open best source URLs, classify visible panels, archive URLs, and attach verified label text where readable."
eggo_homestyle_waffles,Eggo Homestyle Waffles,frozen foods,full_corpus_shell,full_corpus_selectable,needs_manual_verification,4,6,67,0,0,9,9,0,2,source_receipts_only,Do not publish definitive formulation diffs until source-attributable label text is manually verified.,"Open best source URLs, classify visible panels, archive URLs, and attach verified label text where readable."
gatorade_lemon_lime,Gatorade Lemon-Lime,beverages,full_corpus_shell,full_corpus_selectable,needs_manual_verification,4,6,67,0,0,15,15,0,2,source_receipts_only,Do not publish definitive formulation diffs until source-attributable label text is manually verified.,"Open best source URLs, classify visible panels, archive URLs, and attach verified label text where readable."
hellmanns_mayonnaise_real,Hellmann's Real Mayonnaise,condiments,full_corpus_shell,full_corpus_selectable,needs_manual_verification,4,6,67,0,0,16,16,0,2,source_receipts_only,Do not publish definitive formulation diffs until source-attributable label text is manually verified.,"Open best source URLs, classify visible panels, archive URLs, and attach verified label text where readable."
hot_pockets_pepperoni_pizza,Hot Pockets Pepperoni Pizza,frozen foods,full_corpus_shell,full_corpus_selectable,needs_manual_verification,4,6,67,0,0,5,5,0,2,source_receipts_only,Do not publish definitive formulation diffs until source-attributable label text is manually verified.,"Open best source URLs, classify visible panels, archive URLs, and attach verified label text where readable."
philadelphia_cream_cheese_original,Philadelphia Original Cream Cheese,dairy,full_corpus_shell,full_corpus_selectable,needs_manual_verification,3,6,50,0,0,9,9,0,3,source_receipts_only,Do not publish definitive formulation diffs until source-attributable label text is manually verified.,"Open best source URLs, classify visible panels, archive URLs, and attach verified label text where readable."
pizza_hut_original_pan_pepperoni,Pizza Hut Original Pan Pepperoni Pizza,fast food,full_corpus_shell,full_corpus_selectable,needs_manual_verification,4,6,67,0,0,8,8,0,2,source_receipts_only,Do not publish definitive formulation diffs until source-attributable label text is manually verified.,"Open best source URLs, classify visible panels, archive URLs, and attach verified label text where readable."
quaker_old_fashioned_oats,Quaker Old Fashioned Oats,breakfast,full_corpus_shell,full_corpus_selectable,needs_manual_verification,4,6,67,0,0,13,13,0,2,source_receipts_only,Do not publish definitive formulation diffs until source-attributable label text is manually verified.,"Open best source URLs, classify visible panels, archive URLs, and attach verified label text where readable."
spaghettios_original,SpaghettiOs Original,prepared foods,full_corpus_shell,full_corpus_selectable,needs_manual_verification,4,6,67,0,0,13,13,0,2,source_receipts_only,Do not publish definitive formulation diffs until source-attributable label text is manually verified.,"Open best source URLs, classify visible panels, archive URLs, and attach verified label text where readable."
subway_italian_bmt,Subway Italian B.M.T.,fast food,full_corpus_shell,full_corpus_selectable,needs_manual_verification,4,6,67,0,0,7,7,0,2,source_receipts_only,Do not publish definitive formulation diffs until source-attributable label text is manually verified.,"Open best source URLs, classify visible panels, archive URLs, and attach verified label text where readable."
taco_bell_bean_burrito,Taco Bell Bean Burrito,fast food,full_corpus_shell,full_corpus_selectable,needs_manual_verification,4,6,67,0,0,10,10,0,2,source_receipts_only,Do not publish definitive formulation diffs until source-attributable label text is manually verified.,"Open best source URLs, classify visible panels, archive URLs, and attach verified label text where readable."
tostitos_original,Tostitos Original Restaurant Style,chips,full_corpus_shell,full_corpus_selectable,needs_manual_verification,4,6,67,0,0,9,9,0,2,source_receipts_only,Do not publish definitive formulation diffs until source-attributable label text is manually verified.,"Open best source URLs, classify visible panels, archive URLs, and attach verified label text where readable."
totinos_pizza_rolls,Totino's Pizza Rolls,frozen foods,full_corpus_shell,full_corpus_selectable,needs_manual_verification,5,6,83,0,0,10,10,0,1,source_receipts_only,Do not publish definitive formulation diffs until source-attributable label text is manually verified.,"Open best source URLs, classify visible panels, archive URLs, and attach verified label text where readable."
trix_cereal,Trix Cereal,cereal,full_corpus_shell,full_corpus_selectable,needs_manual_verification,5,6,83,0,0,11,11,0,1,source_receipts_only,Do not publish definitive formulation diffs until source-attributable label text is manually verified.,"Open best source URLs, classify visible panels, archive URLs, and attach verified label text where readable."
velveeta_shells_and_cheese,Velveeta Shells & Cheese,prepared foods,full_corpus_shell,full_corpus_selectable,needs_manual_verification,5,6,83,0,0,8,8,0,1,source_receipts_only,Do not publish definitive formulation diffs until source-attributable label text is manually verified.,"Open best source URLs, classify visible panels, archive URLs, and attach verified label text where readable."
dominos_hand_tossed_pepperoni,Domino's Hand Tossed Pepperoni Pizza,fast food,full_corpus_shell,full_corpus_selectable,needs_manual_verification,4,6,67,0,0,10,10,0,2,source_receipts_only,Do not publish definitive formulation diffs until source-attributable label text is manually verified.,"Open best source URLs, classify visible panels, archive URLs, and attach verified label text where readable."
hidden_valley_ranch_original,Hidden Valley Original Ranch,condiments,full_corpus_shell,full_corpus_selectable,needs_manual_verification,5,6,83,0,0,8,8,0,1,source_receipts_only,Do not publish definitive formulation diffs until source-attributable label text is manually verified.,"Open best source URLs, classify visible panels, archive URLs, and attach verified label text where readable."
little_debbie_oatmeal_creme_pies,Little Debbie Oatmeal Creme Pies,snack cakes,full_corpus_shell,full_corpus_selectable,needs_manual_verification,4,6,67,0,0,11,11,0,2,source_receipts_only,Do not publish definitive formulation diffs until source-attributable label text is manually verified.,"Open best source URLs, classify visible panels, archive URLs, and attach verified label text where readable."
pillsbury_crescent_rolls,Pillsbury Crescent Rolls,refrigerated dough,full_corpus_shell,full_corpus_selectable,needs_manual_verification,4,6,67,0,0,17,17,0,2,source_receipts_only,Do not publish definitive formulation diffs until source-attributable label text is manually verified.,"Open best source URLs, classify visible panels, archive URLs, and attach verified label text where readable."
starbucks_pumpkin_spice_latte,Starbucks Pumpkin Spice Latte,fast food,full_corpus_shell,full_corpus_selectable,needs_manual_verification,3,6,50,0,0,14,14,0,3,source_receipts_only,Do not publish definitive formulation diffs until source-attributable label text is manually verified.,"Open best source URLs, classify visible panels, archive URLs, and attach verified label text where readable."
twix_bar,Twix Bar,candy,full_corpus_shell,full_corpus_selectable,needs_manual_verification,5,6,83,0,0,12,12,0,1,source_receipts_only,Do not publish definitive formulation diffs until source-attributable label text is manually verified.,"Open best source URLs, classify visible panels, archive URLs, and attach verified label text where readable."
betty_crocker_super_moist_yellow_cake_mix,Betty Crocker Super Moist Yellow Cake Mix,baking,full_corpus_shell,full_corpus_selectable,needs_manual_verification,3,6,50,0,0,10,10,0,3,source_receipts_only,Do not publish definitive formulation diffs until source-attributable label text is manually verified.,"Open best source URLs, classify visible panels, archive URLs, and attach verified label text where readable."
bisquick_original,Bisquick Original Pancake and Baking Mix,baking,full_corpus_shell,full_corpus_selectable,needs_manual_verification,3,6,50,0,0,7,7,0,3,source_receipts_only,Do not publish definitive formulation diffs until source-attributable label text is manually verified.,"Open best source URLs, classify visible panels, archive URLs, and attach verified label text where readable."
butterfinger_bar,Butterfinger Bar,candy,full_corpus_shell,full_corpus_selectable,needs_manual_verification,4,6,67,0,0,10,10,0,2,source_receipts_only,Do not publish definitive formulation diffs until source-attributable label text is manually verified.,"Open best source URLs, classify visible panels, archive URLs, and attach verified label text where readable."
hamburger_helper_cheeseburger_macaroni,Hamburger Helper Cheeseburger Macaroni,prepared foods,full_corpus_shell,full_corpus_selectable,needs_manual_verification,4,6,67,0,0,6,6,0,2,source_receipts_only,Do not publish definitive formulation diffs until source-attributable label text is manually verified.,"Open best source URLs, classify visible panels, archive URLs, and attach verified label text where readable."
raisin_bran_kelloggs,Kellogg's Raisin Bran,cereal,full_corpus_shell,full_corpus_selectable,needs_manual_verification,3,6,50,0,0,11,11,0,3,source_receipts_only,Do not publish definitive formulation diffs until source-attributable label text is manually verified.,"Open best source URLs, classify visible panels, archive URLs, and attach verified label text where readable."
kfc_famous_bowl,KFC Famous Bowl,fast food,full_corpus_shell,full_corpus_selectable,needs_manual_verification,3,6,50,0,0,7,7,0,3,source_receipts_only,Do not publish definitive formulation diffs until source-attributable label text is manually verified.,"Open best source URLs, classify visible panels, archive URLs, and attach verified label text where readable."
kool_aid_cherry,Kool-Aid Cherry Drink Mix,beverages,full_corpus_shell,full_corpus_selectable,needs_manual_verification,4,6,67,0,0,11,11,0,2,source_receipts_only,Do not publish definitive formulation diffs until source-attributable label text is manually verified.,"Open best source URLs, classify visible panels, archive URLs, and attach verified label text where readable."
little_debbie_swiss_rolls,Little Debbie Swiss Rolls,snack cakes,full_corpus_shell,full_corpus_selectable,needs_manual_verification,4,6,67,0,0,10,10,0,2,source_receipts_only,Do not publish definitive formulation diffs until source-attributable label text is manually verified.,"Open best source URLs, classify visible panels, archive URLs, and attach verified label text where readable."
milky_way_bar,Milky Way Bar,candy,full_corpus_shell,full_corpus_selectable,needs_manual_verification,3,6,50,0,0,14,14,0,3,source_receipts_only,Do not publish definitive formulation diffs until source-attributable label text is manually verified.,"Open best source URLs, classify visible panels, archive URLs, and attach verified label text where readable."
miracle_whip_original,Miracle Whip Original,condiments,full_corpus_shell,full_corpus_selectable,needs_manual_verification,3,6,50,0,0,7,7,0,3,source_receipts_only,Do not publish definitive formulation diffs until source-attributable label text is manually verified.,"Open best source URLs, classify visible panels, archive URLs, and attach verified label text where readable."
oscar_mayer_wieners,Oscar Mayer Wieners,meat,full_corpus_shell,full_corpus_selectable,needs_manual_verification,3,6,50,0,0,8,8,0,3,source_receipts_only,Do not publish definitive formulation diffs until source-attributable label text is manually verified.,"Open best source URLs, classify visible panels, archive URLs, and attach verified label text where readable."
panera_broccoli_cheddar_soup,Panera Broccoli Cheddar Soup,fast food,full_corpus_shell,full_corpus_selectable,needs_manual_verification,2,6,33,0,0,14,14,0,4,source_receipts_only,Do not publish definitive formulation diffs until source-attributable label text is manually verified.,"Open best source URLs, classify visible panels, archive URLs, and attach verified label text where readable."
rice_krispies_treats_original,Rice Krispies Treats Original,snack bars,full_corpus_shell,full_corpus_selectable,needs_manual_verification,4,6,67,0,0,9,9,0,2,source_receipts_only,Do not publish definitive formulation diffs until source-attributable label text is manually verified.,"Open best source URLs, classify visible panels, archive URLs, and attach verified label text where readable."
skittles_original,Skittles Original,candy,full_corpus_shell,full_corpus_selectable,needs_manual_verification,5,6,83,0,0,8,8,0,1,source_receipts_only,Do not publish definitive formulation diffs until source-attributable label text is manually verified.,"Open best source URLs, classify visible panels, archive URLs, and attach verified label text where readable."
stouffers_lasagna_meat_sauce,Stouffer's Lasagna with Meat & Sauce,frozen foods,full_corpus_shell,full_corpus_selectable,needs_manual_verification,3,6,50,0,0,9,9,0,3,source_receipts_only,Do not publish definitive formulation diffs until source-attributable label text is manually verified.,"Open best source URLs, classify visible panels, archive URLs, and attach verified label text where readable."
subway_tuna_sub,Subway Tuna Sub,fast food,full_corpus_shell,full_corpus_selectable,needs_manual_verification,4,6,67,0,0,7,7,0,2,source_receipts_only,Do not publish definitive formulation diffs until source-attributable label text is manually verified.,"Open best source URLs, classify visible panels, archive URLs, and attach verified label text where readable."
wheaties,Wheaties,cereal,full_corpus_shell,full_corpus_selectable,needs_manual_verification,5,6,83,0,0,13,13,0,1,source_receipts_only,Do not publish definitive formulation diffs until source-attributable label text is manually verified.,"Open best source URLs, classify visible panels, archive URLs, and attach verified label text where readable."
7up_original,7UP Original,beverages,full_corpus_shell,full_corpus_selectable,needs_manual_verification,3,6,50,0,0,15,15,0,3,source_receipts_only,Do not publish definitive formulation diffs until source-attributable label text is manually verified.,"Open best source URLs, classify visible panels, archive URLs, and attach verified label text where readable."
cool_whip_original,Cool Whip Original,desserts,full_corpus_shell,full_corpus_selectable,needs_manual_verification,3,6,50,0,0,8,8,0,3,source_receipts_only,Do not publish definitive formulation diffs until source-attributable label text is manually verified.,"Open best source URLs, classify visible panels, archive URLs, and attach verified label text where readable."
dunkin_glazed_donut,Dunkin' Glazed Donut,fast food,full_corpus_shell,full_corpus_selectable,needs_manual_verification,3,6,50,0,0,8,8,0,3,source_receipts_only,Do not publish definitive formulation diffs until source-attributable label text is manually verified.,"Open best source URLs, classify visible panels, archive URLs, and attach verified label text where readable."
frenchs_yellow_mustard,French's Classic Yellow Mustard,condiments,full_corpus_shell,full_corpus_selectable,needs_manual_verification,4,6,67,0,0,11,11,0,2,source_receipts_only,Do not publish definitive formulation diffs until source-attributable label text is manually verified.,"Open best source URLs, classify visible panels, archive URLs, and attach verified label text where readable."
life_cereal_original,Life Cereal Original,cereal,full_corpus_shell,full_corpus_selectable,needs_manual_verification,4,6,67,0,0,8,8,0,2,source_receipts_only,Do not publish definitive formulation diffs until source-attributable label text is manually verified.,"Open best source URLs, classify visible panels, archive URLs, and attach verified label text where readable."
oscar_mayer_bologna,Oscar Mayer Bologna,meat,full_corpus_shell,full_corpus_selectable,needs_manual_verification,4,6,67,0,0,12,12,0,2,source_receipts_only,Do not publish definitive formulation diffs until source-attributable label text is manually verified.,"Open best source URLs, classify visible panels, archive URLs, and attach verified label text where readable."
pearl_milling_pancake_mix_original,Pearl Milling Company Original Pancake Mix,breakfast,full_corpus_shell,full_corpus_selectable,needs_manual_verification,4,6,67,0,0,12,12,0,2,source_receipts_only,Do not publish definitive formulation diffs until source-attributable label text is manually verified.,"Open best source URLs, classify visible panels, archive URLs, and attach verified label text where readable."
grape_nuts,Post Grape-Nuts,cereal,full_corpus_shell,full_corpus_selectable,needs_manual_verification,4,6,67,0,0,10,10,0,2,source_receipts_only,Do not publish definitive formulation diffs until source-attributable label text is manually verified.,"Open best source URLs, classify visible panels, archive URLs, and attach verified label text where readable."
starburst_original,Starburst Original,candy,full_corpus_shell,full_corpus_selectable,needs_manual_verification,3,6,50,0,0,9,9,0,3,source_receipts_only,Do not publish definitive formulation diffs until source-attributable label text is manually verified.,"Open best source URLs, classify visible panels, archive URLs, and attach verified label text where readable."
tang_orange,Tang Orange Drink Mix,beverages,full_corpus_shell,full_corpus_selectable,needs_manual_verification,3,6,50,0,0,7,7,0,3,source_receipts_only,Do not publish definitive formulation diffs until source-attributable label text is manually verified.,"Open best source URLs, classify visible panels, archive URLs, and attach verified label text where readable."
tootsie_roll,Tootsie Roll,candy,full_corpus_shell,full_corpus_selectable,needs_manual_verification,3,6,50,0,0,15,15,0,3,source_receipts_only,Do not publish definitive formulation diffs until source-attributable label text is manually verified.,"Open best source URLs, classify visible panels, archive URLs, and attach verified label text where readable."
sunchips_harvest_cheddar,SunChips Harvest Cheddar,chips,full_corpus_shell,full_corpus_selectable,needs_manual_verification,3,6,50,0,0,22,22,0,3,source_receipts_only,Do not publish definitive formulation diffs until source-attributable label text is manually verified.,"Open best source URLs, classify visible panels, archive URLs, and attach verified label text where readable."
ball_park_franks,Ball Park Franks,meat,full_corpus_shell,full_corpus_selectable,needs_manual_verification,4,6,67,0,0,21,21,0,2,source_receipts_only,Do not publish definitive formulation diffs until source-attributable label text is manually verified.,"Open best source URLs, classify visible panels, archive URLs, and attach verified label text where readable."
banquet_chicken_pot_pie,Banquet Chicken Pot Pie,frozen foods,full_corpus_shell,full_corpus_selectable,needs_manual_verification,3,6,50,0,0,9,9,0,3,source_receipts_only,Do not publish definitive formulation diffs until source-attributable label text is manually verified.,"Open best source URLs, classify visible panels, archive URLs, and attach verified label text where readable."
dinty_moore_beef_stew,Dinty Moore Beef Stew,prepared foods,full_corpus_shell,full_corpus_selectable,needs_manual_verification,3,6,50,0,0,16,16,0,3,source_receipts_only,Do not publish definitive formulation diffs until source-attributable label text is manually verified.,"Open best source URLs, classify visible panels, archive URLs, and attach verified label text where readable."
hebrew_national_franks,Hebrew National Beef Franks,meat,full_corpus_shell,full_corpus_selectable,needs_manual_verification,3,6,50,0,0,11,11,0,3,source_receipts_only,Do not publish definitive formulation diffs until source-attributable label text is manually verified.,"Open best source URLs, classify visible panels, archive URLs, and attach verified label text where readable."
hormel_chili_no_beans,Hormel Chili No Beans,prepared foods,full_corpus_shell,full_corpus_selectable,needs_manual_verification,3,6,50,0,0,10,10,0,3,source_receipts_only,Do not publish definitive formulation diffs until source-attributable label text is manually verified.,"Open best source URLs, classify visible panels, archive URLs, and attach verified label text where readable."
pillsbury_toaster_strudel_strawberry,Pillsbury Toaster Strudel Strawberry,frozen foods,full_corpus_shell,full_corpus_selectable,needs_manual_verification,4,6,67,0,0,6,6,0,2,source_receipts_only,Do not publish definitive formulation diffs until source-attributable label text is manually verified.,"Open best source URLs, classify visible panels, archive URLs, and attach verified label text where readable."
smuckers_strawberry_preserves,Smucker's Strawberry Preserves,spreads,full_corpus_shell,full_corpus_selectable,needs_manual_verification,3,6,50,0,0,9,9,0,3,source_receipts_only,Do not publish definitive formulation diffs until source-attributable label text is manually verified.,"Open best source URLs, classify visible panels, archive URLs, and attach verified label text where readable."
teddy_grahams_honey,Teddy Grahams Honey,cookies,full_corpus_shell,full_corpus_selectable,needs_manual_verification,4,6,67,0,0,14,14,0,2,source_receipts_only,Do not publish definitive formulation diffs until source-attributable label text is manually verified.,"Open best source URLs, classify visible panels, archive URLs, and attach verified label text where readable."
twizzlers_strawberry,Twizzlers Strawberry Twists,candy,full_corpus_shell,full_corpus_selectable,needs_manual_verification,3,6,50,0,0,6,6,0,3,source_receipts_only,Do not publish definitive formulation diffs until source-attributable label text is manually verified.,"Open best source URLs, classify visible panels, archive URLs, and attach verified label text where readable."
lean_cuisine_salisbury_steak,Lean Cuisine Salisbury Steak,frozen foods,full_corpus_shell,full_corpus_selectable,needs_manual_verification,5,6,83,0,0,15,15,0,1,source_receipts_only,Do not publish definitive formulation diffs until source-attributable label text is manually verified.,"Open best source URLs, classify visible panels, archive URLs, and attach verified label text where readable."
