run_id,evidence_id,product_id,product_name,vintage_label,source_domain,source_type,ocr_gap_category,ocr_priority,capture_status,processed_status,original_sha256,processed_sha256,cleanup_actions,ready_for_ocr,candidate_only
hybrid-ocr-v1,coca_cola_classic__current_2020s__249__1,coca_cola_classic,Coca-Cola Classic,current_2020s,www.coca-cola.com,brand_label_page,panel_capture_needed,high,source_page_capture_blocked_no_network,not_ready_for_ocr,,,capture_rights_safe_private_screenshot; crop_visible_label_or_document_surface; deskew_rotate_contrast_sharpen,0,1
hybrid-ocr-v1,oreo_original_chocolate_sandwich_cookies__current_2020s__1__5,oreo_original_chocolate_sandwich_cookies,Oreo Original Chocolate Sandwich Cookies,current_2020s,smartlabel.mondelez.info,brand_label_page,panel_capture_needed,high,source_page_capture_blocked_no_network,not_ready_for_ocr,,,capture_rights_safe_private_screenshot; crop_visible_label_or_document_surface; deskew_rotate_contrast_sharpen,0,1
hybrid-ocr-v1,doritos_nacho_cheese__current_2020s__727__4,doritos_nacho_cheese,Doritos Nacho Cheese,current_2020s,smartlabel.pepsico.info,brand_label_page,panel_capture_needed,high,source_page_capture_blocked_no_network,not_ready_for_ocr,,,capture_rights_safe_private_screenshot; crop_visible_label_or_document_surface; deskew_rotate_contrast_sharpen,0,1
hybrid-ocr-v1,twinkies__current_2020s__16__2,twinkies,Hostess Twinkies,current_2020s,www.kroger.com,retailer_page,panel_capture_needed,high,source_page_capture_blocked_no_network,not_ready_for_ocr,,,capture_rights_safe_private_screenshot; crop_visible_label_or_document_surface; deskew_rotate_contrast_sharpen,0,1
hybrid-ocr-v1,kraft_macaroni_and_cheese_original__current_2020s__6__4,kraft_macaroni_and_cheese_original,Kraft Macaroni & Cheese Original,current_2020s,www.walmart.com,retailer_page,panel_capture_needed,high,source_page_capture_blocked_no_network,not_ready_for_ocr,,,capture_rights_safe_private_screenshot; crop_visible_label_or_document_surface; deskew_rotate_contrast_sharpen,0,1
hybrid-ocr-v1,oreo_original_chocolate_sandwich_cookies__current_2020s__2__6,oreo_original_chocolate_sandwich_cookies,Oreo Original Chocolate Sandwich Cookies,current_2020s,www.ewg.org,label_database_record,panel_capture_needed,high,source_page_capture_blocked_no_network,not_ready_for_ocr,,,capture_rights_safe_private_screenshot; crop_visible_label_or_document_surface; deskew_rotate_contrast_sharpen,0,1
hybrid-ocr-v1,hersheys_milk_chocolate_bar__current_2020s__25__1,hersheys_milk_chocolate_bar,Hershey's Milk Chocolate Bar,current_2020s,smartlabel.hersheys.com,brand_label_page,panel_capture_needed,high,source_page_capture_blocked_no_network,not_ready_for_ocr,,,capture_rights_safe_private_screenshot; crop_visible_label_or_document_surface; deskew_rotate_contrast_sharpen,0,1
hybrid-ocr-v1,oreo_original_chocolate_sandwich_cookies__2010s__3__3,oreo_original_chocolate_sandwich_cookies,Oreo Original Chocolate Sandwich Cookies,2010s,www.ewg.org,label_database_record,panel_capture_needed,high,source_page_capture_blocked_no_network,not_ready_for_ocr,,,capture_rights_safe_private_screenshot; crop_visible_label_or_document_surface; deskew_rotate_contrast_sharpen,0,1
hybrid-ocr-v1,poptarts_frosted_strawberry__current_2020s__13__3,poptarts_frosted_strawberry,Pop-Tarts Frosted Strawberry,current_2020s,smartlabel.kelloggs.com,brand_label_page,panel_capture_needed,high,source_page_capture_blocked_no_network,not_ready_for_ocr,,,capture_rights_safe_private_screenshot; crop_visible_label_or_document_surface; deskew_rotate_contrast_sharpen,0,1
hybrid-ocr-v1,ritz_original_crackers__current_2020s__30__2,ritz_original_crackers,Ritz Original Crackers,current_2020s,smartlabel.mondelez.info,common_crawl_capture,panel_capture_needed,high,source_page_capture_blocked_no_network,not_ready_for_ocr,,,capture_rights_safe_private_screenshot; crop_visible_label_or_document_surface; deskew_rotate_contrast_sharpen,0,1
hybrid-ocr-v1,hersheys_milk_chocolate_bar__current_2020s__496__2,hersheys_milk_chocolate_bar,Hershey's Milk Chocolate Bar,current_2020s,smartlabel.hersheys.com,brand_label_page,panel_capture_needed,high,source_page_capture_blocked_no_network,not_ready_for_ocr,,,capture_rights_safe_private_screenshot; crop_visible_label_or_document_surface; deskew_rotate_contrast_sharpen,0,1
hybrid-ocr-v1,lays_classic__current_2020s__28__2,lays_classic,Lay's Classic Potato Chips,current_2020s,smartlabel.pepsico.info,common_crawl_capture,panel_capture_needed,high,source_page_capture_blocked_no_network,not_ready_for_ocr,,,capture_rights_safe_private_screenshot; crop_visible_label_or_document_surface; deskew_rotate_contrast_sharpen,0,1
hybrid-ocr-v1,poptarts_frosted_strawberry__current_2020s__14__4,poptarts_frosted_strawberry,Pop-Tarts Frosted Strawberry,current_2020s,www.poptarts.com,current_web_page,panel_capture_needed,high,source_page_capture_blocked_no_network,not_ready_for_ocr,,,capture_rights_safe_private_screenshot; crop_visible_label_or_document_surface; deskew_rotate_contrast_sharpen,0,1
hybrid-ocr-v1,ritz_original_crackers__current_2020s__29__3,ritz_original_crackers,Ritz Original Crackers,current_2020s,smartlabel.mondelez.info,common_crawl_capture,panel_capture_needed,high,source_page_capture_blocked_no_network,not_ready_for_ocr,,,capture_rights_safe_private_screenshot; crop_visible_label_or_document_surface; deskew_rotate_contrast_sharpen,0,1
hybrid-ocr-v1,chips_ahoy_original__earliest_verified_label__448__3,chips_ahoy_original,Chips Ahoy! Original Cookies,earliest_verified_label,upcfoodsearch.com,label_database_record,panel_capture_needed,high,source_page_capture_blocked_no_network,not_ready_for_ocr,,,capture_rights_safe_private_screenshot; crop_visible_label_or_document_surface; deskew_rotate_contrast_sharpen,0,1
hybrid-ocr-v1,twinkies__2010s__15__1,twinkies,Hostess Twinkies,2010s,upcfoodsearch.com,label_database_record,panel_capture_needed,high,source_page_capture_blocked_no_network,not_ready_for_ocr,,,capture_rights_safe_private_screenshot; crop_visible_label_or_document_surface; deskew_rotate_contrast_sharpen,0,1
hybrid-ocr-v1,lays_classic__current_2020s__26__3,lays_classic,Lay's Classic Potato Chips,current_2020s,smartlabel.pepsico.info,brand_label_page,panel_capture_needed,high,source_page_capture_blocked_no_network,not_ready_for_ocr,,,capture_rights_safe_private_screenshot; crop_visible_label_or_document_surface; deskew_rotate_contrast_sharpen,0,1
hybrid-ocr-v1,oreo_original_chocolate_sandwich_cookies__current_2020s__445__1,oreo_original_chocolate_sandwich_cookies,Oreo Original Chocolate Sandwich Cookies,current_2020s,www.kroger.com,retailer_page,panel_capture_needed,high,source_page_capture_blocked_no_network,not_ready_for_ocr,,,capture_rights_safe_private_screenshot; crop_visible_label_or_document_surface; deskew_rotate_contrast_sharpen,0,1
hybrid-ocr-v1,pepsi_cola__current_2020s__33__3,pepsi_cola,Pepsi Cola,current_2020s,smartlabel.pepsico.info,brand_label_page,panel_capture_needed,high,source_page_capture_blocked_no_network,not_ready_for_ocr,,,capture_rights_safe_private_screenshot; crop_visible_label_or_document_surface; deskew_rotate_contrast_sharpen,0,1
hybrid-ocr-v1,poptarts_frosted_strawberry__2010s__449__1,poptarts_frosted_strawberry,Pop-Tarts Frosted Strawberry,2010s,www.foodrepo.org,label_database_record,panel_capture_needed,high,source_page_capture_blocked_no_network,not_ready_for_ocr,,,capture_rights_safe_private_screenshot; crop_visible_label_or_document_surface; deskew_rotate_contrast_sharpen,0,1
hybrid-ocr-v1,poptarts_frosted_strawberry__current_2020s__449__5,poptarts_frosted_strawberry,Pop-Tarts Frosted Strawberry,current_2020s,www.foodrepo.org,label_database_record,panel_capture_needed,high,source_page_capture_blocked_no_network,not_ready_for_ocr,,,capture_rights_safe_private_screenshot; crop_visible_label_or_document_surface; deskew_rotate_contrast_sharpen,0,1
hybrid-ocr-v1,ritz_original_crackers__current_2020s__20__4,ritz_original_crackers,Ritz Original Crackers,current_2020s,smartlabel.mondelez.info,brand_label_page,panel_capture_needed,high,source_page_capture_blocked_no_network,not_ready_for_ocr,,,capture_rights_safe_private_screenshot; crop_visible_label_or_document_surface; deskew_rotate_contrast_sharpen,0,1
hybrid-ocr-v1,cheetos_crunchy__current_2020s__38__2,cheetos_crunchy,Cheetos Crunchy,current_2020s,smartlabel.pepsico.info,brand_label_page,panel_capture_needed,high,source_page_capture_blocked_no_network,not_ready_for_ocr,,,capture_rights_safe_private_screenshot; crop_visible_label_or_document_surface; deskew_rotate_contrast_sharpen,0,1
hybrid-ocr-v1,cheez_it_original__current_2020s__22__4,cheez_it_original,Cheez-It Original Crackers,current_2020s,smartlabel.kelloggs.com,brand_label_page,panel_capture_needed,high,source_page_capture_blocked_no_network,not_ready_for_ocr,,,capture_rights_safe_private_screenshot; crop_visible_label_or_document_surface; deskew_rotate_contrast_sharpen,0,1
hybrid-ocr-v1,chips_ahoy_original__current_2020s__409__6,chips_ahoy_original,Chips Ahoy! Original Cookies,current_2020s,www.upcitemdb.com,current_web_page,panel_capture_needed,high,source_page_capture_blocked_no_network,not_ready_for_ocr,,,capture_rights_safe_private_screenshot; crop_visible_label_or_document_surface; deskew_rotate_contrast_sharpen,0,1
hybrid-ocr-v1,froot_loops__current_2020s__40__2,froot_loops,Kellogg's Froot Loops,current_2020s,smartlabel.kelloggs.com,brand_label_page,panel_capture_needed,high,source_page_capture_blocked_no_network,not_ready_for_ocr,,,capture_rights_safe_private_screenshot; crop_visible_label_or_document_surface; deskew_rotate_contrast_sharpen,0,1
hybrid-ocr-v1,frosted_flakes__current_2020s__41__2,frosted_flakes,Kellogg's Frosted Flakes,current_2020s,smartlabel.kelloggs.com,brand_label_page,panel_capture_needed,high,source_page_capture_blocked_no_network,not_ready_for_ocr,,,capture_rights_safe_private_screenshot; crop_visible_label_or_document_surface; deskew_rotate_contrast_sharpen,0,1
hybrid-ocr-v1,lays_classic__current_2020s__493__4,lays_classic,Lay's Classic Potato Chips,current_2020s,smartlabel.pepsico.info,brand_label_page,panel_capture_needed,high,source_page_capture_blocked_no_network,not_ready_for_ocr,,,capture_rights_safe_private_screenshot; crop_visible_label_or_document_surface; deskew_rotate_contrast_sharpen,0,1
hybrid-ocr-v1,oreo_original_chocolate_sandwich_cookies__current_2020s__607__2,oreo_original_chocolate_sandwich_cookies,Oreo Original Chocolate Sandwich Cookies,current_2020s,business.walmart.com,retailer_page,panel_capture_needed,high,source_page_capture_blocked_no_network,not_ready_for_ocr,,,capture_rights_safe_private_screenshot; crop_visible_label_or_document_surface; deskew_rotate_contrast_sharpen,0,1
hybrid-ocr-v1,poptarts_frosted_strawberry__current_2020s__721__6,poptarts_frosted_strawberry,Pop-Tarts Frosted Strawberry,current_2020s,www.poptarts.com,current_web_page,panel_capture_needed,high,source_page_capture_blocked_no_network,not_ready_for_ocr,,,capture_rights_safe_private_screenshot; crop_visible_label_or_document_surface; deskew_rotate_contrast_sharpen,0,1
hybrid-ocr-v1,reeses_peanut_butter_cups__current_2020s__1052__4,reeses_peanut_butter_cups,Reese's Peanut Butter Cups,current_2020s,smartlabel.hersheys.com,brand_label_page,panel_capture_needed,high,source_page_capture_blocked_no_network,not_ready_for_ocr,,,capture_rights_safe_private_screenshot; crop_visible_label_or_document_surface; deskew_rotate_contrast_sharpen,0,1
hybrid-ocr-v1,ritz_original_crackers__current_2020s__19__5,ritz_original_crackers,Ritz Original Crackers,current_2020s,smartlabel.mondelez.info,brand_label_page,panel_capture_needed,high,source_page_capture_blocked_no_network,not_ready_for_ocr,,,capture_rights_safe_private_screenshot; crop_visible_label_or_document_surface; deskew_rotate_contrast_sharpen,0,1
hybrid-ocr-v1,campbells_chicken_noodle_soup__current_2020s__529__3,campbells_chicken_noodle_soup,Campbell's Chicken Noodle Soup,current_2020s,www.thefreshgrocer.com,current_web_page,panel_capture_needed,high,source_page_capture_blocked_no_network,not_ready_for_ocr,,,capture_rights_safe_private_screenshot; crop_visible_label_or_document_surface; deskew_rotate_contrast_sharpen,0,1
hybrid-ocr-v1,cheerios_original__earliest_verified_label__368__1,cheerios_original,Cheerios Original,earliest_verified_label,www.flickr.com,collector_package_photo,panel_capture_needed,high,source_page_capture_blocked_no_network,not_ready_for_ocr,,,capture_rights_safe_private_screenshot; crop_visible_label_or_document_surface; deskew_rotate_contrast_sharpen,0,1
hybrid-ocr-v1,cheetos_crunchy__current_2020s__495__3,cheetos_crunchy,Cheetos Crunchy,current_2020s,smartlabel.pepsico.info,brand_label_page,panel_capture_needed,high,source_page_capture_blocked_no_network,not_ready_for_ocr,,,capture_rights_safe_private_screenshot; crop_visible_label_or_document_surface; deskew_rotate_contrast_sharpen,0,1
hybrid-ocr-v1,chips_ahoy_original__2010s__448__3,chips_ahoy_original,Chips Ahoy! Original Cookies,2010s,upcfoodsearch.com,label_database_record,panel_capture_needed,high,source_page_capture_blocked_no_network,not_ready_for_ocr,,,capture_rights_safe_private_screenshot; crop_visible_label_or_document_surface; deskew_rotate_contrast_sharpen,0,1
hybrid-ocr-v1,chips_ahoy_original__current_2020s__11__7,chips_ahoy_original,Chips Ahoy! Original Cookies,current_2020s,smartlabel.mondelez.info,brand_label_page,panel_capture_needed,high,source_page_capture_blocked_no_network,not_ready_for_ocr,,,capture_rights_safe_private_screenshot; crop_visible_label_or_document_surface; deskew_rotate_contrast_sharpen,0,1
hybrid-ocr-v1,coca_cola_classic__earliest_verified_label__725__1,coca_cola_classic,Coca-Cola Classic,earliest_verified_label,www.flickr.com,collector_package_photo,panel_capture_needed,high,source_page_capture_blocked_no_network,not_ready_for_ocr,,,capture_rights_safe_private_screenshot; crop_visible_label_or_document_surface; deskew_rotate_contrast_sharpen,0,1
hybrid-ocr-v1,doritos_nacho_cheese__current_2020s__407__1,doritos_nacho_cheese,Doritos Nacho Cheese,current_2020s,wvww.gardengrocer.com,current_web_page,panel_capture_needed,high,source_page_capture_blocked_no_network,not_ready_for_ocr,,,capture_rights_safe_private_screenshot; crop_visible_label_or_document_surface; deskew_rotate_contrast_sharpen,0,1
hybrid-ocr-v1,corn_flakes__current_2020s__39__3,corn_flakes,Kellogg's Corn Flakes,current_2020s,smartlabel.kelloggs.com,brand_label_page,panel_capture_needed,high,source_page_capture_blocked_no_network,not_ready_for_ocr,,,capture_rights_safe_private_screenshot; crop_visible_label_or_document_surface; deskew_rotate_contrast_sharpen,0,1
hybrid-ocr-v1,kraft_macaroni_and_cheese_original__current_2020s__464__1,kraft_macaroni_and_cheese_original,Kraft Macaroni & Cheese Original,current_2020s,www.walmart.com,retailer_page,panel_capture_needed,high,source_page_capture_blocked_no_network,not_ready_for_ocr,,,capture_rights_safe_private_screenshot; crop_visible_label_or_document_surface; deskew_rotate_contrast_sharpen,0,1
hybrid-ocr-v1,lays_classic__2010s__27__1,lays_classic,Lay's Classic Potato Chips,2010s,lays.backend.headless.majestic.dev,current_web_page,panel_capture_needed,high,source_page_capture_blocked_no_network,not_ready_for_ocr,,,capture_rights_safe_private_screenshot; crop_visible_label_or_document_surface; deskew_rotate_contrast_sharpen,0,1
hybrid-ocr-v1,lays_classic__current_2020s__492__5,lays_classic,Lay's Classic Potato Chips,current_2020s,smartlabel.pepsico.info,brand_label_page,panel_capture_needed,high,source_page_capture_blocked_no_network,not_ready_for_ocr,,,capture_rights_safe_private_screenshot; crop_visible_label_or_document_surface; deskew_rotate_contrast_sharpen,0,1
hybrid-ocr-v1,poptarts_frosted_strawberry__current_2020s__722__7,poptarts_frosted_strawberry,Pop-Tarts Frosted Strawberry,current_2020s,smartlabel.kelloggs.com,brand_label_page,panel_capture_needed,high,source_page_capture_blocked_no_network,not_ready_for_ocr,,,capture_rights_safe_private_screenshot; crop_visible_label_or_document_surface; deskew_rotate_contrast_sharpen,0,1
hybrid-ocr-v1,ritz_original_crackers__2010s__446__2,ritz_original_crackers,Ritz Original Crackers,2010s,www.foodrepo.org,label_database_record,panel_capture_needed,high,source_page_capture_blocked_no_network,not_ready_for_ocr,,,capture_rights_safe_private_screenshot; crop_visible_label_or_document_surface; deskew_rotate_contrast_sharpen,0,1
hybrid-ocr-v1,campbells_chicken_noodle_soup__current_2020s__37__4,campbells_chicken_noodle_soup,Campbell's Chicken Noodle Soup,current_2020s,www.walmart.com,retailer_page,panel_capture_needed,high,source_page_capture_blocked_no_network,not_ready_for_ocr,,,capture_rights_safe_private_screenshot; crop_visible_label_or_document_surface; deskew_rotate_contrast_sharpen,0,1
hybrid-ocr-v1,doritos_nacho_cheese__current_2020s__250__2,doritos_nacho_cheese,Doritos Nacho Cheese,current_2020s,www.kroger.com,retailer_page,panel_capture_needed,high,source_page_capture_blocked_no_network,not_ready_for_ocr,,,capture_rights_safe_private_screenshot; crop_visible_label_or_document_surface; deskew_rotate_contrast_sharpen,0,1
hybrid-ocr-v1,kraft_macaroni_and_cheese_original__current_2020s__465__2,kraft_macaroni_and_cheese_original,Kraft Macaroni & Cheese Original,current_2020s,giantfood.com,current_web_page,panel_capture_needed,high,source_page_capture_blocked_no_network,not_ready_for_ocr,,,capture_rights_safe_private_screenshot; crop_visible_label_or_document_surface; deskew_rotate_contrast_sharpen,0,1
hybrid-ocr-v1,oreo_original_chocolate_sandwich_cookies__current_2020s__372__4,oreo_original_chocolate_sandwich_cookies,Oreo Original Chocolate Sandwich Cookies,current_2020s,smartlabel.mondelez.info,brand_label_page,panel_capture_needed,high,source_page_capture_blocked_no_network,not_ready_for_ocr,,,capture_rights_safe_private_screenshot; crop_visible_label_or_document_surface; deskew_rotate_contrast_sharpen,0,1
hybrid-ocr-v1,ritz_original_crackers__2000s__446__1,ritz_original_crackers,Ritz Original Crackers,2000s,www.foodrepo.org,label_database_record,panel_capture_needed,high,source_page_capture_blocked_no_network,not_ready_for_ocr,,,capture_rights_safe_private_screenshot; crop_visible_label_or_document_surface; deskew_rotate_contrast_sharpen,0,1
hybrid-ocr-v1,ritz_original_crackers__2010s__447__3,ritz_original_crackers,Ritz Original Crackers,2010s,www.foodrepo.org,label_database_record,panel_capture_needed,high,source_page_capture_blocked_no_network,not_ready_for_ocr,,,capture_rights_safe_private_screenshot; crop_visible_label_or_document_surface; deskew_rotate_contrast_sharpen,0,1
hybrid-ocr-v1,ritz_original_crackers__current_2020s__447__7,ritz_original_crackers,Ritz Original Crackers,current_2020s,www.foodrepo.org,label_database_record,panel_capture_needed,high,source_page_capture_blocked_no_network,not_ready_for_ocr,,,capture_rights_safe_private_screenshot; crop_visible_label_or_document_surface; deskew_rotate_contrast_sharpen,0,1
hybrid-ocr-v1,campbells_chicken_noodle_soup__current_2020s__36__5,campbells_chicken_noodle_soup,Campbell's Chicken Noodle Soup,current_2020s,www.campbells.com,current_web_page,panel_capture_needed,high,source_page_capture_blocked_no_network,not_ready_for_ocr,,,capture_rights_safe_private_screenshot; crop_visible_label_or_document_surface; deskew_rotate_contrast_sharpen,0,1
hybrid-ocr-v1,cheerios_original__current_2020s__10__1,cheerios_original,Cheerios Original,current_2020s,www.cheerios.com,current_web_page,panel_capture_needed,high,source_page_capture_blocked_no_network,not_ready_for_ocr,,,capture_rights_safe_private_screenshot; crop_visible_label_or_document_surface; deskew_rotate_contrast_sharpen,0,1
hybrid-ocr-v1,chips_ahoy_original__current_2020s__12__1,chips_ahoy_original,Chips Ahoy! Original Cookies,current_2020s,www.kroger.com,retailer_page,panel_capture_needed,high,source_page_capture_blocked_no_network,not_ready_for_ocr,,,capture_rights_safe_private_screenshot; crop_visible_label_or_document_surface; deskew_rotate_contrast_sharpen,0,1
hybrid-ocr-v1,doritos_nacho_cheese__current_2020s__469__3,doritos_nacho_cheese,Doritos Nacho Cheese,current_2020s,www.heb.com,current_web_page,panel_capture_needed,high,source_page_capture_blocked_no_network,not_ready_for_ocr,,,capture_rights_safe_private_screenshot; crop_visible_label_or_document_surface; deskew_rotate_contrast_sharpen,0,1
hybrid-ocr-v1,heinz_tomato_ketchup__current_2020s__848__7,heinz_tomato_ketchup,Heinz Tomato Ketchup,current_2020s,www.walmart.com,retailer_page,panel_capture_needed,high,source_page_capture_blocked_no_network,not_ready_for_ocr,,,capture_rights_safe_private_screenshot; crop_visible_label_or_document_surface; deskew_rotate_contrast_sharpen,0,1
hybrid-ocr-v1,honey_nut_cheerios__earliest_verified_label__370__1,honey_nut_cheerios,Honey Nut Cheerios,earliest_verified_label,www.flickr.com,collector_package_photo,panel_capture_needed,high,source_page_capture_blocked_no_network,not_ready_for_ocr,,,capture_rights_safe_private_screenshot; crop_visible_label_or_document_surface; deskew_rotate_contrast_sharpen,0,1
hybrid-ocr-v1,twinkies__current_2020s__299__1,twinkies,Hostess Twinkies,current_2020s,www.walmart.com,retailer_page,panel_capture_needed,high,source_page_capture_blocked_no_network,not_ready_for_ocr,,,capture_rights_safe_private_screenshot; crop_visible_label_or_document_surface; deskew_rotate_contrast_sharpen,0,1
hybrid-ocr-v1,kraft_macaroni_and_cheese_original__current_2020s__252__3,kraft_macaroni_and_cheese_original,Kraft Macaroni & Cheese Original,current_2020s,www.kroger.com,retailer_page,panel_capture_needed,high,source_page_capture_blocked_no_network,not_ready_for_ocr,,,capture_rights_safe_private_screenshot; crop_visible_label_or_document_surface; deskew_rotate_contrast_sharpen,0,1
hybrid-ocr-v1,mountain_dew_original__current_2020s__34__3,mountain_dew_original,Mountain Dew Original,current_2020s,smartlabel.pepsico.info,brand_label_page,panel_capture_needed,high,source_page_capture_blocked_no_network,not_ready_for_ocr,,,capture_rights_safe_private_screenshot; crop_visible_label_or_document_surface; deskew_rotate_contrast_sharpen,0,1
hybrid-ocr-v1,poptarts_brown_sugar_cinnamon__current_2020s__43__5,poptarts_brown_sugar_cinnamon,Pop-Tarts Frosted Brown Sugar Cinnamon,current_2020s,smartlabel.kelloggs.com,brand_label_page,panel_capture_needed,high,source_page_capture_blocked_no_network,not_ready_for_ocr,,,capture_rights_safe_private_screenshot; crop_visible_label_or_document_surface; deskew_rotate_contrast_sharpen,0,1
hybrid-ocr-v1,poptarts_frosted_strawberry__current_2020s__254__1,poptarts_frosted_strawberry,Pop-Tarts Frosted Strawberry,current_2020s,www.walmart.com,retailer_page,panel_capture_needed,high,source_page_capture_blocked_no_network,not_ready_for_ocr,,,capture_rights_safe_private_screenshot; crop_visible_label_or_document_surface; deskew_rotate_contrast_sharpen,0,1
hybrid-ocr-v1,ritz_original_crackers__earliest_verified_label__401__2,ritz_original_crackers,Ritz Original Crackers,earliest_verified_label,www.flickr.com,collector_package_photo,panel_capture_needed,high,source_page_capture_blocked_no_network,not_ready_for_ocr,,,capture_rights_safe_private_screenshot; crop_visible_label_or_document_surface; deskew_rotate_contrast_sharpen,0,1
hybrid-ocr-v1,campbells_chicken_noodle_soup__current_2020s__858__6,campbells_chicken_noodle_soup,Campbell's Chicken Noodle Soup,current_2020s,www.thefreshgrocer.com,current_web_page,panel_capture_needed,high,source_page_capture_blocked_no_network,not_ready_for_ocr,,,capture_rights_safe_private_screenshot; crop_visible_label_or_document_surface; deskew_rotate_contrast_sharpen,0,1
hybrid-ocr-v1,campbells_tomato_soup__current_2020s__726__8,campbells_tomato_soup,Campbell's Condensed Tomato Soup,current_2020s,www.campbells.com,current_web_page,panel_capture_needed,high,source_page_capture_blocked_no_network,not_ready_for_ocr,,,capture_rights_safe_private_screenshot; crop_visible_label_or_document_surface; deskew_rotate_contrast_sharpen,0,1
hybrid-ocr-v1,campbells_tomato_soup__current_2020s__971__10,campbells_tomato_soup,Campbell's Condensed Tomato Soup,current_2020s,www.ingredientinspector.org,current_web_page,panel_capture_needed,high,source_page_capture_blocked_no_network,not_ready_for_ocr,,,capture_rights_safe_private_screenshot; crop_visible_label_or_document_surface; deskew_rotate_contrast_sharpen,0,1
hybrid-ocr-v1,cheerios_original__earliest_verified_label__460__11,cheerios_original,Cheerios Original,earliest_verified_label,www.mashed.com,ad_or_trade_catalog,panel_capture_needed,high,source_page_capture_blocked_no_network,not_ready_for_ocr,,,capture_rights_safe_private_screenshot; crop_visible_label_or_document_surface; deskew_rotate_contrast_sharpen,0,1
hybrid-ocr-v1,chips_ahoy_original__current_2020s__253__2,chips_ahoy_original,Chips Ahoy! Original Cookies,current_2020s,www.walmart.com,retailer_page,panel_capture_needed,high,source_page_capture_blocked_no_network,not_ready_for_ocr,,,capture_rights_safe_private_screenshot; crop_visible_label_or_document_surface; deskew_rotate_contrast_sharpen,0,1
hybrid-ocr-v1,pepperidge_farm_goldfish_cheddar__current_2020s__47__4,pepperidge_farm_goldfish_cheddar,Pepperidge Farm Goldfish Cheddar,current_2020s,www.pepperidgefarm.com,current_web_page,panel_capture_needed,high,source_page_capture_blocked_no_network,not_ready_for_ocr,,,capture_rights_safe_private_screenshot; crop_visible_label_or_document_surface; deskew_rotate_contrast_sharpen,0,1
hybrid-ocr-v1,poptarts_brown_sugar_cinnamon__current_2020s__536__6,poptarts_brown_sugar_cinnamon,Pop-Tarts Frosted Brown Sugar Cinnamon,current_2020s,smartlabel.kelloggs.com,brand_label_page,panel_capture_needed,high,source_page_capture_blocked_no_network,not_ready_for_ocr,,,capture_rights_safe_private_screenshot; crop_visible_label_or_document_surface; deskew_rotate_contrast_sharpen,0,1
hybrid-ocr-v1,ritz_original_crackers__current_2020s__318__1,ritz_original_crackers,Ritz Original Crackers,current_2020s,www.walmart.com,retailer_page,panel_capture_needed,high,source_page_capture_blocked_no_network,not_ready_for_ocr,,,capture_rights_safe_private_screenshot; crop_visible_label_or_document_surface; deskew_rotate_contrast_sharpen,0,1
hybrid-ocr-v1,campbells_tomato_soup__current_2020s__501__1,campbells_tomato_soup,Campbell's Condensed Tomato Soup,current_2020s,www.campbells.com,current_web_page,panel_capture_needed,high,source_page_capture_blocked_no_network,not_ready_for_ocr,,,capture_rights_safe_private_screenshot; crop_visible_label_or_document_surface; deskew_rotate_contrast_sharpen,0,1
hybrid-ocr-v1,capn_crunch_original__current_2020s__440__3,capn_crunch_original,Cap'n Crunch Original,current_2020s,underunderstood.com,current_web_page,panel_capture_needed,high,source_page_capture_blocked_no_network,not_ready_for_ocr,,,capture_rights_safe_private_screenshot; crop_visible_label_or_document_surface; deskew_rotate_contrast_sharpen,0,1
hybrid-ocr-v1,cheez_it_original__current_2020s__21__1,cheez_it_original,Cheez-It Original Crackers,current_2020s,www.cheezit.com,current_web_page,panel_capture_needed,high,source_page_capture_blocked_no_network,not_ready_for_ocr,,,capture_rights_safe_private_screenshot; crop_visible_label_or_document_surface; deskew_rotate_contrast_sharpen,0,1
hybrid-ocr-v1,chips_ahoy_original__current_2020s__408__3,chips_ahoy_original,Chips Ahoy! Original Cookies,current_2020s,www.thefreshgrocer.com,current_web_page,panel_capture_needed,high,source_page_capture_blocked_no_network,not_ready_for_ocr,,,capture_rights_safe_private_screenshot; crop_visible_label_or_document_surface; deskew_rotate_contrast_sharpen,0,1
hybrid-ocr-v1,heinz_tomato_ketchup__current_2020s__505__1,heinz_tomato_ketchup,Heinz Tomato Ketchup,current_2020s,www.walmart.com,retailer_page,panel_capture_needed,high,source_page_capture_blocked_no_network,not_ready_for_ocr,,,capture_rights_safe_private_screenshot; crop_visible_label_or_document_surface; deskew_rotate_contrast_sharpen,0,1
hybrid-ocr-v1,honey_nut_cheerios__current_2020s__31__1,honey_nut_cheerios,Honey Nut Cheerios,current_2020s,www.cheerios.com,current_web_page,panel_capture_needed,high,source_page_capture_blocked_no_network,not_ready_for_ocr,,,capture_rights_safe_private_screenshot; crop_visible_label_or_document_surface; deskew_rotate_contrast_sharpen,0,1
hybrid-ocr-v1,jello_strawberry_gelatin__current_2020s__53__3,jello_strawberry_gelatin,Jell-O Strawberry Gelatin,current_2020s,www.kroger.com,retailer_page,panel_capture_needed,high,source_page_capture_blocked_no_network,not_ready_for_ocr,,,capture_rights_safe_private_screenshot; crop_visible_label_or_document_surface; deskew_rotate_contrast_sharpen,0,1
hybrid-ocr-v1,froot_loops__earliest_verified_label__330__1,froot_loops,Kellogg's Froot Loops,earliest_verified_label,www.flickr.com,collector_package_photo,panel_capture_needed,high,source_page_capture_blocked_no_network,not_ready_for_ocr,,,capture_rights_safe_private_screenshot; crop_visible_label_or_document_surface; deskew_rotate_contrast_sharpen,0,1
hybrid-ocr-v1,frosted_flakes__earliest_verified_label__405__1,frosted_flakes,Kellogg's Frosted Flakes,earliest_verified_label,www.flickr.com,collector_package_photo,panel_capture_needed,high,source_page_capture_blocked_no_network,not_ready_for_ocr,,,capture_rights_safe_private_screenshot; crop_visible_label_or_document_surface; deskew_rotate_contrast_sharpen,0,1
hybrid-ocr-v1,rice_krispies__current_2020s__55__3,rice_krispies,Kellogg's Rice Krispies,current_2020s,smartlabel.wkkellogg.com,brand_label_page,panel_capture_needed,high,source_page_capture_blocked_no_network,not_ready_for_ocr,,,capture_rights_safe_private_screenshot; crop_visible_label_or_document_surface; deskew_rotate_contrast_sharpen,0,1
hybrid-ocr-v1,kraft_macaroni_and_cheese_original__current_2020s__411__5,kraft_macaroni_and_cheese_original,Kraft Macaroni & Cheese Original,current_2020s,www.super99.com,current_web_page,panel_capture_needed,high,source_page_capture_blocked_no_network,not_ready_for_ocr,,,capture_rights_safe_private_screenshot; crop_visible_label_or_document_surface; deskew_rotate_contrast_sharpen,0,1
hybrid-ocr-v1,lays_classic__current_2020s__311__1,lays_classic,Lay's Classic Potato Chips,current_2020s,www.walmart.com,retailer_page,panel_capture_needed,high,source_page_capture_blocked_no_network,not_ready_for_ocr,,,capture_rights_safe_private_screenshot; crop_visible_label_or_document_surface; deskew_rotate_contrast_sharpen,0,1
hybrid-ocr-v1,mountain_dew_original__current_2020s__862__5,mountain_dew_original,Mountain Dew Original,current_2020s,smartlabel.pepsico.info,brand_label_page,panel_capture_needed,high,source_page_capture_blocked_no_network,not_ready_for_ocr,,,capture_rights_safe_private_screenshot; crop_visible_label_or_document_surface; deskew_rotate_contrast_sharpen,0,1
hybrid-ocr-v1,pepsi_cola__current_2020s__259__1,pepsi_cola,Pepsi Cola,current_2020s,smartlabel.pepsico.info,brand_label_page,panel_capture_needed,high,source_page_capture_blocked_no_network,not_ready_for_ocr,,,capture_rights_safe_private_screenshot; crop_visible_label_or_document_surface; deskew_rotate_contrast_sharpen,0,1
hybrid-ocr-v1,poptarts_brown_sugar_cinnamon__current_2020s__853__7,poptarts_brown_sugar_cinnamon,Pop-Tarts Frosted Brown Sugar Cinnamon,current_2020s,smartlabel.kelloggs.com,brand_label_page,panel_capture_needed,high,source_page_capture_blocked_no_network,not_ready_for_ocr,,,capture_rights_safe_private_screenshot; crop_visible_label_or_document_surface; deskew_rotate_contrast_sharpen,0,1
hybrid-ocr-v1,pringles_original__current_2020s__48__5,pringles_original,Pringles Original Crisps,current_2020s,www.pringles.com,current_web_page,panel_capture_needed,high,source_page_capture_blocked_no_network,not_ready_for_ocr,,,capture_rights_safe_private_screenshot; crop_visible_label_or_document_surface; deskew_rotate_contrast_sharpen,0,1
hybrid-ocr-v1,reeses_peanut_butter_cups__current_2020s__35__1,reeses_peanut_butter_cups,Reese's Peanut Butter Cups,current_2020s,smartlabel.hersheys.com,brand_label_page,panel_capture_needed,high,source_page_capture_blocked_no_network,not_ready_for_ocr,,,capture_rights_safe_private_screenshot; crop_visible_label_or_document_surface; deskew_rotate_contrast_sharpen,0,1
hybrid-ocr-v1,wheat_thins_original__current_2020s__56__3,wheat_thins_original,Wheat Thins Original,current_2020s,www.kroger.com,retailer_page,panel_capture_needed,high,source_page_capture_blocked_no_network,not_ready_for_ocr,,,capture_rights_safe_private_screenshot; crop_visible_label_or_document_surface; deskew_rotate_contrast_sharpen,0,1
hybrid-ocr-v1,campbells_tomato_soup__current_2020s__845__2,campbells_tomato_soup,Campbell's Condensed Tomato Soup,current_2020s,www.walmart.com,retailer_page,panel_capture_needed,high,source_page_capture_blocked_no_network,not_ready_for_ocr,,,capture_rights_safe_private_screenshot; crop_visible_label_or_document_surface; deskew_rotate_contrast_sharpen,0,1
hybrid-ocr-v1,cheez_it_original__current_2020s__509__2,cheez_it_original,Cheez-It Original Crackers,current_2020s,www.kroger.com,retailer_page,panel_capture_needed,high,source_page_capture_blocked_no_network,not_ready_for_ocr,,,capture_rights_safe_private_screenshot; crop_visible_label_or_document_surface; deskew_rotate_contrast_sharpen,0,1
hybrid-ocr-v1,chips_ahoy_original__current_2020s__482__4,chips_ahoy_original,Chips Ahoy! Original Cookies,current_2020s,www.walmart.com,retailer_page,panel_capture_needed,high,source_page_capture_blocked_no_network,not_ready_for_ocr,,,capture_rights_safe_private_screenshot; crop_visible_label_or_document_surface; deskew_rotate_contrast_sharpen,0,1
hybrid-ocr-v1,doritos_nacho_cheese__2010s__469__2,doritos_nacho_cheese,Doritos Nacho Cheese,2010s,www.heb.com,current_web_page,panel_capture_needed,high,source_page_capture_blocked_no_network,not_ready_for_ocr,,,capture_rights_safe_private_screenshot; crop_visible_label_or_document_surface; deskew_rotate_contrast_sharpen,0,1
hybrid-ocr-v1,dr_pepper_original__current_2020s__52__4,dr_pepper_original,Dr Pepper Original,current_2020s,www.kroger.com,retailer_page,panel_capture_needed,high,source_page_capture_blocked_no_network,not_ready_for_ocr,,,capture_rights_safe_private_screenshot; crop_visible_label_or_document_surface; deskew_rotate_contrast_sharpen,0,1
hybrid-ocr-v1,heinz_tomato_ketchup__current_2020s__504__2,heinz_tomato_ketchup,Heinz Tomato Ketchup,current_2020s,www.walmart.com,retailer_page,panel_capture_needed,high,source_page_capture_blocked_no_network,not_ready_for_ocr,,,capture_rights_safe_private_screenshot; crop_visible_label_or_document_surface; deskew_rotate_contrast_sharpen,0,1
hybrid-ocr-v1,frosted_flakes__earliest_verified_label__478__2,frosted_flakes,Kellogg's Frosted Flakes,earliest_verified_label,www.flickr.com,collector_package_photo,panel_capture_needed,high,source_page_capture_blocked_no_network,not_ready_for_ocr,,,capture_rights_safe_private_screenshot; crop_visible_label_or_document_surface; deskew_rotate_contrast_sharpen,0,1
hybrid-ocr-v1,mountain_dew_original__current_2020s__992__6,mountain_dew_original,Mountain Dew Original,current_2020s,smartlabel.pepsico.info,brand_label_page,panel_capture_needed,high,source_page_capture_blocked_no_network,not_ready_for_ocr,,,capture_rights_safe_private_screenshot; crop_visible_label_or_document_surface; deskew_rotate_contrast_sharpen,0,1
hybrid-ocr-v1,pepsi_cola__current_2020s__666__2,pepsi_cola,Pepsi Cola,current_2020s,www.wegmans.com,retailer_page,panel_capture_needed,high,source_page_capture_blocked_no_network,not_ready_for_ocr,,,capture_rights_safe_private_screenshot; crop_visible_label_or_document_surface; deskew_rotate_contrast_sharpen,0,1
hybrid-ocr-v1,poptarts_brown_sugar_cinnamon__current_2020s__854__4,poptarts_brown_sugar_cinnamon,Pop-Tarts Frosted Brown Sugar Cinnamon,current_2020s,www.kroger.com,retailer_page,panel_capture_needed,high,source_page_capture_blocked_no_network,not_ready_for_ocr,,,capture_rights_safe_private_screenshot; crop_visible_label_or_document_surface; deskew_rotate_contrast_sharpen,0,1
hybrid-ocr-v1,pringles_original__current_2020s__860__6,pringles_original,Pringles Original Crisps,current_2020s,www.pringles.com,current_web_page,panel_capture_needed,high,source_page_capture_blocked_no_network,not_ready_for_ocr,,,capture_rights_safe_private_screenshot; crop_visible_label_or_document_surface; deskew_rotate_contrast_sharpen,0,1
hybrid-ocr-v1,reeses_peanut_butter_cups__current_2020s__1067__2,reeses_peanut_butter_cups,Reese's Peanut Butter Cups,current_2020s,www.walmart.com,retailer_page,panel_capture_needed,high,source_page_capture_blocked_no_network,not_ready_for_ocr,,,capture_rights_safe_private_screenshot; crop_visible_label_or_document_surface; deskew_rotate_contrast_sharpen,0,1
hybrid-ocr-v1,wheat_thins_original__current_2020s__57__4,wheat_thins_original,Wheat Thins Original,current_2020s,www.directionsforme.org,label_database_record,panel_capture_needed,high,source_page_capture_blocked_no_network,not_ready_for_ocr,,,capture_rights_safe_private_screenshot; crop_visible_label_or_document_surface; deskew_rotate_contrast_sharpen,0,1
hybrid-ocr-v1,campbells_chicken_noodle_soup__current_2020s__312__1,campbells_chicken_noodle_soup,Campbell's Chicken Noodle Soup,current_2020s,www.walmart.com,retailer_page,panel_capture_needed,high,source_page_capture_blocked_no_network,not_ready_for_ocr,,,capture_rights_safe_private_screenshot; crop_visible_label_or_document_surface; deskew_rotate_contrast_sharpen,0,1
hybrid-ocr-v1,campbells_tomato_soup__current_2020s__281__3,campbells_tomato_soup,Campbell's Condensed Tomato Soup,current_2020s,www.walmart.com,retailer_page,panel_capture_needed,high,source_page_capture_blocked_no_network,not_ready_for_ocr,,,capture_rights_safe_private_screenshot; crop_visible_label_or_document_surface; deskew_rotate_contrast_sharpen,0,1
hybrid-ocr-v1,cheetos_crunchy__current_2020s__267__1,cheetos_crunchy,Cheetos Crunchy,current_2020s,www.walmart.com,retailer_page,panel_capture_needed,high,source_page_capture_blocked_no_network,not_ready_for_ocr,,,capture_rights_safe_private_screenshot; crop_visible_label_or_document_surface; deskew_rotate_contrast_sharpen,0,1
hybrid-ocr-v1,cheez_it_original__current_2020s__510__3,cheez_it_original,Cheez-It Original Crackers,current_2020s,www.kroger.com,retailer_page,panel_capture_needed,high,source_page_capture_blocked_no_network,not_ready_for_ocr,,,capture_rights_safe_private_screenshot; crop_visible_label_or_document_surface; deskew_rotate_contrast_sharpen,0,1
hybrid-ocr-v1,chips_ahoy_original__2010s__482__1,chips_ahoy_original,Chips Ahoy! Original Cookies,2010s,www.walmart.com,retailer_page,panel_capture_needed,high,source_page_capture_blocked_no_network,not_ready_for_ocr,,,capture_rights_safe_private_screenshot; crop_visible_label_or_document_surface; deskew_rotate_contrast_sharpen,0,1
hybrid-ocr-v1,chips_ahoy_original__current_2020s__481__5,chips_ahoy_original,Chips Ahoy! Original Cookies,current_2020s,www.walmart.com,retailer_page,panel_capture_needed,high,source_page_capture_blocked_no_network,not_ready_for_ocr,,,capture_rights_safe_private_screenshot; crop_visible_label_or_document_surface; deskew_rotate_contrast_sharpen,0,1
hybrid-ocr-v1,heinz_tomato_ketchup__current_2020s__251__3,heinz_tomato_ketchup,Heinz Tomato Ketchup,current_2020s,www.heinz.com,current_web_page,panel_capture_needed,high,source_page_capture_blocked_no_network,not_ready_for_ocr,,,capture_rights_safe_private_screenshot; crop_visible_label_or_document_surface; deskew_rotate_contrast_sharpen,0,1
hybrid-ocr-v1,jif_creamy_peanut_butter__current_2020s__60__3,jif_creamy_peanut_butter,Jif Creamy Peanut Butter,current_2020s,www.jif.com,current_web_page,panel_capture_needed,high,source_page_capture_blocked_no_network,not_ready_for_ocr,,,capture_rights_safe_private_screenshot; crop_visible_label_or_document_surface; deskew_rotate_contrast_sharpen,0,1
hybrid-ocr-v1,corn_flakes__current_2020s__255__1,corn_flakes,Kellogg's Corn Flakes,current_2020s,www.wkkellogg.com,current_web_page,panel_capture_needed,high,source_page_capture_blocked_no_network,not_ready_for_ocr,,,capture_rights_safe_private_screenshot; crop_visible_label_or_document_surface; deskew_rotate_contrast_sharpen,0,1
hybrid-ocr-v1,froot_loops__current_2020s__256__1,froot_loops,Kellogg's Froot Loops,current_2020s,www.wkkellogg.com,current_web_page,panel_capture_needed,high,source_page_capture_blocked_no_network,not_ready_for_ocr,,,capture_rights_safe_private_screenshot; crop_visible_label_or_document_surface; deskew_rotate_contrast_sharpen,0,1
hybrid-ocr-v1,frosted_flakes__current_2020s__257__1,frosted_flakes,Kellogg's Frosted Flakes,current_2020s,www.wkkellogg.com,current_web_page,panel_capture_needed,high,source_page_capture_blocked_no_network,not_ready_for_ocr,,,capture_rights_safe_private_screenshot; crop_visible_label_or_document_surface; deskew_rotate_contrast_sharpen,0,1
hybrid-ocr-v1,lucky_charms__current_2020s__42__1,lucky_charms,Lucky Charms,current_2020s,www.luckycharms.com,current_web_page,panel_capture_needed,high,source_page_capture_blocked_no_network,not_ready_for_ocr,,,capture_rights_safe_private_screenshot; crop_visible_label_or_document_surface; deskew_rotate_contrast_sharpen,0,1
hybrid-ocr-v1,lucky_charms__earliest_verified_label__276__3,lucky_charms,Lucky Charms,earliest_verified_label,www.flickr.com,collector_package_photo,panel_capture_needed,high,source_page_capture_blocked_no_network,not_ready_for_ocr,,,capture_rights_safe_private_screenshot; crop_visible_label_or_document_surface; deskew_rotate_contrast_sharpen,0,1
hybrid-ocr-v1,mountain_dew_original__current_2020s__993__7,mountain_dew_original,Mountain Dew Original,current_2020s,smartlabel.myproduct.info,brand_label_page,panel_capture_needed,high,source_page_capture_blocked_no_network,not_ready_for_ocr,,,capture_rights_safe_private_screenshot; crop_visible_label_or_document_surface; deskew_rotate_contrast_sharpen,0,1
hybrid-ocr-v1,poptarts_brown_sugar_cinnamon__current_2020s__537__1,poptarts_brown_sugar_cinnamon,Pop-Tarts Frosted Brown Sugar Cinnamon,current_2020s,www.poptarts.com,current_web_page,panel_capture_needed,high,source_page_capture_blocked_no_network,not_ready_for_ocr,,,capture_rights_safe_private_screenshot; crop_visible_label_or_document_surface; deskew_rotate_contrast_sharpen,0,1
hybrid-ocr-v1,pringles_original__current_2020s__996__7,pringles_original,Pringles Original Crisps,current_2020s,www.pringles.com,current_web_page,panel_capture_needed,high,source_page_capture_blocked_no_network,not_ready_for_ocr,,,capture_rights_safe_private_screenshot; crop_visible_label_or_document_surface; deskew_rotate_contrast_sharpen,0,1
hybrid-ocr-v1,reeses_peanut_butter_cups__current_2020s__855__3,reeses_peanut_butter_cups,Reese's Peanut Butter Cups,current_2020s,www.walmart.com,retailer_page,panel_capture_needed,high,source_page_capture_blocked_no_network,not_ready_for_ocr,,,capture_rights_safe_private_screenshot; crop_visible_label_or_document_surface; deskew_rotate_contrast_sharpen,0,1
hybrid-ocr-v1,triscuit_original__current_2020s__936__3,triscuit_original,Triscuit Original Crackers,current_2020s,smartlabel.mondelez.info,brand_label_page,panel_capture_needed,high,source_page_capture_blocked_no_network,not_ready_for_ocr,,,capture_rights_safe_private_screenshot; crop_visible_label_or_document_surface; deskew_rotate_contrast_sharpen,0,1
hybrid-ocr-v1,wheat_thins_original__current_2020s__1000__5,wheat_thins_original,Wheat Thins Original,current_2020s,smartlabel.mondelez.info,brand_label_page,panel_capture_needed,high,source_page_capture_blocked_no_network,not_ready_for_ocr,,,capture_rights_safe_private_screenshot; crop_visible_label_or_document_surface; deskew_rotate_contrast_sharpen,0,1
hybrid-ocr-v1,cheerios_original__1980s_or_earlier__368__1,cheerios_original,Cheerios Original,1980s_or_earlier,www.flickr.com,collector_package_photo,panel_capture_needed,high,source_page_capture_blocked_no_network,not_ready_for_ocr,,,capture_rights_safe_private_screenshot; crop_visible_label_or_document_surface; deskew_rotate_contrast_sharpen,0,1
hybrid-ocr-v1,chips_ahoy_original__2010s__481__2,chips_ahoy_original,Chips Ahoy! Original Cookies,2010s,www.walmart.com,retailer_page,panel_capture_needed,high,source_page_capture_blocked_no_network,not_ready_for_ocr,,,capture_rights_safe_private_screenshot; crop_visible_label_or_document_surface; deskew_rotate_contrast_sharpen,0,1
hybrid-ocr-v1,coca_cola_classic__1980s_or_earlier__725__1,coca_cola_classic,Coca-Cola Classic,1980s_or_earlier,www.flickr.com,collector_package_photo,panel_capture_needed,high,source_page_capture_blocked_no_network,not_ready_for_ocr,,,capture_rights_safe_private_screenshot; crop_visible_label_or_document_surface; deskew_rotate_contrast_sharpen,0,1
hybrid-ocr-v1,fig_newtons__current_2020s__58__4,fig_newtons,Fig Newtons,current_2020s,smartlabel.mondelez.info,brand_label_page,panel_capture_needed,high,source_page_capture_blocked_no_network,not_ready_for_ocr,,,capture_rights_safe_private_screenshot; crop_visible_label_or_document_surface; deskew_rotate_contrast_sharpen,0,1
hybrid-ocr-v1,heinz_tomato_ketchup__current_2020s__847__4,heinz_tomato_ketchup,Heinz Tomato Ketchup,current_2020s,www.walmart.com,retailer_page,panel_capture_needed,high,source_page_capture_blocked_no_network,not_ready_for_ocr,,,capture_rights_safe_private_screenshot; crop_visible_label_or_document_surface; deskew_rotate_contrast_sharpen,0,1
hybrid-ocr-v1,hostess_cupcakes__current_2020s__74__4,hostess_cupcakes,Hostess CupCakes,current_2020s,www.walmart.com,retailer_page,panel_capture_needed,high,source_page_capture_blocked_no_network,not_ready_for_ocr,,,capture_rights_safe_private_screenshot; crop_visible_label_or_document_surface; deskew_rotate_contrast_sharpen,0,1
hybrid-ocr-v1,corn_flakes__current_2020s__514__2,corn_flakes,Kellogg's Corn Flakes,current_2020s,www.walmart.com,retailer_page,panel_capture_needed,high,source_page_capture_blocked_no_network,not_ready_for_ocr,,,capture_rights_safe_private_screenshot; crop_visible_label_or_document_surface; deskew_rotate_contrast_sharpen,0,1
hybrid-ocr-v1,froot_loops__earliest_verified_label__435__4,froot_loops,Kellogg's Froot Loops,earliest_verified_label,www.flickr.com,collector_package_photo,panel_capture_needed,high,source_page_capture_blocked_no_network,not_ready_for_ocr,,,capture_rights_safe_private_screenshot; crop_visible_label_or_document_surface; deskew_rotate_contrast_sharpen,0,1
hybrid-ocr-v1,lucky_charms__current_2020s__901__2,lucky_charms,Lucky Charms,current_2020s,www.walmart.com,retailer_page,panel_capture_needed,high,source_page_capture_blocked_no_network,not_ready_for_ocr,,,capture_rights_safe_private_screenshot; crop_visible_label_or_document_surface; deskew_rotate_contrast_sharpen,0,1
hybrid-ocr-v1,poptarts_brown_sugar_cinnamon__current_2020s__279__2,poptarts_brown_sugar_cinnamon,Pop-Tarts Frosted Brown Sugar Cinnamon,current_2020s,www.walmart.com,retailer_page,panel_capture_needed,high,source_page_capture_blocked_no_network,not_ready_for_ocr,,,capture_rights_safe_private_screenshot; crop_visible_label_or_document_surface; deskew_rotate_contrast_sharpen,0,1
hybrid-ocr-v1,ritz_original_crackers__2010s__468__1,ritz_original_crackers,Ritz Original Crackers,2010s,www.snackworks.com,current_web_page,panel_capture_needed,high,source_page_capture_blocked_no_network,not_ready_for_ocr,,,capture_rights_safe_private_screenshot; crop_visible_label_or_document_surface; deskew_rotate_contrast_sharpen,0,1
hybrid-ocr-v1,triscuit_original__current_2020s__937__4,triscuit_original,Triscuit Original Crackers,current_2020s,smartlabel.mondelez.info,brand_label_page,panel_capture_needed,high,source_page_capture_blocked_no_network,not_ready_for_ocr,,,capture_rights_safe_private_screenshot; crop_visible_label_or_document_surface; deskew_rotate_contrast_sharpen,0,1
hybrid-ocr-v1,wheat_thins_original__current_2020s__517__6,wheat_thins_original,Wheat Thins Original,current_2020s,spoonfulapp.com,current_web_page,panel_capture_needed,high,source_page_capture_blocked_no_network,not_ready_for_ocr,,,capture_rights_safe_private_screenshot; crop_visible_label_or_document_surface; deskew_rotate_contrast_sharpen,0,1
hybrid-ocr-v1,campbells_tomato_soup__1980s_or_earlier__971__4,campbells_tomato_soup,Campbell's Condensed Tomato Soup,1980s_or_earlier,www.ingredientinspector.org,current_web_page,panel_capture_needed,high,source_page_capture_blocked_no_network,not_ready_for_ocr,,,capture_rights_safe_private_screenshot; crop_visible_label_or_document_surface; deskew_rotate_contrast_sharpen,0,1
hybrid-ocr-v1,chef_boyardee_beefaroni__current_2020s__69__1,chef_boyardee_beefaroni,Chef Boyardee Beefaroni,current_2020s,www.chefboyardee.com,current_web_page,panel_capture_needed,high,source_page_capture_blocked_no_network,not_ready_for_ocr,,,capture_rights_safe_private_screenshot; crop_visible_label_or_document_surface; deskew_rotate_contrast_sharpen,0,1
hybrid-ocr-v1,cinnamon_toast_crunch__current_2020s__44__1,cinnamon_toast_crunch,Cinnamon Toast Crunch,current_2020s,www.cinnamontoastcrunch.com,current_web_page,panel_capture_needed,high,source_page_capture_blocked_no_network,not_ready_for_ocr,,,capture_rights_safe_private_screenshot; crop_visible_label_or_document_surface; deskew_rotate_contrast_sharpen,0,1
hybrid-ocr-v1,cocoa_puffs__current_2020s__76__3,cocoa_puffs,Cocoa Puffs,current_2020s,www.cvs.com,current_web_page,panel_capture_needed,high,source_page_capture_blocked_no_network,not_ready_for_ocr,,,capture_rights_safe_private_screenshot; crop_visible_label_or_document_surface; deskew_rotate_contrast_sharpen,0,1
hybrid-ocr-v1,fig_newtons__2010s__59__1,fig_newtons,Fig Newtons,2010s,www.walmart.com,retailer_page,panel_capture_needed,high,source_page_capture_blocked_no_network,not_ready_for_ocr,,,capture_rights_safe_private_screenshot; crop_visible_label_or_document_surface; deskew_rotate_contrast_sharpen,0,1
hybrid-ocr-v1,honey_nut_cheerios__1990s__370__1,honey_nut_cheerios,Honey Nut Cheerios,1990s,www.flickr.com,collector_package_photo,panel_capture_needed,high,source_page_capture_blocked_no_network,not_ready_for_ocr,,,capture_rights_safe_private_screenshot; crop_visible_label_or_document_surface; deskew_rotate_contrast_sharpen,0,1
hybrid-ocr-v1,jello_strawberry_gelatin__earliest_verified_label__185__1,jello_strawberry_gelatin,Jell-O Strawberry Gelatin,earliest_verified_label,www.flickr.com,collector_package_photo,panel_capture_needed,high,source_page_capture_blocked_no_network,not_ready_for_ocr,,,capture_rights_safe_private_screenshot; crop_visible_label_or_document_surface; deskew_rotate_contrast_sharpen,0,1
hybrid-ocr-v1,mms_milk_chocolate__current_2020s__1082__1,mms_milk_chocolate,M&M's Milk Chocolate Candies,current_2020s,www.walmart.com,retailer_page,panel_capture_needed,high,source_page_capture_blocked_no_network,not_ready_for_ocr,,,capture_rights_safe_private_screenshot; crop_visible_label_or_document_surface; deskew_rotate_contrast_sharpen,0,1
hybrid-ocr-v1,mountain_dew_original__current_2020s__260__1,mountain_dew_original,Mountain Dew Original,current_2020s,smartlabel.pepsico.info,brand_label_page,panel_capture_needed,high,source_page_capture_blocked_no_network,not_ready_for_ocr,,,capture_rights_safe_private_screenshot; crop_visible_label_or_document_surface; deskew_rotate_contrast_sharpen,0,1
hybrid-ocr-v1,pepperidge_farm_goldfish_cheddar__current_2020s__280__1,pepperidge_farm_goldfish_cheddar,Pepperidge Farm Goldfish Cheddar,current_2020s,www.walmart.com,retailer_page,panel_capture_needed,high,source_page_capture_blocked_no_network,not_ready_for_ocr,,,capture_rights_safe_private_screenshot; crop_visible_label_or_document_surface; deskew_rotate_contrast_sharpen,0,1
hybrid-ocr-v1,poptarts_brown_sugar_cinnamon__current_2020s__960__3,poptarts_brown_sugar_cinnamon,Pop-Tarts Frosted Brown Sugar Cinnamon,current_2020s,www.walmart.com,retailer_page,panel_capture_needed,high,source_page_capture_blocked_no_network,not_ready_for_ocr,,,capture_rights_safe_private_screenshot; crop_visible_label_or_document_surface; deskew_rotate_contrast_sharpen,0,1
hybrid-ocr-v1,pringles_original__current_2020s__282__1,pringles_original,Pringles Original Crisps,current_2020s,www.walmart.com,retailer_page,panel_capture_needed,high,source_page_capture_blocked_no_network,not_ready_for_ocr,,,capture_rights_safe_private_screenshot; crop_visible_label_or_document_surface; deskew_rotate_contrast_sharpen,0,1
hybrid-ocr-v1,ritz_original_crackers__current_2020s__468__6,ritz_original_crackers,Ritz Original Crackers,current_2020s,www.snackworks.com,current_web_page,panel_capture_needed,high,source_page_capture_blocked_no_network,not_ready_for_ocr,,,capture_rights_safe_private_screenshot; crop_visible_label_or_document_surface; deskew_rotate_contrast_sharpen,0,1
hybrid-ocr-v1,ruffles_original__current_2020s__79__3,ruffles_original,Ruffles Original Potato Chips,current_2020s,smartlabel.pepsico.info,brand_label_page,panel_capture_needed,high,source_page_capture_blocked_no_network,not_ready_for_ocr,,,capture_rights_safe_private_screenshot; crop_visible_label_or_document_surface; deskew_rotate_contrast_sharpen,0,1
hybrid-ocr-v1,snickers_bar__current_2020s__49__1,snickers_bar,Snickers Bar,current_2020s,www.snickers.com,current_web_page,panel_capture_needed,high,source_page_capture_blocked_no_network,not_ready_for_ocr,,,capture_rights_safe_private_screenshot; crop_visible_label_or_document_surface; deskew_rotate_contrast_sharpen,0,1
hybrid-ocr-v1,spam_classic__earliest_verified_label__733__1,spam_classic,SPAM Classic,earliest_verified_label,www.spam.com,brand_label_page,panel_capture_needed,high,source_page_capture_blocked_no_network,not_ready_for_ocr,,,capture_rights_safe_private_screenshot; crop_visible_label_or_document_surface; deskew_rotate_contrast_sharpen,0,1
hybrid-ocr-v1,triscuit_original__2010s__937__1,triscuit_original,Triscuit Original Crackers,2010s,smartlabel.mondelez.info,brand_label_page,panel_capture_needed,high,source_page_capture_blocked_no_network,not_ready_for_ocr,,,capture_rights_safe_private_screenshot; crop_visible_label_or_document_surface; deskew_rotate_contrast_sharpen,0,1
hybrid-ocr-v1,triscuit_original__current_2020s__754__5,triscuit_original,Triscuit Original Crackers,current_2020s,www.walmart.com,retailer_page,panel_capture_needed,high,source_page_capture_blocked_no_network,not_ready_for_ocr,,,capture_rights_safe_private_screenshot; crop_visible_label_or_document_surface; deskew_rotate_contrast_sharpen,0,1
hybrid-ocr-v1,wheat_thins_original__current_2020s__870__7,wheat_thins_original,Wheat Thins Original,current_2020s,smartlabel.mondelez.info,brand_label_page,panel_capture_needed,high,source_page_capture_blocked_no_network,not_ready_for_ocr,,,capture_rights_safe_private_screenshot; crop_visible_label_or_document_surface; deskew_rotate_contrast_sharpen,0,1
hybrid-ocr-v1,campbells_tomato_soup__current_2020s__1077__9,campbells_tomato_soup,Campbell's Condensed Tomato Soup,current_2020s,www.campbells.com,current_web_page,panel_capture_needed,high,source_page_capture_blocked_no_network,not_ready_for_ocr,,,capture_rights_safe_private_screenshot; crop_visible_label_or_document_surface; deskew_rotate_contrast_sharpen,0,1
hybrid-ocr-v1,capn_crunch_original__current_2020s__50__2,capn_crunch_original,Cap'n Crunch Original,current_2020s,www.capncrunch.com,current_web_page,panel_capture_needed,high,source_page_capture_blocked_no_network,not_ready_for_ocr,,,capture_rights_safe_private_screenshot; crop_visible_label_or_document_surface; deskew_rotate_contrast_sharpen,0,1
hybrid-ocr-v1,chef_boyardee_beefaroni__current_2020s__290__2,chef_boyardee_beefaroni,Chef Boyardee Beefaroni,current_2020s,www.walmart.com,retailer_page,panel_capture_needed,high,source_page_capture_blocked_no_network,not_ready_for_ocr,,,capture_rights_safe_private_screenshot; crop_visible_label_or_document_surface; deskew_rotate_contrast_sharpen,0,1
hybrid-ocr-v1,cinnamon_toast_crunch__current_2020s__511__2,cinnamon_toast_crunch,Cinnamon Toast Crunch,current_2020s,www.generalmillsconvenience.com,current_web_page,panel_capture_needed,high,source_page_capture_blocked_no_network,not_ready_for_ocr,,,capture_rights_safe_private_screenshot; crop_visible_label_or_document_surface; deskew_rotate_contrast_sharpen,0,1
hybrid-ocr-v1,cocoa_puffs__current_2020s__75__4,cocoa_puffs,Cocoa Puffs,current_2020s,www.generalmills.com,brand_label_page,panel_capture_needed,high,source_page_capture_blocked_no_network,not_ready_for_ocr,,,capture_rights_safe_private_screenshot; crop_visible_label_or_document_surface; deskew_rotate_contrast_sharpen,0,1
hybrid-ocr-v1,eggo_homestyle_waffles__current_2020s__68__2,eggo_homestyle_waffles,Eggo Homestyle Waffles,current_2020s,www.leggomyeggo.com,current_web_page,panel_capture_needed,high,source_page_capture_blocked_no_network,not_ready_for_ocr,,,capture_rights_safe_private_screenshot; crop_visible_label_or_document_surface; deskew_rotate_contrast_sharpen,0,1
hybrid-ocr-v1,fritos_original__current_2020s__77__4,fritos_original,Fritos Original Corn Chips,current_2020s,smartlabel.pepsico.info,brand_label_page,panel_capture_needed,high,source_page_capture_blocked_no_network,not_ready_for_ocr,,,capture_rights_safe_private_screenshot; crop_visible_label_or_document_surface; deskew_rotate_contrast_sharpen,0,1
hybrid-ocr-v1,hot_pockets_pepperoni_pizza__current_2020s__83__2,hot_pockets_pepperoni_pizza,Hot Pockets Pepperoni Pizza,current_2020s,www.walmart.com,retailer_page,panel_capture_needed,high,source_page_capture_blocked_no_network,not_ready_for_ocr,,,capture_rights_safe_private_screenshot; crop_visible_label_or_document_surface; deskew_rotate_contrast_sharpen,0,1
hybrid-ocr-v1,jello_strawberry_gelatin__earliest_verified_label__562__2,jello_strawberry_gelatin,Jell-O Strawberry Gelatin,earliest_verified_label,www.etsy.com,marketplace_listing,panel_capture_needed,high,source_page_capture_blocked_no_network,not_ready_for_ocr,,,capture_rights_safe_private_screenshot; crop_visible_label_or_document_surface; deskew_rotate_contrast_sharpen,0,1
hybrid-ocr-v1,kraft_singles_american__current_2020s__78__4,kraft_singles_american,Kraft Singles American Cheese,current_2020s,www.kraftheinz.com,brand_label_page,panel_capture_needed,high,source_page_capture_blocked_no_network,not_ready_for_ocr,,,capture_rights_safe_private_screenshot; crop_visible_label_or_document_surface; deskew_rotate_contrast_sharpen,0,1
hybrid-ocr-v1,mms_milk_chocolate__current_2020s__497__2,mms_milk_chocolate,M&M's Milk Chocolate Candies,current_2020s,www.mms.com,current_web_page,panel_capture_needed,high,source_page_capture_blocked_no_network,not_ready_for_ocr,,,capture_rights_safe_private_screenshot; crop_visible_label_or_document_surface; deskew_rotate_contrast_sharpen,0,1
hybrid-ocr-v1,mountain_dew_original__current_2020s__760__2,mountain_dew_original,Mountain Dew Original,current_2020s,smartlabel.pepsico.info,brand_label_page,panel_capture_needed,high,source_page_capture_blocked_no_network,not_ready_for_ocr,,,capture_rights_safe_private_screenshot; crop_visible_label_or_document_surface; deskew_rotate_contrast_sharpen,0,1
hybrid-ocr-v1,pepperidge_farm_goldfish_cheddar__current_2020s__522__2,pepperidge_farm_goldfish_cheddar,Pepperidge Farm Goldfish Cheddar,current_2020s,www.target.com,retailer_page,panel_capture_needed,high,source_page_capture_blocked_no_network,not_ready_for_ocr,,,capture_rights_safe_private_screenshot; crop_visible_label_or_document_surface; deskew_rotate_contrast_sharpen,0,1
hybrid-ocr-v1,pringles_original__current_2020s__861__2,pringles_original,Pringles Original Crisps,current_2020s,www.walmart.com,retailer_page,panel_capture_needed,high,source_page_capture_blocked_no_network,not_ready_for_ocr,,,capture_rights_safe_private_screenshot; crop_visible_label_or_document_surface; deskew_rotate_contrast_sharpen,0,1
hybrid-ocr-v1,ruffles_original__current_2020s__494__4,ruffles_original,Ruffles Original Potato Chips,current_2020s,smartlabel.pepsico.info,brand_label_page,panel_capture_needed,high,source_page_capture_blocked_no_network,not_ready_for_ocr,,,capture_rights_safe_private_screenshot; crop_visible_label_or_document_surface; deskew_rotate_contrast_sharpen,0,1
hybrid-ocr-v1,skippy_creamy_peanut_butter__current_2020s__66__4,skippy_creamy_peanut_butter,Skippy Creamy Peanut Butter,current_2020s,www.peanutbutter.com,current_web_page,panel_capture_needed,high,source_page_capture_blocked_no_network,not_ready_for_ocr,,,capture_rights_safe_private_screenshot; crop_visible_label_or_document_surface; deskew_rotate_contrast_sharpen,0,1
hybrid-ocr-v1,snickers_bar__current_2020s__526__2,snickers_bar,Snickers Bar,current_2020s,www.walmart.com,retailer_page,panel_capture_needed,high,source_page_capture_blocked_no_network,not_ready_for_ocr,,,capture_rights_safe_private_screenshot; crop_visible_label_or_document_surface; deskew_rotate_contrast_sharpen,0,1
hybrid-ocr-v1,totinos_pizza_rolls__current_2020s__749__2,totinos_pizza_rolls,Totino's Pizza Rolls,current_2020s,www.super1foods.com,current_web_page,panel_capture_needed,high,source_page_capture_blocked_no_network,not_ready_for_ocr,,,capture_rights_safe_private_screenshot; crop_visible_label_or_document_surface; deskew_rotate_contrast_sharpen,0,1
hybrid-ocr-v1,triscuit_original__current_2020s__62__6,triscuit_original,Triscuit Original Crackers,current_2020s,smartlabel.mondelez.info,brand_label_page,panel_capture_needed,high,source_page_capture_blocked_no_network,not_ready_for_ocr,,,capture_rights_safe_private_screenshot; crop_visible_label_or_document_surface; deskew_rotate_contrast_sharpen,0,1
hybrid-ocr-v1,velveeta_shells_and_cheese__current_2020s__94__2,velveeta_shells_and_cheese,Velveeta Shells & Cheese,current_2020s,www.walmart.com,retailer_page,panel_capture_needed,high,source_page_capture_blocked_no_network,not_ready_for_ocr,,,capture_rights_safe_private_screenshot; crop_visible_label_or_document_surface; deskew_rotate_contrast_sharpen,0,1
hybrid-ocr-v1,wheat_thins_original__current_2020s__1001__8,wheat_thins_original,Wheat Thins Original,current_2020s,www.ewg.org,label_database_record,panel_capture_needed,high,source_page_capture_blocked_no_network,not_ready_for_ocr,,,capture_rights_safe_private_screenshot; crop_visible_label_or_document_surface; deskew_rotate_contrast_sharpen,0,1
hybrid-ocr-v1,capn_crunch_original__current_2020s__51__1,capn_crunch_original,Cap'n Crunch Original,current_2020s,www.kroger.com,retailer_page,panel_capture_needed,high,source_page_capture_blocked_no_network,not_ready_for_ocr,,,capture_rights_safe_private_screenshot; crop_visible_label_or_document_surface; deskew_rotate_contrast_sharpen,0,1
hybrid-ocr-v1,capn_crunch_original__earliest_verified_label__440__7,capn_crunch_original,Cap'n Crunch Original,earliest_verified_label,underunderstood.com,current_web_page,panel_capture_needed,high,source_page_capture_blocked_no_network,not_ready_for_ocr,,,capture_rights_safe_private_screenshot; crop_visible_label_or_document_surface; deskew_rotate_contrast_sharpen,0,1
hybrid-ocr-v1,dr_pepper_original__current_2020s__261__1,dr_pepper_original,Dr Pepper Original,current_2020s,www.target.com,retailer_page,panel_capture_needed,high,source_page_capture_blocked_no_network,not_ready_for_ocr,,,capture_rights_safe_private_screenshot; crop_visible_label_or_document_surface; deskew_rotate_contrast_sharpen,0,1
hybrid-ocr-v1,eggo_homestyle_waffles__current_2020s__773__3,eggo_homestyle_waffles,Eggo Homestyle Waffles,current_2020s,www.kellanovaawayfromhome.com,current_web_page,panel_capture_needed,high,source_page_capture_blocked_no_network,not_ready_for_ocr,,,capture_rights_safe_private_screenshot; crop_visible_label_or_document_surface; deskew_rotate_contrast_sharpen,0,1
hybrid-ocr-v1,gatorade_lemon_lime__current_2020s__81__3,gatorade_lemon_lime,Gatorade Lemon-Lime,current_2020s,smartlabel.pepsico.info,brand_label_page,panel_capture_needed,high,source_page_capture_blocked_no_network,not_ready_for_ocr,,,capture_rights_safe_private_screenshot; crop_visible_label_or_document_surface; deskew_rotate_contrast_sharpen,0,1
hybrid-ocr-v1,jello_strawberry_gelatin__current_2020s__283__1,jello_strawberry_gelatin,Jell-O Strawberry Gelatin,current_2020s,www.walmart.com,retailer_page,panel_capture_needed,high,source_page_capture_blocked_no_network,not_ready_for_ocr,,,capture_rights_safe_private_screenshot; crop_visible_label_or_document_surface; deskew_rotate_contrast_sharpen,0,1
hybrid-ocr-v1,froot_loops__1990s__330__1,froot_loops,Kellogg's Froot Loops,1990s,www.flickr.com,collector_package_photo,panel_capture_needed,high,source_page_capture_blocked_no_network,not_ready_for_ocr,,,capture_rights_safe_private_screenshot; crop_visible_label_or_document_surface; deskew_rotate_contrast_sharpen,0,1
hybrid-ocr-v1,frosted_flakes__1990s__405__1,frosted_flakes,Kellogg's Frosted Flakes,1990s,www.flickr.com,collector_package_photo,panel_capture_needed,high,source_page_capture_blocked_no_network,not_ready_for_ocr,,,capture_rights_safe_private_screenshot; crop_visible_label_or_document_surface; deskew_rotate_contrast_sharpen,0,1
hybrid-ocr-v1,rice_krispies__current_2020s__54__1,rice_krispies,Kellogg's Rice Krispies,current_2020s,www.wkkellogg.com,current_web_page,panel_capture_needed,high,source_page_capture_blocked_no_network,not_ready_for_ocr,,,capture_rights_safe_private_screenshot; crop_visible_label_or_document_surface; deskew_rotate_contrast_sharpen,0,1
hybrid-ocr-v1,kraft_singles_american__current_2020s__868__5,kraft_singles_american,Kraft Singles American Cheese,current_2020s,www.kraftheinz.com,brand_label_page,panel_capture_needed,high,source_page_capture_blocked_no_network,not_ready_for_ocr,,,capture_rights_safe_private_screenshot; crop_visible_label_or_document_surface; deskew_rotate_contrast_sharpen,0,1
hybrid-ocr-v1,mms_milk_chocolate__current_2020s__45__3,mms_milk_chocolate,M&M's Milk Chocolate Candies,current_2020s,www.mms.com,current_web_page,panel_capture_needed,high,source_page_capture_blocked_no_network,not_ready_for_ocr,,,capture_rights_safe_private_screenshot; crop_visible_label_or_document_surface; deskew_rotate_contrast_sharpen,0,1
hybrid-ocr-v1,nilla_wafers__2010s__865__1,nilla_wafers,Nilla Wafers,2010s,www.directionsforme.org,label_database_record,panel_capture_needed,high,source_page_capture_blocked_no_network,not_ready_for_ocr,,,capture_rights_safe_private_screenshot; crop_visible_label_or_document_surface; deskew_rotate_contrast_sharpen,0,1
hybrid-ocr-v1,nilla_wafers__current_2020s__64__5,nilla_wafers,Nilla Wafers,current_2020s,www.walmart.com,retailer_page,panel_capture_needed,high,source_page_capture_blocked_no_network,not_ready_for_ocr,,,capture_rights_safe_private_screenshot; crop_visible_label_or_document_surface; deskew_rotate_contrast_sharpen,0,1
hybrid-ocr-v1,pringles_original__current_2020s__507__3,pringles_original,Pringles Original Crisps,current_2020s,www.kroger.com,retailer_page,panel_capture_needed,high,source_page_capture_blocked_no_network,not_ready_for_ocr,,,capture_rights_safe_private_screenshot; crop_visible_label_or_document_surface; deskew_rotate_contrast_sharpen,0,1
hybrid-ocr-v1,quaker_old_fashioned_oats__current_2020s__1091__3,quaker_old_fashioned_oats,Quaker Old Fashioned Oats,current_2020s,smartlabel.pepsico.info,brand_label_page,panel_capture_needed,high,source_page_capture_blocked_no_network,not_ready_for_ocr,,,capture_rights_safe_private_screenshot; crop_visible_label_or_document_surface; deskew_rotate_contrast_sharpen,0,1
hybrid-ocr-v1,totinos_pizza_rolls__current_2020s__91__3,totinos_pizza_rolls,Totino's Pizza Rolls,current_2020s,www.totinos.com,current_web_page,panel_capture_needed,high,source_page_capture_blocked_no_network,not_ready_for_ocr,,,capture_rights_safe_private_screenshot; crop_visible_label_or_document_surface; deskew_rotate_contrast_sharpen,0,1
hybrid-ocr-v1,velveeta_shells_and_cheese__earliest_verified_label__680__1,velveeta_shells_and_cheese,Velveeta Shells & Cheese,earliest_verified_label,upcfoodsearch.com,label_database_record,panel_capture_needed,high,source_page_capture_blocked_no_network,not_ready_for_ocr,,,capture_rights_safe_private_screenshot; crop_visible_label_or_document_surface; deskew_rotate_contrast_sharpen,0,1
hybrid-ocr-v1,wheat_thins_original__current_2020s__313__1,wheat_thins_original,Wheat Thins Original,current_2020s,www.walmart.com,retailer_page,panel_capture_needed,high,source_page_capture_blocked_no_network,not_ready_for_ocr,,,capture_rights_safe_private_screenshot; crop_visible_label_or_document_surface; deskew_rotate_contrast_sharpen,0,1
hybrid-ocr-v1,capn_crunch_original__1990s__440__2,capn_crunch_original,Cap'n Crunch Original,1990s,underunderstood.com,current_web_page,panel_capture_needed,high,source_page_capture_blocked_no_network,not_ready_for_ocr,,,capture_rights_safe_private_screenshot; crop_visible_label_or_document_surface; deskew_rotate_contrast_sharpen,0,1
hybrid-ocr-v1,capn_crunch_original__earliest_verified_label__277__4,capn_crunch_original,Cap'n Crunch Original,earliest_verified_label,www.flickr.com,collector_package_photo,panel_capture_needed,high,source_page_capture_blocked_no_network,not_ready_for_ocr,,,capture_rights_safe_private_screenshot; crop_visible_label_or_document_surface; deskew_rotate_contrast_sharpen,0,1
hybrid-ocr-v1,chef_boyardee_beefaroni__current_2020s__1016__4,chef_boyardee_beefaroni,Chef Boyardee Beefaroni,current_2020s,www.chefboyardee.com,current_web_page,panel_capture_needed,high,source_page_capture_blocked_no_network,not_ready_for_ocr,,,capture_rights_safe_private_screenshot; crop_visible_label_or_document_surface; deskew_rotate_contrast_sharpen,0,1
hybrid-ocr-v1,dr_pepper_original__current_2020s__506__2,dr_pepper_original,Dr Pepper Original,current_2020s,www.kroger.com,retailer_page,panel_capture_needed,high,source_page_capture_blocked_no_network,not_ready_for_ocr,,,capture_rights_safe_private_screenshot; crop_visible_label_or_document_surface; deskew_rotate_contrast_sharpen,0,1
hybrid-ocr-v1,eggo_homestyle_waffles__current_2020s__626__4,eggo_homestyle_waffles,Eggo Homestyle Waffles,current_2020s,www.leggomyeggo.com,current_web_page,panel_capture_needed,high,source_page_capture_blocked_no_network,not_ready_for_ocr,,,capture_rights_safe_private_screenshot; crop_visible_label_or_document_surface; deskew_rotate_contrast_sharpen,0,1
hybrid-ocr-v1,gatorade_lemon_lime__current_2020s__1021__4,gatorade_lemon_lime,Gatorade Lemon-Lime,current_2020s,smartlabel.pepsico.info,brand_label_page,panel_capture_needed,high,source_page_capture_blocked_no_network,not_ready_for_ocr,,,capture_rights_safe_private_screenshot; crop_visible_label_or_document_surface; deskew_rotate_contrast_sharpen,0,1
hybrid-ocr-v1,jello_strawberry_gelatin__current_2020s__560__2,jello_strawberry_gelatin,Jell-O Strawberry Gelatin,current_2020s,www.walmart.com,retailer_page,panel_capture_needed,high,source_page_capture_blocked_no_network,not_ready_for_ocr,,,capture_rights_safe_private_screenshot; crop_visible_label_or_document_surface; deskew_rotate_contrast_sharpen,0,1
hybrid-ocr-v1,frosted_flakes__1980s_or_earlier__478__1,frosted_flakes,Kellogg's Frosted Flakes,1980s_or_earlier,www.flickr.com,collector_package_photo,panel_capture_needed,high,source_page_capture_blocked_no_network,not_ready_for_ocr,,,capture_rights_safe_private_screenshot; crop_visible_label_or_document_surface; deskew_rotate_contrast_sharpen,0,1
hybrid-ocr-v1,rice_krispies__current_2020s__513__2,rice_krispies,Kellogg's Rice Krispies,current_2020s,www.walmart.com,retailer_page,panel_capture_needed,high,source_page_capture_blocked_no_network,not_ready_for_ocr,,,capture_rights_safe_private_screenshot; crop_visible_label_or_document_surface; deskew_rotate_contrast_sharpen,0,1
hybrid-ocr-v1,kraft_singles_american__current_2020s__286__6,kraft_singles_american,Kraft Singles American Cheese,current_2020s,www.walmart.com,retailer_page,panel_capture_needed,high,source_page_capture_blocked_no_network,not_ready_for_ocr,,,capture_rights_safe_private_screenshot; crop_visible_label_or_document_surface; deskew_rotate_contrast_sharpen,0,1
hybrid-ocr-v1,mountain_dew_original__current_2020s__761__4,mountain_dew_original,Mountain Dew Original,current_2020s,smartlabel.pepsico.info,brand_label_page,panel_capture_needed,high,source_page_capture_blocked_no_network,not_ready_for_ocr,,,capture_rights_safe_private_screenshot; crop_visible_label_or_document_surface; deskew_rotate_contrast_sharpen,0,1
hybrid-ocr-v1,nilla_wafers__current_2020s__63__6,nilla_wafers,Nilla Wafers,current_2020s,www.directionsforme.org,label_database_record,panel_capture_needed,high,source_page_capture_blocked_no_network,not_ready_for_ocr,,,capture_rights_safe_private_screenshot; crop_visible_label_or_document_surface; deskew_rotate_contrast_sharpen,0,1
hybrid-ocr-v1,nutella_hazelnut_spread__current_2020s__65__6,nutella_hazelnut_spread,Nutella Hazelnut Spread,current_2020s,www.nutella.com,current_web_page,panel_capture_needed,high,source_page_capture_blocked_no_network,not_ready_for_ocr,,,capture_rights_safe_private_screenshot; crop_visible_label_or_document_surface; deskew_rotate_contrast_sharpen,0,1
hybrid-ocr-v1,quaker_old_fashioned_oats__current_2020s__931__4,quaker_old_fashioned_oats,Quaker Old Fashioned Oats,current_2020s,smartlabel.pepsico.info,brand_label_page,panel_capture_needed,high,source_page_capture_blocked_no_network,not_ready_for_ocr,,,capture_rights_safe_private_screenshot; crop_visible_label_or_document_surface; deskew_rotate_contrast_sharpen,0,1
hybrid-ocr-v1,spam_classic__2010s__686__2,spam_classic,SPAM Classic,2010s,osm-us.com,current_web_page,panel_capture_needed,high,source_page_capture_blocked_no_network,not_ready_for_ocr,,,capture_rights_safe_private_screenshot; crop_visible_label_or_document_surface; deskew_rotate_contrast_sharpen,0,1
hybrid-ocr-v1,tostitos_original__current_2020s__90__4,tostitos_original,Tostitos Original Restaurant Style,current_2020s,smartlabel.pepsico.info,brand_label_page,panel_capture_needed,high,source_page_capture_blocked_no_network,not_ready_for_ocr,,,capture_rights_safe_private_screenshot; crop_visible_label_or_document_surface; deskew_rotate_contrast_sharpen,0,1
hybrid-ocr-v1,totinos_pizza_rolls__current_2020s__557__4,totinos_pizza_rolls,Totino's Pizza Rolls,current_2020s,www.walmart.com,retailer_page,panel_capture_needed,high,source_page_capture_blocked_no_network,not_ready_for_ocr,,,capture_rights_safe_private_screenshot; crop_visible_label_or_document_surface; deskew_rotate_contrast_sharpen,0,1
hybrid-ocr-v1,velveeta_shells_and_cheese__earliest_verified_label__679__2,velveeta_shells_and_cheese,Velveeta Shells & Cheese,earliest_verified_label,upcfoodsearch.com,label_database_record,panel_capture_needed,high,source_page_capture_blocked_no_network,not_ready_for_ocr,,,capture_rights_safe_private_screenshot; crop_visible_label_or_document_surface; deskew_rotate_contrast_sharpen,0,1
hybrid-ocr-v1,wheat_thins_original__current_2020s__516__2,wheat_thins_original,Wheat Thins Original,current_2020s,business.walmart.com,retailer_page,panel_capture_needed,high,source_page_capture_blocked_no_network,not_ready_for_ocr,,,capture_rights_safe_private_screenshot; crop_visible_label_or_document_surface; deskew_rotate_contrast_sharpen,0,1
hybrid-ocr-v1,chef_boyardee_beefaroni__current_2020s__755__5,chef_boyardee_beefaroni,Chef Boyardee Beefaroni,current_2020s,www.chefboyardee.com,current_web_page,panel_capture_needed,high,source_page_capture_blocked_no_network,not_ready_for_ocr,,,capture_rights_safe_private_screenshot; crop_visible_label_or_document_surface; deskew_rotate_contrast_sharpen,0,1
hybrid-ocr-v1,dr_pepper_original__current_2020s__1085__3,dr_pepper_original,Dr Pepper Original,current_2020s,www.walmart.com,retailer_page,panel_capture_needed,high,source_page_capture_blocked_no_network,not_ready_for_ocr,,,capture_rights_safe_private_screenshot; crop_visible_label_or_document_surface; deskew_rotate_contrast_sharpen,0,1
hybrid-ocr-v1,eggo_homestyle_waffles__2010s__775__1,eggo_homestyle_waffles,Eggo Homestyle Waffles,2010s,www.upcitemdb.com,current_web_page,panel_capture_needed,high,source_page_capture_blocked_no_network,not_ready_for_ocr,,,capture_rights_safe_private_screenshot; crop_visible_label_or_document_surface; deskew_rotate_contrast_sharpen,0,1
hybrid-ocr-v1,eggo_homestyle_waffles__current_2020s__776__5,eggo_homestyle_waffles,Eggo Homestyle Waffles,current_2020s,www.upcitemdb.com,current_web_page,panel_capture_needed,high,source_page_capture_blocked_no_network,not_ready_for_ocr,,,capture_rights_safe_private_screenshot; crop_visible_label_or_document_surface; deskew_rotate_contrast_sharpen,0,1
hybrid-ocr-v1,fig_newtons__current_2020s__300__1,fig_newtons,Fig Newtons,current_2020s,www.walmart.com,retailer_page,panel_capture_needed,high,source_page_capture_blocked_no_network,not_ready_for_ocr,,,capture_rights_safe_private_screenshot; crop_visible_label_or_document_surface; deskew_rotate_contrast_sharpen,0,1
hybrid-ocr-v1,gatorade_lemon_lime__current_2020s__659__5,gatorade_lemon_lime,Gatorade Lemon-Lime,current_2020s,www.gatorade.com,current_web_page,panel_capture_needed,high,source_page_capture_blocked_no_network,not_ready_for_ocr,,,capture_rights_safe_private_screenshot; crop_visible_label_or_document_surface; deskew_rotate_contrast_sharpen,0,1
hybrid-ocr-v1,hellmanns_mayonnaise_real__current_2020s__1023__5,hellmanns_mayonnaise_real,Hellmann's Real Mayonnaise,current_2020s,www.qualityfoods.com,current_web_page,panel_capture_needed,high,source_page_capture_blocked_no_network,not_ready_for_ocr,,,capture_rights_safe_private_screenshot; crop_visible_label_or_document_surface; deskew_rotate_contrast_sharpen,0,1
hybrid-ocr-v1,hidden_valley_ranch_original__current_2020s__95__3,hidden_valley_ranch_original,Hidden Valley Original Ranch,current_2020s,www.hiddenvalley.com,brand_label_page,panel_capture_needed,high,source_page_capture_blocked_no_network,not_ready_for_ocr,,,capture_rights_safe_private_screenshot; crop_visible_label_or_document_surface; deskew_rotate_contrast_sharpen,0,1
hybrid-ocr-v1,hostess_cupcakes__current_2020s__284__1,hostess_cupcakes,Hostess CupCakes,current_2020s,www.walmart.com,retailer_page,panel_capture_needed,high,source_page_capture_blocked_no_network,not_ready_for_ocr,,,capture_rights_safe_private_screenshot; crop_visible_label_or_document_surface; deskew_rotate_contrast_sharpen,0,1
hybrid-ocr-v1,hot_pockets_pepperoni_pizza__2010s__84__1,hot_pockets_pepperoni_pizza,Hot Pockets Pepperoni Pizza,2010s,www.walmart.com,retailer_page,panel_capture_needed,high,source_page_capture_blocked_no_network,not_ready_for_ocr,,,capture_rights_safe_private_screenshot; crop_visible_label_or_document_surface; deskew_rotate_contrast_sharpen,0,1
hybrid-ocr-v1,jif_creamy_peanut_butter__current_2020s__518__1,jif_creamy_peanut_butter,Jif Creamy Peanut Butter,current_2020s,www.kroger.com,retailer_page,panel_capture_needed,high,source_page_capture_blocked_no_network,not_ready_for_ocr,,,capture_rights_safe_private_screenshot; crop_visible_label_or_document_surface; deskew_rotate_contrast_sharpen,0,1
hybrid-ocr-v1,froot_loops__1980s_or_earlier__435__2,froot_loops,Kellogg's Froot Loops,1980s_or_earlier,www.flickr.com,collector_package_photo,panel_capture_needed,high,source_page_capture_blocked_no_network,not_ready_for_ocr,,,capture_rights_safe_private_screenshot; crop_visible_label_or_document_surface; deskew_rotate_contrast_sharpen,0,1
hybrid-ocr-v1,kit_kat_bar__current_2020s__61__1,kit_kat_bar,Kit Kat Bar,current_2020s,smartlabel.hersheys.com,brand_label_page,panel_capture_needed,high,source_page_capture_blocked_no_network,not_ready_for_ocr,,,capture_rights_safe_private_screenshot; crop_visible_label_or_document_surface; deskew_rotate_contrast_sharpen,0,1
hybrid-ocr-v1,lucky_charms__1980s_or_earlier__276__2,lucky_charms,Lucky Charms,1980s_or_earlier,www.flickr.com,collector_package_photo,panel_capture_needed,high,source_page_capture_blocked_no_network,not_ready_for_ocr,,,capture_rights_safe_private_screenshot; crop_visible_label_or_document_surface; deskew_rotate_contrast_sharpen,0,1
hybrid-ocr-v1,nilla_wafers__2000s__865__1,nilla_wafers,Nilla Wafers,2000s,www.directionsforme.org,label_database_record,panel_capture_needed,high,source_page_capture_blocked_no_network,not_ready_for_ocr,,,capture_rights_safe_private_screenshot; crop_visible_label_or_document_surface; deskew_rotate_contrast_sharpen,0,1
hybrid-ocr-v1,nutella_hazelnut_spread__current_2020s__641__7,nutella_hazelnut_spread,Nutella Hazelnut Spread,current_2020s,www.nutella.com,current_web_page,panel_capture_needed,high,source_page_capture_blocked_no_network,not_ready_for_ocr,,,capture_rights_safe_private_screenshot; crop_visible_label_or_document_surface; deskew_rotate_contrast_sharpen,0,1
hybrid-ocr-v1,quaker_old_fashioned_oats__2010s__933__1,quaker_old_fashioned_oats,Quaker Old Fashioned Oats,2010s,upcfoodsearch.com,label_database_record,panel_capture_needed,high,source_page_capture_blocked_no_network,not_ready_for_ocr,,,capture_rights_safe_private_screenshot; crop_visible_label_or_document_surface; deskew_rotate_contrast_sharpen,0,1
hybrid-ocr-v1,spam_classic__current_2020s__67__7,spam_classic,SPAM Classic,current_2020s,www.spam.com,brand_label_page,panel_capture_needed,high,source_page_capture_blocked_no_network,not_ready_for_ocr,,,capture_rights_safe_private_screenshot; crop_visible_label_or_document_surface; deskew_rotate_contrast_sharpen,0,1
hybrid-ocr-v1,sprite_original__earliest_verified_label__417__1,sprite_original,Sprite Original,earliest_verified_label,www.flickr.com,collector_package_photo,panel_capture_needed,high,source_page_capture_blocked_no_network,not_ready_for_ocr,,,capture_rights_safe_private_screenshot; crop_visible_label_or_document_surface; deskew_rotate_contrast_sharpen,0,1
hybrid-ocr-v1,tostitos_original__2010s__1065__1,tostitos_original,Tostitos Original Restaurant Style,2010s,www.foodrepo.org,label_database_record,panel_capture_needed,high,source_page_capture_blocked_no_network,not_ready_for_ocr,,,capture_rights_safe_private_screenshot; crop_visible_label_or_document_surface; deskew_rotate_contrast_sharpen,0,1
hybrid-ocr-v1,totinos_pizza_rolls__2010s__557__1,totinos_pizza_rolls,Totino's Pizza Rolls,2010s,www.walmart.com,retailer_page,panel_capture_needed,high,source_page_capture_blocked_no_network,not_ready_for_ocr,,,capture_rights_safe_private_screenshot; crop_visible_label_or_document_surface; deskew_rotate_contrast_sharpen,0,1
hybrid-ocr-v1,triscuit_original__current_2020s__319__1,triscuit_original,Triscuit Original Crackers,current_2020s,www.walmart.com,retailer_page,panel_capture_needed,high,source_page_capture_blocked_no_network,not_ready_for_ocr,,,capture_rights_safe_private_screenshot; crop_visible_label_or_document_surface; deskew_rotate_contrast_sharpen,0,1
hybrid-ocr-v1,velveeta_shells_and_cheese__2010s__680__1,velveeta_shells_and_cheese,Velveeta Shells & Cheese,2010s,upcfoodsearch.com,label_database_record,panel_capture_needed,high,source_page_capture_blocked_no_network,not_ready_for_ocr,,,capture_rights_safe_private_screenshot; crop_visible_label_or_document_surface; deskew_rotate_contrast_sharpen,0,1
hybrid-ocr-v1,capn_crunch_original__earliest_verified_label__1084__6,capn_crunch_original,Cap'n Crunch Original,earliest_verified_label,www.reddit.com,current_web_page,panel_capture_needed,high,source_page_capture_blocked_no_network,not_ready_for_ocr,,,capture_rights_safe_private_screenshot; crop_visible_label_or_document_surface; deskew_rotate_contrast_sharpen,0,1
hybrid-ocr-v1,fig_newtons__current_2020s__520__2,fig_newtons,Fig Newtons,current_2020s,www.walmart.com,retailer_page,panel_capture_needed,high,source_page_capture_blocked_no_network,not_ready_for_ocr,,,capture_rights_safe_private_screenshot; crop_visible_label_or_document_surface; deskew_rotate_contrast_sharpen,0,1
hybrid-ocr-v1,gatorade_lemon_lime__current_2020s__1022__6,gatorade_lemon_lime,Gatorade Lemon-Lime,current_2020s,smartlabel.pepsico.info,brand_label_page,panel_capture_needed,high,source_page_capture_blocked_no_network,not_ready_for_ocr,,,capture_rights_safe_private_screenshot; crop_visible_label_or_document_surface; deskew_rotate_contrast_sharpen,0,1
hybrid-ocr-v1,hellmanns_mayonnaise_real__current_2020s__850__6,hellmanns_mayonnaise_real,Hellmann's Real Mayonnaise,current_2020s,smartlabel.unileverusa.com,brand_label_page,panel_capture_needed,high,source_page_capture_blocked_no_network,not_ready_for_ocr,,,capture_rights_safe_private_screenshot; crop_visible_label_or_document_surface; deskew_rotate_contrast_sharpen,0,1
hybrid-ocr-v1,hidden_valley_ranch_original__earliest_verified_label__454__2,hidden_valley_ranch_original,Hidden Valley Original Ranch,earliest_verified_label,upcfoodsearch.com,label_database_record,panel_capture_needed,high,source_page_capture_blocked_no_network,not_ready_for_ocr,,,capture_rights_safe_private_screenshot; crop_visible_label_or_document_surface; deskew_rotate_contrast_sharpen,0,1
hybrid-ocr-v1,hostess_cupcakes__current_2020s__540__2,hostess_cupcakes,Hostess CupCakes,current_2020s,www.walmart.com,retailer_page,panel_capture_needed,high,source_page_capture_blocked_no_network,not_ready_for_ocr,,,capture_rights_safe_private_screenshot; crop_visible_label_or_document_surface; deskew_rotate_contrast_sharpen,0,1
hybrid-ocr-v1,jif_creamy_peanut_butter__current_2020s__285__2,jif_creamy_peanut_butter,Jif Creamy Peanut Butter,current_2020s,www.walmart.com,retailer_page,panel_capture_needed,high,source_page_capture_blocked_no_network,not_ready_for_ocr,,,capture_rights_safe_private_screenshot; crop_visible_label_or_document_surface; deskew_rotate_contrast_sharpen,0,1
hybrid-ocr-v1,kit_kat_bar__current_2020s__903__2,kit_kat_bar,Kit Kat Bar,current_2020s,www.hersheyland.com,brand_label_page,panel_capture_needed,high,source_page_capture_blocked_no_network,not_ready_for_ocr,,,capture_rights_safe_private_screenshot; crop_visible_label_or_document_surface; deskew_rotate_contrast_sharpen,0,1
hybrid-ocr-v1,kraft_singles_american__current_2020s__1042__10,kraft_singles_american,Kraft Singles American Cheese,current_2020s,www.ewg.org,label_database_record,panel_capture_needed,high,source_page_capture_blocked_no_network,not_ready_for_ocr,,,capture_rights_safe_private_screenshot; crop_visible_label_or_document_surface; deskew_rotate_contrast_sharpen,0,1
hybrid-ocr-v1,kraft_singles_american__current_2020s__753__8,kraft_singles_american,Kraft Singles American Cheese,current_2020s,www.kraftheinz.com,brand_label_page,panel_capture_needed,high,source_page_capture_blocked_no_network,not_ready_for_ocr,,,capture_rights_safe_private_screenshot; crop_visible_label_or_document_surface; deskew_rotate_contrast_sharpen,0,1
hybrid-ocr-v1,kraft_singles_american__current_2020s__961__9,kraft_singles_american,Kraft Singles American Cheese,current_2020s,www.kraftheinz.com,brand_label_page,panel_capture_needed,high,source_page_capture_blocked_no_network,not_ready_for_ocr,,,capture_rights_safe_private_screenshot; crop_visible_label_or_document_surface; deskew_rotate_contrast_sharpen,0,1
hybrid-ocr-v1,nutella_hazelnut_spread__current_2020s__744__8,nutella_hazelnut_spread,Nutella Hazelnut Spread,current_2020s,www.nutella.com,current_web_page,panel_capture_needed,high,source_page_capture_blocked_no_network,not_ready_for_ocr,,,capture_rights_safe_private_screenshot; crop_visible_label_or_document_surface; deskew_rotate_contrast_sharpen,0,1
hybrid-ocr-v1,oscar_mayer_wieners__current_2020s__110__2,oscar_mayer_wieners,Oscar Mayer Wieners,current_2020s,www.oscarmayer.com,current_web_page,panel_capture_needed,high,source_page_capture_blocked_no_network,not_ready_for_ocr,,,capture_rights_safe_private_screenshot; crop_visible_label_or_document_surface; deskew_rotate_contrast_sharpen,0,1
hybrid-ocr-v1,poptarts_brown_sugar_cinnamon__current_2020s__959__8,poptarts_brown_sugar_cinnamon,Pop-Tarts Frosted Brown Sugar Cinnamon,current_2020s,www.kroger.com,retailer_page,panel_capture_needed,high,source_page_capture_blocked_no_network,not_ready_for_ocr,,,capture_rights_safe_private_screenshot; crop_visible_label_or_document_surface; deskew_rotate_contrast_sharpen,0,1
hybrid-ocr-v1,quaker_old_fashioned_oats__current_2020s__86__6,quaker_old_fashioned_oats,Quaker Old Fashioned Oats,current_2020s,www.quakeroats.com,current_web_page,panel_capture_needed,high,source_page_capture_blocked_no_network,not_ready_for_ocr,,,capture_rights_safe_private_screenshot; crop_visible_label_or_document_surface; deskew_rotate_contrast_sharpen,0,1
