run_id,evidence_id,product_id,product_name,vintage_label,source_domain,source_type,proof_lane,proof_lane_rank,ocr_gap_category,ocr_priority,capture_status,processed_status,original_sha256,processed_sha256,cleanup_actions,ready_for_ocr,candidate_only
panel-capture-v1,cheerios_original_evidence_1,cheerios_original,Cheerios Original,Earliest bounded chapter,flickr.com,panel_source_candidate,,,panel_capture_needed,high,source_page_capture_blocked_no_network,not_ready_for_ocr,,,capture_rights_safe_private_screenshot; crop_visible_label_or_document_surface; deskew_rotate_contrast_sharpen,0,1
panel-capture-v1,coca_cola_classic_evidence_1,coca_cola_classic,Coca-Cola Classic,Earliest bounded chapter,flickr.com,panel_source_candidate,,,panel_capture_needed,high,source_page_capture_blocked_no_network,not_ready_for_ocr,,,capture_rights_safe_private_screenshot; crop_visible_label_or_document_surface; deskew_rotate_contrast_sharpen,0,1
panel-capture-v1,flickr_oreo_1993,oreo_original_chocolate_sandwich_cookies,Oreo Original Chocolate Sandwich Cookies,1993 label candidate,flickr.com,panel_source_candidate,,,panel_capture_needed,high,source_page_capture_blocked_no_network,not_ready_for_ocr,,,capture_rights_safe_private_screenshot; crop_visible_label_or_document_surface; deskew_rotate_contrast_sharpen,0,1
panel-capture-v1,campbells_tomato_soup_evidence_7,campbells_tomato_soup,Campbell's Condensed Tomato Soup,Current anchor,campbells.com,panel_source_candidate,,,panel_capture_needed,high,source_page_capture_blocked_no_network,not_ready_for_ocr,,,capture_rights_safe_private_screenshot; crop_visible_label_or_document_surface; deskew_rotate_contrast_sharpen,0,1
panel-capture-v1,cheerios_original_evidence_8,cheerios_original,Cheerios Original,Current anchor,cheerios.com,panel_source_candidate,,,panel_capture_needed,high,source_page_capture_blocked_no_network,not_ready_for_ocr,,,capture_rights_safe_private_screenshot; crop_visible_label_or_document_surface; deskew_rotate_contrast_sharpen,0,1
panel-capture-v1,coca_cola_classic_evidence_6,coca_cola_classic,Coca-Cola Classic,Current anchor,coca-cola.com,panel_source_candidate,,,panel_capture_needed,high,source_page_capture_blocked_no_network,not_ready_for_ocr,,,capture_rights_safe_private_screenshot; crop_visible_label_or_document_surface; deskew_rotate_contrast_sharpen,0,1
panel-capture-v1,doritos_nacho_cheese_evidence_7,doritos_nacho_cheese,Doritos Nacho Cheese,Current anchor,heb.com,panel_source_candidate,,,panel_capture_needed,high,source_page_capture_blocked_no_network,not_ready_for_ocr,,,capture_rights_safe_private_screenshot; crop_visible_label_or_document_surface; deskew_rotate_contrast_sharpen,0,1
panel-capture-v1,heinz_tomato_ketchup_evidence_6,heinz_tomato_ketchup,Heinz Tomato Ketchup,Current anchor,walmart.com,panel_source_candidate,,,panel_capture_needed,high,source_page_capture_blocked_no_network,not_ready_for_ocr,,,capture_rights_safe_private_screenshot; crop_visible_label_or_document_surface; deskew_rotate_contrast_sharpen,0,1
panel-capture-v1,kraft_macaroni_and_cheese_original_evidence_8,kraft_macaroni_and_cheese_original,Kraft Macaroni & Cheese Original,Current anchor,walmart.com,panel_source_candidate,,,panel_capture_needed,high,source_page_capture_blocked_no_network,not_ready_for_ocr,,,capture_rights_safe_private_screenshot; crop_visible_label_or_document_surface; deskew_rotate_contrast_sharpen,0,1
panel-capture-v1,mcdonalds_big_mac_evidence_1,mcdonalds_big_mac,McDonald's Big Mac,Earliest bounded chapter,grist.org,panel_source_candidate,,,panel_capture_needed,high,source_page_capture_blocked_no_network,not_ready_for_ocr,,,capture_rights_safe_private_screenshot; crop_visible_label_or_document_surface; deskew_rotate_contrast_sharpen,0,1
panel-capture-v1,mcdonalds_big_mac_evidence_5,mcdonalds_big_mac,McDonald's Big Mac,Current anchor,mcdonalds.com,panel_source_candidate,,,panel_capture_needed,high,source_page_capture_blocked_no_network,not_ready_for_ocr,,,capture_rights_safe_private_screenshot; crop_visible_label_or_document_surface; deskew_rotate_contrast_sharpen,0,1
panel-capture-v1,mcdonalds_chicken_mcnuggets_evidence_2,mcdonalds_chicken_mcnuggets,McDonald's Chicken McNuggets,Earliest bounded chapter,grist.org,panel_source_candidate,,,panel_capture_needed,high,source_page_capture_blocked_no_network,not_ready_for_ocr,,,capture_rights_safe_private_screenshot; crop_visible_label_or_document_surface; deskew_rotate_contrast_sharpen,0,1
panel-capture-v1,mcdonalds_chicken_mcnuggets_evidence_7,mcdonalds_chicken_mcnuggets,McDonald's Chicken McNuggets,Current anchor,mcdonalds.com,panel_source_candidate,,,panel_capture_needed,high,source_page_capture_blocked_no_network,not_ready_for_ocr,,,capture_rights_safe_private_screenshot; crop_visible_label_or_document_surface; deskew_rotate_contrast_sharpen,0,1
panel-capture-v1,smartlabel_oreo_143,oreo_original_chocolate_sandwich_cookies,Oreo Original Chocolate Sandwich Cookies,Current SKU anchor,smartlabel.mondelez.info,panel_source_candidate,,,panel_capture_needed,high,source_page_capture_blocked_no_network,not_ready_for_ocr,,,capture_rights_safe_private_screenshot; crop_visible_label_or_document_surface; deskew_rotate_contrast_sharpen,0,1
panel-capture-v1,poptarts_frosted_strawberry_evidence_7,poptarts_frosted_strawberry,Pop-Tarts Frosted Strawberry,Current anchor,smartlabel.kelloggs.com,panel_source_candidate,,,panel_capture_needed,high,source_page_capture_blocked_no_network,not_ready_for_ocr,,,capture_rights_safe_private_screenshot; crop_visible_label_or_document_surface; deskew_rotate_contrast_sharpen,0,1
panel-capture-v1,campbells_tomato_soup_evidence_5,campbells_tomato_soup,Campbell's Condensed Tomato Soup,1980s or earlier,ingredientinspector.org,panel_source_candidate,,,panel_capture_needed,high,source_page_capture_blocked_no_network,not_ready_for_ocr,,,capture_rights_safe_private_screenshot; crop_visible_label_or_document_surface; deskew_rotate_contrast_sharpen,0,1
panel-capture-v1,cheerios_original_evidence_1,cheerios_original,Cheerios Original,1980s or earlier,flickr.com,panel_source_candidate,,,panel_capture_needed,high,source_page_capture_blocked_no_network,not_ready_for_ocr,,,capture_rights_safe_private_screenshot; crop_visible_label_or_document_surface; deskew_rotate_contrast_sharpen,0,1
panel-capture-v1,coca_cola_classic_evidence_1,coca_cola_classic,Coca-Cola Classic,1980s or earlier,flickr.com,panel_source_candidate,,,panel_capture_needed,high,source_page_capture_blocked_no_network,not_ready_for_ocr,,,capture_rights_safe_private_screenshot; crop_visible_label_or_document_surface; deskew_rotate_contrast_sharpen,0,1
panel-capture-v1,flickr_oreo_1960s,oreo_original_chocolate_sandwich_cookies,Oreo Original Chocolate Sandwich Cookies,1950s-1960s package lead,flickr.com,panel_source_candidate,,,panel_capture_needed,high,source_page_capture_blocked_no_network,not_ready_for_ocr,,,capture_rights_safe_private_screenshot; crop_visible_label_or_document_surface; deskew_rotate_contrast_sharpen,0,1
panel-capture-v1,doritos_nacho_cheese_evidence_7,doritos_nacho_cheese,Doritos Nacho Cheese,2010s bridge,heb.com,panel_source_candidate,,,panel_capture_needed,high,source_page_capture_blocked_no_network,not_ready_for_ocr,,,capture_rights_safe_private_screenshot; crop_visible_label_or_document_surface; deskew_rotate_contrast_sharpen,0,1
panel-capture-v1,mcdonalds_big_mac_evidence_4,mcdonalds_big_mac,McDonald's Big Mac,2000s bridge,canceredinstitute.org,panel_source_candidate,,,panel_capture_needed,high,source_page_capture_blocked_no_network,not_ready_for_ocr,,,capture_rights_safe_private_screenshot; crop_visible_label_or_document_surface; deskew_rotate_contrast_sharpen,0,1
panel-capture-v1,mcdonalds_big_mac_evidence_4,mcdonalds_big_mac,McDonald's Big Mac,2010s bridge,canceredinstitute.org,panel_source_candidate,,,panel_capture_needed,high,source_page_capture_blocked_no_network,not_ready_for_ocr,,,capture_rights_safe_private_screenshot; crop_visible_label_or_document_surface; deskew_rotate_contrast_sharpen,0,1
panel-capture-v1,mcdonalds_chicken_mcnuggets_evidence_4,mcdonalds_chicken_mcnuggets,McDonald's Chicken McNuggets,2000s bridge,s3.amazonaws.com,panel_source_candidate,,,panel_capture_needed,high,source_page_capture_blocked_no_network,not_ready_for_ocr,,,capture_rights_safe_private_screenshot; crop_visible_label_or_document_surface; deskew_rotate_contrast_sharpen,0,1
panel-capture-v1,mcdonalds_chicken_mcnuggets_evidence_4,mcdonalds_chicken_mcnuggets,McDonald's Chicken McNuggets,2010s bridge,s3.amazonaws.com,panel_source_candidate,,,panel_capture_needed,high,source_page_capture_blocked_no_network,not_ready_for_ocr,,,capture_rights_safe_private_screenshot; crop_visible_label_or_document_surface; deskew_rotate_contrast_sharpen,0,1
panel-capture-v1,ewg_oreo_winter_2010,oreo_original_chocolate_sandwich_cookies,Oreo Original Chocolate Sandwich Cookies,2010s label bridge,ewg.org,panel_source_candidate,,,panel_capture_needed,high,source_page_capture_blocked_no_network,not_ready_for_ocr,,,capture_rights_safe_private_screenshot; crop_visible_label_or_document_surface; deskew_rotate_contrast_sharpen,0,1
panel-capture-v1,poptarts_frosted_strawberry_evidence_6,poptarts_frosted_strawberry,Pop-Tarts Frosted Strawberry,2010s bridge,foodrepo.org,panel_source_candidate,,,panel_capture_needed,high,source_page_capture_blocked_no_network,not_ready_for_ocr,,,capture_rights_safe_private_screenshot; crop_visible_label_or_document_surface; deskew_rotate_contrast_sharpen,0,1
panel-capture-v1,campbells_tomato_soup_evidence_0,campbells_tomato_soup,Campbell's Condensed Tomato Soup,Earliest bounded chapter,flickr.com,secondary_context_only,,,readable_panel_photo_needed,high,source_page_capture_blocked_no_network,not_ready_for_ocr,,,capture_rights_safe_private_screenshot; crop_visible_label_or_document_surface; deskew_rotate_contrast_sharpen,0,1
panel-capture-v1,cheerios_original_evidence_5,cheerios_original,Cheerios Original,1990s bridge,theimaginaryworld.com,secondary_context_only,,,readable_panel_photo_needed,high,source_page_capture_blocked_no_network,not_ready_for_ocr,,,capture_rights_safe_private_screenshot; crop_visible_label_or_document_surface; deskew_rotate_contrast_sharpen,0,1
panel-capture-v1,coca_cola_classic_evidence_4,coca_cola_classic,Coca-Cola Classic,1990s bridge,flickr.com,secondary_context_only,,,readable_panel_photo_needed,high,source_page_capture_blocked_no_network,not_ready_for_ocr,,,capture_rights_safe_private_screenshot; crop_visible_label_or_document_surface; deskew_rotate_contrast_sharpen,0,1
panel-capture-v1,doritos_nacho_cheese_evidence_0,doritos_nacho_cheese,Doritos Nacho Cheese,Earliest bounded chapter,flickr.com,secondary_context_only,,,readable_panel_photo_needed,high,source_page_capture_blocked_no_network,not_ready_for_ocr,,,capture_rights_safe_private_screenshot; crop_visible_label_or_document_surface; deskew_rotate_contrast_sharpen,0,1
panel-capture-v1,doritos_nacho_cheese_evidence_1,doritos_nacho_cheese,Doritos Nacho Cheese,1990s bridge,flickr.com,secondary_context_only,,,readable_panel_photo_needed,high,source_page_capture_blocked_no_network,not_ready_for_ocr,,,capture_rights_safe_private_screenshot; crop_visible_label_or_document_surface; deskew_rotate_contrast_sharpen,0,1
panel-capture-v1,heinz_tomato_ketchup_evidence_0,heinz_tomato_ketchup,Heinz Tomato Ketchup,Earliest bounded chapter,laurelleaffarm.com,secondary_context_only,,,readable_panel_photo_needed,high,source_page_capture_blocked_no_network,not_ready_for_ocr,,,capture_rights_safe_private_screenshot; crop_visible_label_or_document_surface; deskew_rotate_contrast_sharpen,0,1
panel-capture-v1,kraft_macaroni_and_cheese_original_evidence_0,kraft_macaroni_and_cheese_original,Kraft Macaroni & Cheese Original,Earliest bounded chapter,flickr.com,secondary_context_only,,,readable_panel_photo_needed,high,source_page_capture_blocked_no_network,not_ready_for_ocr,,,capture_rights_safe_private_screenshot; crop_visible_label_or_document_surface; deskew_rotate_contrast_sharpen,0,1
panel-capture-v1,kraft_macaroni_and_cheese_original_evidence_1,kraft_macaroni_and_cheese_original,Kraft Macaroni & Cheese Original,1990s bridge,flickr.com,secondary_context_only,,,readable_panel_photo_needed,high,source_page_capture_blocked_no_network,not_ready_for_ocr,,,capture_rights_safe_private_screenshot; crop_visible_label_or_document_surface; deskew_rotate_contrast_sharpen,0,1
panel-capture-v1,mcdonalds_big_mac_evidence_3,mcdonalds_big_mac,McDonald's Big Mac,1990s bridge,flickr.com,secondary_context_only,,,readable_panel_photo_needed,high,source_page_capture_blocked_no_network,not_ready_for_ocr,,,capture_rights_safe_private_screenshot; crop_visible_label_or_document_surface; deskew_rotate_contrast_sharpen,0,1
panel-capture-v1,poptarts_frosted_strawberry_evidence_0,poptarts_frosted_strawberry,Pop-Tarts Frosted Strawberry,Earliest bounded chapter,flickr.com,secondary_context_only,,,readable_panel_photo_needed,high,source_page_capture_blocked_no_network,not_ready_for_ocr,,,capture_rights_safe_private_screenshot; crop_visible_label_or_document_surface; deskew_rotate_contrast_sharpen,0,1
panel-capture-v1,7up_original__earliest_verified_label__273__1,7up_original,7UP Original,Earliest label hunt,flickr.com,panel_source_candidate,,,panel_capture_needed,low,source_page_capture_blocked_no_network,not_ready_for_ocr,,,capture_rights_safe_private_screenshot; crop_visible_label_or_document_surface; deskew_rotate_contrast_sharpen,0,1
panel-capture-v1,capn_crunch_original__1990s__440__2,capn_crunch_original,Cap'n Crunch Original,1990s bridge,underunderstood.com,panel_source_candidate,,,panel_capture_needed,low,source_page_capture_blocked_no_network,not_ready_for_ocr,,,capture_rights_safe_private_screenshot; crop_visible_label_or_document_surface; deskew_rotate_contrast_sharpen,0,1
panel-capture-v1,capn_crunch_original__earliest_verified_label__440__7,capn_crunch_original,Cap'n Crunch Original,Earliest label hunt,underunderstood.com,panel_source_candidate,,,panel_capture_needed,low,source_page_capture_blocked_no_network,not_ready_for_ocr,,,capture_rights_safe_private_screenshot; crop_visible_label_or_document_surface; deskew_rotate_contrast_sharpen,0,1
panel-capture-v1,chips_ahoy_original__earliest_verified_label__448__3,chips_ahoy_original,Chips Ahoy! Original Cookies,Earliest label hunt,upcfoodsearch.com,panel_source_candidate,,,panel_capture_needed,low,source_page_capture_blocked_no_network,not_ready_for_ocr,,,capture_rights_safe_private_screenshot; crop_visible_label_or_document_surface; deskew_rotate_contrast_sharpen,0,1
panel-capture-v1,cinnamon_toast_crunch__earliest_verified_label__512__4,cinnamon_toast_crunch,Cinnamon Toast Crunch,Earliest label hunt,district.schoolnutritionandfitness.com,panel_source_candidate,,,panel_capture_needed,low,source_page_capture_blocked_no_network,not_ready_for_ocr,,,capture_rights_safe_private_screenshot; crop_visible_label_or_document_surface; deskew_rotate_contrast_sharpen,0,1
panel-capture-v1,dinty_moore_beef_stew__earliest_verified_label__1059__2,dinty_moore_beef_stew,Dinty Moore Beef Stew,Earliest label hunt,flickr.com,panel_source_candidate,,,panel_capture_needed,low,source_page_capture_blocked_no_network,not_ready_for_ocr,,,capture_rights_safe_private_screenshot; crop_visible_label_or_document_surface; deskew_rotate_contrast_sharpen,0,1
panel-capture-v1,dominos_hand_tossed_pepperoni__earliest_verified_label__785__2,dominos_hand_tossed_pepperoni,Domino's Hand Tossed Pepperoni Pizza,Earliest label hunt,dominos.com,panel_source_candidate,,,panel_capture_needed,low,source_page_capture_blocked_no_network,not_ready_for_ocr,,,capture_rights_safe_private_screenshot; crop_visible_label_or_document_surface; deskew_rotate_contrast_sharpen,0,1
panel-capture-v1,dunkin_glazed_donut__earliest_verified_label__801__1,dunkin_glazed_donut,Dunkin' Glazed Donut,Earliest label hunt,fastfoodingredients.com,panel_source_candidate,,,panel_capture_needed,low,source_page_capture_blocked_no_network,not_ready_for_ocr,,,capture_rights_safe_private_screenshot; crop_visible_label_or_document_surface; deskew_rotate_contrast_sharpen,0,1
panel-capture-v1,gatorade_lemon_lime__earliest_verified_label__191__1,gatorade_lemon_lime,Gatorade Lemon-Lime,Earliest label hunt,flickr.com,panel_source_candidate,,,panel_capture_needed,low,source_page_capture_blocked_no_network,not_ready_for_ocr,,,capture_rights_safe_private_screenshot; crop_visible_label_or_document_surface; deskew_rotate_contrast_sharpen,0,1
panel-capture-v1,hidden_valley_ranch_original__earliest_verified_label__454__2,hidden_valley_ranch_original,Hidden Valley Original Ranch,Earliest label hunt,upcfoodsearch.com,panel_source_candidate,,,panel_capture_needed,low,source_page_capture_blocked_no_network,not_ready_for_ocr,,,capture_rights_safe_private_screenshot; crop_visible_label_or_document_surface; deskew_rotate_contrast_sharpen,0,1
panel-capture-v1,honey_nut_cheerios__1990s__370__1,honey_nut_cheerios,Honey Nut Cheerios,1990s bridge,flickr.com,panel_source_candidate,,,panel_capture_needed,low,source_page_capture_blocked_no_network,not_ready_for_ocr,,,capture_rights_safe_private_screenshot; crop_visible_label_or_document_surface; deskew_rotate_contrast_sharpen,0,1
panel-capture-v1,honey_nut_cheerios__earliest_verified_label__370__1,honey_nut_cheerios,Honey Nut Cheerios,Earliest label hunt,flickr.com,panel_source_candidate,,,panel_capture_needed,low,source_page_capture_blocked_no_network,not_ready_for_ocr,,,capture_rights_safe_private_screenshot; crop_visible_label_or_document_surface; deskew_rotate_contrast_sharpen,0,1
panel-capture-v1,hormel_chili_no_beans__earliest_verified_label__677__1,hormel_chili_no_beans,Hormel Chili No Beans,Earliest label hunt,upcfoodsearch.com,panel_source_candidate,,,panel_capture_needed,low,source_page_capture_blocked_no_network,not_ready_for_ocr,,,capture_rights_safe_private_screenshot; crop_visible_label_or_document_surface; deskew_rotate_contrast_sharpen,0,1
panel-capture-v1,jello_strawberry_gelatin__earliest_verified_label__185__1,jello_strawberry_gelatin,Jell-O Strawberry Gelatin,Earliest label hunt,flickr.com,panel_source_candidate,,,panel_capture_needed,low,source_page_capture_blocked_no_network,not_ready_for_ocr,,,capture_rights_safe_private_screenshot; crop_visible_label_or_document_surface; deskew_rotate_contrast_sharpen,0,1
panel-capture-v1,froot_loops__1990s__330__1,froot_loops,Kellogg's Froot Loops,1990s bridge,flickr.com,panel_source_candidate,,,panel_capture_needed,low,source_page_capture_blocked_no_network,not_ready_for_ocr,,,capture_rights_safe_private_screenshot; crop_visible_label_or_document_surface; deskew_rotate_contrast_sharpen,0,1
panel-capture-v1,froot_loops__earliest_verified_label__330__1,froot_loops,Kellogg's Froot Loops,Earliest label hunt,flickr.com,panel_source_candidate,,,panel_capture_needed,low,source_page_capture_blocked_no_network,not_ready_for_ocr,,,capture_rights_safe_private_screenshot; crop_visible_label_or_document_surface; deskew_rotate_contrast_sharpen,0,1
panel-capture-v1,frosted_flakes__1990s__405__1,frosted_flakes,Kellogg's Frosted Flakes,1990s bridge,flickr.com,panel_source_candidate,,,panel_capture_needed,low,source_page_capture_blocked_no_network,not_ready_for_ocr,,,capture_rights_safe_private_screenshot; crop_visible_label_or_document_surface; deskew_rotate_contrast_sharpen,0,1
panel-capture-v1,frosted_flakes__earliest_verified_label__405__1,frosted_flakes,Kellogg's Frosted Flakes,Earliest label hunt,flickr.com,panel_source_candidate,,,panel_capture_needed,low,source_page_capture_blocked_no_network,not_ready_for_ocr,,,capture_rights_safe_private_screenshot; crop_visible_label_or_document_surface; deskew_rotate_contrast_sharpen,0,1
panel-capture-v1,kfc_famous_bowl__earliest_verified_label__700__1,kfc_famous_bowl,KFC Famous Bowl,Earliest label hunt,docslib.org,panel_source_candidate,,,panel_capture_needed,low,source_page_capture_blocked_no_network,not_ready_for_ocr,,,capture_rights_safe_private_screenshot; crop_visible_label_or_document_surface; deskew_rotate_contrast_sharpen,0,1
panel-capture-v1,kfc_original_recipe_chicken__earliest_verified_label__765__2,kfc_original_recipe_chicken,KFC Original Recipe Chicken,Earliest label hunt,docslib.org,panel_source_candidate,,,panel_capture_needed,low,source_page_capture_blocked_no_network,not_ready_for_ocr,,,capture_rights_safe_private_screenshot; crop_visible_label_or_document_surface; deskew_rotate_contrast_sharpen,0,1
panel-capture-v1,lucky_charms__earliest_verified_label__276__3,lucky_charms,Lucky Charms,Earliest label hunt,flickr.com,panel_source_candidate,,,panel_capture_needed,low,source_page_capture_blocked_no_network,not_ready_for_ocr,,,capture_rights_safe_private_screenshot; crop_visible_label_or_document_surface; deskew_rotate_contrast_sharpen,0,1
panel-capture-v1,pillsbury_toaster_strudel_strawberry__earliest_verified_label__675__1,pillsbury_toaster_strudel_strawberry,Pillsbury Toaster Strudel Strawberry,Earliest label hunt,bcscan.com,panel_source_candidate,,,panel_capture_needed,low,source_page_capture_blocked_no_network,not_ready_for_ocr,,,capture_rights_safe_private_screenshot; crop_visible_label_or_document_surface; deskew_rotate_contrast_sharpen,0,1
panel-capture-v1,pizza_hut_original_pan_pepperoni__earliest_verified_label__655__1,pizza_hut_original_pan_pepperoni,Pizza Hut Original Pan Pepperoni Pizza,Earliest label hunt,yumpu.com,panel_source_candidate,,,panel_capture_needed,low,source_page_capture_blocked_no_network,not_ready_for_ocr,,,capture_rights_safe_private_screenshot; crop_visible_label_or_document_surface; deskew_rotate_contrast_sharpen,0,1
panel-capture-v1,ritz_original_crackers__earliest_verified_label__401__2,ritz_original_crackers,Ritz Original Crackers,Earliest label hunt,flickr.com,panel_source_candidate,,,panel_capture_needed,low,source_page_capture_blocked_no_network,not_ready_for_ocr,,,capture_rights_safe_private_screenshot; crop_visible_label_or_document_surface; deskew_rotate_contrast_sharpen,0,1
panel-capture-v1,spam_classic__earliest_verified_label__733__1,spam_classic,SPAM Classic,Earliest label hunt,spam.com,panel_source_candidate,,,panel_capture_needed,low,source_page_capture_blocked_no_network,not_ready_for_ocr,,,capture_rights_safe_private_screenshot; crop_visible_label_or_document_surface; deskew_rotate_contrast_sharpen,0,1
panel-capture-v1,sprite_original__earliest_verified_label__417__1,sprite_original,Sprite Original,Earliest label hunt,flickr.com,panel_source_candidate,,,panel_capture_needed,low,source_page_capture_blocked_no_network,not_ready_for_ocr,,,capture_rights_safe_private_screenshot; crop_visible_label_or_document_surface; deskew_rotate_contrast_sharpen,0,1
panel-capture-v1,stouffers_lasagna_meat_sauce__earliest_verified_label__681__1,stouffers_lasagna_meat_sauce,Stouffer's Lasagna with Meat & Sauce,Earliest label hunt,upcfoodsearch.com,panel_source_candidate,,,panel_capture_needed,low,source_page_capture_blocked_no_network,not_ready_for_ocr,,,capture_rights_safe_private_screenshot; crop_visible_label_or_document_surface; deskew_rotate_contrast_sharpen,0,1
panel-capture-v1,taco_bell_bean_burrito__earliest_verified_label__798__1,taco_bell_bean_burrito,Taco Bell Bean Burrito,Earliest label hunt,fastfoodingredients.com,panel_source_candidate,,,panel_capture_needed,low,source_page_capture_blocked_no_network,not_ready_for_ocr,,,capture_rights_safe_private_screenshot; crop_visible_label_or_document_surface; deskew_rotate_contrast_sharpen,0,1
panel-capture-v1,tang_orange__earliest_verified_label__580__1,tang_orange,Tang Orange Drink Mix,Earliest label hunt,flickr.com,panel_source_candidate,,,panel_capture_needed,low,source_page_capture_blocked_no_network,not_ready_for_ocr,,,capture_rights_safe_private_screenshot; crop_visible_label_or_document_surface; deskew_rotate_contrast_sharpen,0,1
panel-capture-v1,trix_cereal__earliest_verified_label__208__1,trix_cereal,Trix Cereal,Earliest label hunt,flickr.com,panel_source_candidate,,,panel_capture_needed,low,source_page_capture_blocked_no_network,not_ready_for_ocr,,,capture_rights_safe_private_screenshot; crop_visible_label_or_document_surface; deskew_rotate_contrast_sharpen,0,1
panel-capture-v1,twizzlers_strawberry__earliest_verified_label__687__1,twizzlers_strawberry,Twizzlers Strawberry Twists,Earliest label hunt,upcfoodsearch.com,panel_source_candidate,,,panel_capture_needed,low,source_page_capture_blocked_no_network,not_ready_for_ocr,,,capture_rights_safe_private_screenshot; crop_visible_label_or_document_surface; deskew_rotate_contrast_sharpen,0,1
panel-capture-v1,velveeta_shells_and_cheese__earliest_verified_label__680__1,velveeta_shells_and_cheese,Velveeta Shells & Cheese,Earliest label hunt,upcfoodsearch.com,panel_source_candidate,,,panel_capture_needed,low,source_page_capture_blocked_no_network,not_ready_for_ocr,,,capture_rights_safe_private_screenshot; crop_visible_label_or_document_surface; deskew_rotate_contrast_sharpen,0,1
panel-capture-v1,wheaties__earliest_verified_label__638__1,wheaties,Wheaties,Earliest label hunt,flickr.com,panel_source_candidate,,,panel_capture_needed,low,source_page_capture_blocked_no_network,not_ready_for_ocr,,,capture_rights_safe_private_screenshot; crop_visible_label_or_document_surface; deskew_rotate_contrast_sharpen,0,1
panel-capture-v1,7up_original__current_2020s__263__1,7up_original,7UP Original,Current SKU anchor,7up.com,panel_source_candidate,,,panel_capture_needed,low,source_page_capture_blocked_no_network,not_ready_for_ocr,,,capture_rights_safe_private_screenshot; crop_visible_label_or_document_surface; deskew_rotate_contrast_sharpen,0,1
panel-capture-v1,ball_park_franks__current_2020s__916__11,ball_park_franks,Ball Park Franks,Current SKU anchor,foodforkidsnevada.org,panel_source_candidate,,,panel_capture_needed,low,source_page_capture_blocked_no_network,not_ready_for_ocr,,,capture_rights_safe_private_screenshot; crop_visible_label_or_document_surface; deskew_rotate_contrast_sharpen,0,1
panel-capture-v1,banquet_chicken_pot_pie__current_2020s__130__1,banquet_chicken_pot_pie,Banquet Chicken Pot Pie,Current SKU anchor,walmart.com,panel_source_candidate,,,panel_capture_needed,low,source_page_capture_blocked_no_network,not_ready_for_ocr,,,capture_rights_safe_private_screenshot; crop_visible_label_or_document_surface; deskew_rotate_contrast_sharpen,0,1
panel-capture-v1,betty_crocker_super_moist_yellow_cake_mix__current_2020s__100__1,betty_crocker_super_moist_yellow_cake_mix,Betty Crocker Super Moist Yellow Cake Mix,Current SKU anchor,bettycrocker.com,panel_source_candidate,,,panel_capture_needed,low,source_page_capture_blocked_no_network,not_ready_for_ocr,,,capture_rights_safe_private_screenshot; crop_visible_label_or_document_surface; deskew_rotate_contrast_sharpen,0,1
panel-capture-v1,bisquick_original__current_2020s__701__3,bisquick_original,Bisquick Original Pancake and Baking Mix,Current SKU anchor,upcitemdb.com,panel_source_candidate,,,panel_capture_needed,low,source_page_capture_blocked_no_network,not_ready_for_ocr,,,capture_rights_safe_private_screenshot; crop_visible_label_or_document_surface; deskew_rotate_contrast_sharpen,0,1
panel-capture-v1,butterfinger_bar__current_2020s__525__1,butterfinger_bar,Butterfinger Bar,Current SKU anchor,kroger.com,panel_source_candidate,,,panel_capture_needed,low,source_page_capture_blocked_no_network,not_ready_for_ocr,,,capture_rights_safe_private_screenshot; crop_visible_label_or_document_surface; deskew_rotate_contrast_sharpen,0,1
panel-capture-v1,campbells_chicken_noodle_soup__current_2020s__530__2,campbells_chicken_noodle_soup,Campbell's Chicken Noodle Soup,Current SKU anchor,campbellsfoodservice.com,panel_source_candidate,,,panel_capture_needed,low,source_page_capture_blocked_no_network,not_ready_for_ocr,,,capture_rights_safe_private_screenshot; crop_visible_label_or_document_surface; deskew_rotate_contrast_sharpen,0,1
panel-capture-v1,capn_crunch_original__current_2020s__440__3,capn_crunch_original,Cap'n Crunch Original,Current SKU anchor,underunderstood.com,panel_source_candidate,,,panel_capture_needed,low,source_page_capture_blocked_no_network,not_ready_for_ocr,,,capture_rights_safe_private_screenshot; crop_visible_label_or_document_surface; deskew_rotate_contrast_sharpen,0,1
panel-capture-v1,cheetos_crunchy__current_2020s__38__2,cheetos_crunchy,Cheetos Crunchy,Current SKU anchor,smartlabel.pepsico.info,panel_source_candidate,,,panel_capture_needed,low,source_page_capture_blocked_no_network,not_ready_for_ocr,,,capture_rights_safe_private_screenshot; crop_visible_label_or_document_surface; deskew_rotate_contrast_sharpen,0,1
panel-capture-v1,cheez_it_original__current_2020s__22__4,cheez_it_original,Cheez-It Original Crackers,Current SKU anchor,smartlabel.kelloggs.com,panel_source_candidate,,,panel_capture_needed,low,source_page_capture_blocked_no_network,not_ready_for_ocr,,,capture_rights_safe_private_screenshot; crop_visible_label_or_document_surface; deskew_rotate_contrast_sharpen,0,1
panel-capture-v1,chef_boyardee_beefaroni__current_2020s__69__1,chef_boyardee_beefaroni,Chef Boyardee Beefaroni,Current SKU anchor,chefboyardee.com,panel_source_candidate,,,panel_capture_needed,low,source_page_capture_blocked_no_network,not_ready_for_ocr,,,capture_rights_safe_private_screenshot; crop_visible_label_or_document_surface; deskew_rotate_contrast_sharpen,0,1
panel-capture-v1,chick_fil_a_chicken_sandwich__current_2020s__946__2,chick_fil_a_chicken_sandwich,Chick-fil-A Chicken Sandwich,Current SKU anchor,chick-fil-a.com,panel_source_candidate,,,panel_capture_needed,low,source_page_capture_blocked_no_network,not_ready_for_ocr,,,capture_rights_safe_private_screenshot; crop_visible_label_or_document_surface; deskew_rotate_contrast_sharpen,0,1
panel-capture-v1,chips_ahoy_original__current_2020s__409__6,chips_ahoy_original,Chips Ahoy! Original Cookies,Current SKU anchor,upcitemdb.com,panel_source_candidate,,,panel_capture_needed,low,source_page_capture_blocked_no_network,not_ready_for_ocr,,,capture_rights_safe_private_screenshot; crop_visible_label_or_document_surface; deskew_rotate_contrast_sharpen,0,1
panel-capture-v1,cinnamon_toast_crunch__current_2020s__44__1,cinnamon_toast_crunch,Cinnamon Toast Crunch,Current SKU anchor,cinnamontoastcrunch.com,panel_source_candidate,,,panel_capture_needed,low,source_page_capture_blocked_no_network,not_ready_for_ocr,,,capture_rights_safe_private_screenshot; crop_visible_label_or_document_surface; deskew_rotate_contrast_sharpen,0,1
panel-capture-v1,cocoa_puffs__current_2020s__76__3,cocoa_puffs,Cocoa Puffs,Current SKU anchor,cvs.com,panel_source_candidate,,,panel_capture_needed,low,source_page_capture_blocked_no_network,not_ready_for_ocr,,,capture_rights_safe_private_screenshot; crop_visible_label_or_document_surface; deskew_rotate_contrast_sharpen,0,1
panel-capture-v1,cool_whip_original__current_2020s__118__4,cool_whip_original,Cool Whip Original,Current SKU anchor,kraftheinz.com,panel_source_candidate,,,panel_capture_needed,low,source_page_capture_blocked_no_network,not_ready_for_ocr,,,capture_rights_safe_private_screenshot; crop_visible_label_or_document_surface; deskew_rotate_contrast_sharpen,0,1
panel-capture-v1,dinty_moore_beef_stew__current_2020s__1058__5,dinty_moore_beef_stew,Dinty Moore Beef Stew,Current SKU anchor,smartlabel.hormelfoods.com,panel_source_candidate,,,panel_capture_needed,low,source_page_capture_blocked_no_network,not_ready_for_ocr,,,capture_rights_safe_private_screenshot; crop_visible_label_or_document_surface; deskew_rotate_contrast_sharpen,0,1
panel-capture-v1,dominos_hand_tossed_pepperoni__current_2020s__571__1,dominos_hand_tossed_pepperoni,Domino's Hand Tossed Pepperoni Pizza,Current SKU anchor,cache.dominos.com,panel_source_candidate,,,panel_capture_needed,low,source_page_capture_blocked_no_network,not_ready_for_ocr,,,capture_rights_safe_private_screenshot; crop_visible_label_or_document_surface; deskew_rotate_contrast_sharpen,0,1
panel-capture-v1,dr_pepper_original__current_2020s__52__4,dr_pepper_original,Dr Pepper Original,Current SKU anchor,kroger.com,panel_source_candidate,,,panel_capture_needed,low,source_page_capture_blocked_no_network,not_ready_for_ocr,,,capture_rights_safe_private_screenshot; crop_visible_label_or_document_surface; deskew_rotate_contrast_sharpen,0,1
panel-capture-v1,dunkin_glazed_donut__current_2020s__574__1,dunkin_glazed_donut,Dunkin' Glazed Donut,Current SKU anchor,dunkindonuts.com,panel_source_candidate,,,panel_capture_needed,low,source_page_capture_blocked_no_network,not_ready_for_ocr,,,capture_rights_safe_private_screenshot; crop_visible_label_or_document_surface; deskew_rotate_contrast_sharpen,0,1
panel-capture-v1,eggo_homestyle_waffles__current_2020s__68__2,eggo_homestyle_waffles,Eggo Homestyle Waffles,Current SKU anchor,leggomyeggo.com,panel_source_candidate,,,panel_capture_needed,low,source_page_capture_blocked_no_network,not_ready_for_ocr,,,capture_rights_safe_private_screenshot; crop_visible_label_or_document_surface; deskew_rotate_contrast_sharpen,0,1
panel-capture-v1,fig_newtons__current_2020s__58__4,fig_newtons,Fig Newtons,Current SKU anchor,smartlabel.mondelez.info,panel_source_candidate,,,panel_capture_needed,low,source_page_capture_blocked_no_network,not_ready_for_ocr,,,capture_rights_safe_private_screenshot; crop_visible_label_or_document_surface; deskew_rotate_contrast_sharpen,0,1
panel-capture-v1,frenchs_yellow_mustard__current_2020s__702__4,frenchs_yellow_mustard,French's Classic Yellow Mustard,Current SKU anchor,upcitemdb.com,panel_source_candidate,,,panel_capture_needed,low,source_page_capture_blocked_no_network,not_ready_for_ocr,,,capture_rights_safe_private_screenshot; crop_visible_label_or_document_surface; deskew_rotate_contrast_sharpen,0,1
panel-capture-v1,fritos_original__current_2020s__77__4,fritos_original,Fritos Original Corn Chips,Current SKU anchor,smartlabel.pepsico.info,panel_source_candidate,,,panel_capture_needed,low,source_page_capture_blocked_no_network,not_ready_for_ocr,,,capture_rights_safe_private_screenshot; crop_visible_label_or_document_surface; deskew_rotate_contrast_sharpen,0,1
panel-capture-v1,gatorade_lemon_lime__current_2020s__81__3,gatorade_lemon_lime,Gatorade Lemon-Lime,Current SKU anchor,smartlabel.pepsico.info,panel_source_candidate,,,panel_capture_needed,low,source_page_capture_blocked_no_network,not_ready_for_ocr,,,capture_rights_safe_private_screenshot; crop_visible_label_or_document_surface; deskew_rotate_contrast_sharpen,0,1
panel-capture-v1,hamburger_helper_cheeseburger_macaroni__current_2020s__104__3,hamburger_helper_cheeseburger_macaroni,Hamburger Helper Cheeseburger Macaroni,Current SKU anchor,hamburgerhelper.com,panel_source_candidate,,,panel_capture_needed,low,source_page_capture_blocked_no_network,not_ready_for_ocr,,,capture_rights_safe_private_screenshot; crop_visible_label_or_document_surface; deskew_rotate_contrast_sharpen,0,1
panel-capture-v1,hebrew_national_franks__current_2020s__133__3,hebrew_national_franks,Hebrew National Beef Franks,Current SKU anchor,walmart.com,panel_source_candidate,,,panel_capture_needed,low,source_page_capture_blocked_no_network,not_ready_for_ocr,,,capture_rights_safe_private_screenshot; crop_visible_label_or_document_surface; deskew_rotate_contrast_sharpen,0,1
panel-capture-v1,hellmanns_mayonnaise_real__current_2020s__608__4,hellmanns_mayonnaise_real,Hellmann's Real Mayonnaise,Current SKU anchor,webstaurantstore.com,panel_source_candidate,,,panel_capture_needed,low,source_page_capture_blocked_no_network,not_ready_for_ocr,,,capture_rights_safe_private_screenshot; crop_visible_label_or_document_surface; deskew_rotate_contrast_sharpen,0,1
panel-capture-v1,hersheys_milk_chocolate_bar__current_2020s__25__1,hersheys_milk_chocolate_bar,Hershey's Milk Chocolate Bar,Current SKU anchor,smartlabel.hersheys.com,panel_source_candidate,,,panel_capture_needed,low,source_page_capture_blocked_no_network,not_ready_for_ocr,,,capture_rights_safe_private_screenshot; crop_visible_label_or_document_surface; deskew_rotate_contrast_sharpen,0,1
panel-capture-v1,hidden_valley_ranch_original__current_2020s__95__3,hidden_valley_ranch_original,Hidden Valley Original Ranch,Current SKU anchor,hiddenvalley.com,panel_source_candidate,,,panel_capture_needed,low,source_page_capture_blocked_no_network,not_ready_for_ocr,,,capture_rights_safe_private_screenshot; crop_visible_label_or_document_surface; deskew_rotate_contrast_sharpen,0,1
panel-capture-v1,honey_nut_cheerios__current_2020s__32__2,honey_nut_cheerios,Honey Nut Cheerios,Current SKU anchor,evfoodservices.com,panel_source_candidate,,,panel_capture_needed,low,source_page_capture_blocked_no_network,not_ready_for_ocr,,,capture_rights_safe_private_screenshot; crop_visible_label_or_document_surface; deskew_rotate_contrast_sharpen,0,1
panel-capture-v1,hormel_chili_no_beans__current_2020s__894__3,hormel_chili_no_beans,Hormel Chili No Beans,Current SKU anchor,nutrition.hormelfoods.com,panel_source_candidate,,,panel_capture_needed,low,source_page_capture_blocked_no_network,not_ready_for_ocr,,,capture_rights_safe_private_screenshot; crop_visible_label_or_document_surface; deskew_rotate_contrast_sharpen,0,1
panel-capture-v1,hostess_cupcakes__current_2020s__74__4,hostess_cupcakes,Hostess CupCakes,Current SKU anchor,walmart.com,panel_source_candidate,,,panel_capture_needed,low,source_page_capture_blocked_no_network,not_ready_for_ocr,,,capture_rights_safe_private_screenshot; crop_visible_label_or_document_surface; deskew_rotate_contrast_sharpen,0,1
panel-capture-v1,twinkies__current_2020s__16__2,twinkies,Hostess Twinkies,Current SKU anchor,kroger.com,panel_source_candidate,,,panel_capture_needed,low,source_page_capture_blocked_no_network,not_ready_for_ocr,,,capture_rights_safe_private_screenshot; crop_visible_label_or_document_surface; deskew_rotate_contrast_sharpen,0,1
panel-capture-v1,hot_pockets_pepperoni_pizza__current_2020s__83__2,hot_pockets_pepperoni_pizza,Hot Pockets Pepperoni Pizza,Current SKU anchor,walmart.com,panel_source_candidate,,,panel_capture_needed,low,source_page_capture_blocked_no_network,not_ready_for_ocr,,,capture_rights_safe_private_screenshot; crop_visible_label_or_document_surface; deskew_rotate_contrast_sharpen,0,1
panel-capture-v1,jello_strawberry_gelatin__current_2020s__53__3,jello_strawberry_gelatin,Jell-O Strawberry Gelatin,Current SKU anchor,kroger.com,panel_source_candidate,,,panel_capture_needed,low,source_page_capture_blocked_no_network,not_ready_for_ocr,,,capture_rights_safe_private_screenshot; crop_visible_label_or_document_surface; deskew_rotate_contrast_sharpen,0,1
panel-capture-v1,jif_creamy_peanut_butter__current_2020s__60__3,jif_creamy_peanut_butter,Jif Creamy Peanut Butter,Current SKU anchor,jif.com,panel_source_candidate,,,panel_capture_needed,low,source_page_capture_blocked_no_network,not_ready_for_ocr,,,capture_rights_safe_private_screenshot; crop_visible_label_or_document_surface; deskew_rotate_contrast_sharpen,0,1
panel-capture-v1,corn_flakes__current_2020s__39__3,corn_flakes,Kellogg's Corn Flakes,Current SKU anchor,smartlabel.kelloggs.com,panel_source_candidate,,,panel_capture_needed,low,source_page_capture_blocked_no_network,not_ready_for_ocr,,,capture_rights_safe_private_screenshot; crop_visible_label_or_document_surface; deskew_rotate_contrast_sharpen,0,1
panel-capture-v1,froot_loops__current_2020s__40__2,froot_loops,Kellogg's Froot Loops,Current SKU anchor,smartlabel.kelloggs.com,panel_source_candidate,,,panel_capture_needed,low,source_page_capture_blocked_no_network,not_ready_for_ocr,,,capture_rights_safe_private_screenshot; crop_visible_label_or_document_surface; deskew_rotate_contrast_sharpen,0,1
panel-capture-v1,frosted_flakes__current_2020s__41__2,frosted_flakes,Kellogg's Frosted Flakes,Current SKU anchor,smartlabel.kelloggs.com,panel_source_candidate,,,panel_capture_needed,low,source_page_capture_blocked_no_network,not_ready_for_ocr,,,capture_rights_safe_private_screenshot; crop_visible_label_or_document_surface; deskew_rotate_contrast_sharpen,0,1
panel-capture-v1,raisin_bran_kelloggs__current_2020s__111__3,raisin_bran_kelloggs,Kellogg's Raisin Bran,Current SKU anchor,smartlabel.wkkellogg.com,panel_source_candidate,,,panel_capture_needed,low,source_page_capture_blocked_no_network,not_ready_for_ocr,,,capture_rights_safe_private_screenshot; crop_visible_label_or_document_surface; deskew_rotate_contrast_sharpen,0,1
panel-capture-v1,rice_krispies__current_2020s__55__3,rice_krispies,Kellogg's Rice Krispies,Current SKU anchor,smartlabel.wkkellogg.com,panel_source_candidate,,,panel_capture_needed,low,source_page_capture_blocked_no_network,not_ready_for_ocr,,,capture_rights_safe_private_screenshot; crop_visible_label_or_document_surface; deskew_rotate_contrast_sharpen,0,1
panel-capture-v1,kfc_famous_bowl__current_2020s__581__1,kfc_famous_bowl,KFC Famous Bowl,Current SKU anchor,locations.kfc.com,panel_source_candidate,,,panel_capture_needed,low,source_page_capture_blocked_no_network,not_ready_for_ocr,,,capture_rights_safe_private_screenshot; crop_visible_label_or_document_surface; deskew_rotate_contrast_sharpen,0,1
panel-capture-v1,kit_kat_bar__current_2020s__61__1,kit_kat_bar,Kit Kat Bar,Current SKU anchor,smartlabel.hersheys.com,panel_source_candidate,,,panel_capture_needed,low,source_page_capture_blocked_no_network,not_ready_for_ocr,,,capture_rights_safe_private_screenshot; crop_visible_label_or_document_surface; deskew_rotate_contrast_sharpen,0,1
panel-capture-v1,kool_aid_cherry__current_2020s__265__1,kool_aid_cherry,Kool-Aid Cherry Drink Mix,Current SKU anchor,walmart.com,panel_source_candidate,,,panel_capture_needed,low,source_page_capture_blocked_no_network,not_ready_for_ocr,,,capture_rights_safe_private_screenshot; crop_visible_label_or_document_surface; deskew_rotate_contrast_sharpen,0,1
panel-capture-v1,kraft_singles_american__current_2020s__78__4,kraft_singles_american,Kraft Singles American Cheese,Current SKU anchor,kraftheinz.com,panel_source_candidate,,,panel_capture_needed,low,source_page_capture_blocked_no_network,not_ready_for_ocr,,,capture_rights_safe_private_screenshot; crop_visible_label_or_document_surface; deskew_rotate_contrast_sharpen,0,1
panel-capture-v1,lays_classic__current_2020s__28__2,lays_classic,Lay's Classic Potato Chips,Current SKU anchor,smartlabel.pepsico.info,panel_source_candidate,,,panel_capture_needed,low,source_page_capture_blocked_no_network,not_ready_for_ocr,,,capture_rights_safe_private_screenshot; crop_visible_label_or_document_surface; deskew_rotate_contrast_sharpen,0,1
panel-capture-v1,lean_cuisine_salisbury_steak__current_2020s__771__5,lean_cuisine_salisbury_steak,Lean Cuisine Salisbury Steak,Current SKU anchor,goodnes.com,panel_source_candidate,,,panel_capture_needed,low,source_page_capture_blocked_no_network,not_ready_for_ocr,,,capture_rights_safe_private_screenshot; crop_visible_label_or_document_surface; deskew_rotate_contrast_sharpen,0,1
panel-capture-v1,life_cereal_original__current_2020s__121__2,life_cereal_original,Life Cereal Original,Current SKU anchor,smartlabel.pepsico.info,panel_source_candidate,,,panel_capture_needed,low,source_page_capture_blocked_no_network,not_ready_for_ocr,,,capture_rights_safe_private_screenshot; crop_visible_label_or_document_surface; deskew_rotate_contrast_sharpen,0,1
panel-capture-v1,little_debbie_oatmeal_creme_pies__current_2020s__831__5,little_debbie_oatmeal_creme_pies,Little Debbie Oatmeal Creme Pies,Current SKU anchor,mckeefoodservice.com,panel_source_candidate,,,panel_capture_needed,low,source_page_capture_blocked_no_network,not_ready_for_ocr,,,capture_rights_safe_private_screenshot; crop_visible_label_or_document_surface; deskew_rotate_contrast_sharpen,0,1
panel-capture-v1,little_debbie_swiss_rolls__current_2020s__107__1,little_debbie_swiss_rolls,Little Debbie Swiss Rolls,Current SKU anchor,walmart.com,panel_source_candidate,,,panel_capture_needed,low,source_page_capture_blocked_no_network,not_ready_for_ocr,,,capture_rights_safe_private_screenshot; crop_visible_label_or_document_surface; deskew_rotate_contrast_sharpen,0,1
panel-capture-v1,lucky_charms__current_2020s__42__1,lucky_charms,Lucky Charms,Current SKU anchor,luckycharms.com,panel_source_candidate,,,panel_capture_needed,low,source_page_capture_blocked_no_network,not_ready_for_ocr,,,capture_rights_safe_private_screenshot; crop_visible_label_or_document_surface; deskew_rotate_contrast_sharpen,0,1
panel-capture-v1,mms_milk_chocolate__current_2020s__1082__1,mms_milk_chocolate,M&M's Milk Chocolate Candies,Current SKU anchor,walmart.com,panel_source_candidate,,,panel_capture_needed,low,source_page_capture_blocked_no_network,not_ready_for_ocr,,,capture_rights_safe_private_screenshot; crop_visible_label_or_document_surface; deskew_rotate_contrast_sharpen,0,1
panel-capture-v1,mcdonalds_world_famous_fries__current_2020s__498__1,mcdonalds_world_famous_fries,McDonald's World Famous Fries,Current SKU anchor,mcdonalds.com,panel_source_candidate,,,panel_capture_needed,low,source_page_capture_blocked_no_network,not_ready_for_ocr,,,capture_rights_safe_private_screenshot; crop_visible_label_or_document_surface; deskew_rotate_contrast_sharpen,0,1
panel-capture-v1,mcdonalds_world_famous_fries__earliest_verified_label__650__3,mcdonalds_world_famous_fries,McDonald's World Famous Fries,Earliest label hunt,grist.org,panel_source_candidate,,,panel_capture_needed,low,source_page_capture_blocked_no_network,not_ready_for_ocr,,,capture_rights_safe_private_screenshot; crop_visible_label_or_document_surface; deskew_rotate_contrast_sharpen,0,1
panel-capture-v1,milky_way_bar__current_2020s__927__5,milky_way_bar,Milky Way Bar,Current SKU anchor,target.com,panel_source_candidate,,,panel_capture_needed,low,source_page_capture_blocked_no_network,not_ready_for_ocr,,,capture_rights_safe_private_screenshot; crop_visible_label_or_document_surface; deskew_rotate_contrast_sharpen,0,1
panel-capture-v1,miracle_whip_original__current_2020s__955__3,miracle_whip_original,Miracle Whip Original,Current SKU anchor,kraftheinz.com,panel_source_candidate,,,panel_capture_needed,low,source_page_capture_blocked_no_network,not_ready_for_ocr,,,capture_rights_safe_private_screenshot; crop_visible_label_or_document_surface; deskew_rotate_contrast_sharpen,0,1
panel-capture-v1,mountain_dew_original__current_2020s__34__3,mountain_dew_original,Mountain Dew Original,Current SKU anchor,smartlabel.pepsico.info,panel_source_candidate,,,panel_capture_needed,low,source_page_capture_blocked_no_network,not_ready_for_ocr,,,capture_rights_safe_private_screenshot; crop_visible_label_or_document_surface; deskew_rotate_contrast_sharpen,0,1
panel-capture-v1,nilla_wafers__current_2020s__64__5,nilla_wafers,Nilla Wafers,Current SKU anchor,walmart.com,panel_source_candidate,,,panel_capture_needed,low,source_page_capture_blocked_no_network,not_ready_for_ocr,,,capture_rights_safe_private_screenshot; crop_visible_label_or_document_surface; deskew_rotate_contrast_sharpen,0,1
panel-capture-v1,nutella_hazelnut_spread__current_2020s__878__5,nutella_hazelnut_spread,Nutella Hazelnut Spread,Current SKU anchor,vitcofoods.com,panel_source_candidate,,,panel_capture_needed,low,source_page_capture_blocked_no_network,not_ready_for_ocr,,,capture_rights_safe_private_screenshot; crop_visible_label_or_document_surface; deskew_rotate_contrast_sharpen,0,1
panel-capture-v1,oscar_mayer_bologna__current_2020s__822__4,oscar_mayer_bologna,Oscar Mayer Bologna,Current SKU anchor,thefreshgrocer.com,panel_source_candidate,,,panel_capture_needed,low,source_page_capture_blocked_no_network,not_ready_for_ocr,,,capture_rights_safe_private_screenshot; crop_visible_label_or_document_surface; deskew_rotate_contrast_sharpen,0,1
panel-capture-v1,oscar_mayer_wieners__current_2020s__110__2,oscar_mayer_wieners,Oscar Mayer Wieners,Current SKU anchor,oscarmayer.com,panel_source_candidate,,,panel_capture_needed,low,source_page_capture_blocked_no_network,not_ready_for_ocr,,,capture_rights_safe_private_screenshot; crop_visible_label_or_document_surface; deskew_rotate_contrast_sharpen,0,1
panel-capture-v1,oscar_mayer_wieners__earliest_verified_label__791__1,oscar_mayer_wieners,Oscar Mayer Wieners,Earliest label hunt,in.gov,panel_source_candidate,,,panel_capture_needed,low,source_page_capture_blocked_no_network,not_ready_for_ocr,,,capture_rights_safe_private_screenshot; crop_visible_label_or_document_surface; deskew_rotate_contrast_sharpen,0,1
panel-capture-v1,panera_broccoli_cheddar_soup__current_2020s__832__3,panera_broccoli_cheddar_soup,Panera Broccoli Cheddar Soup,Current SKU anchor,blountfinefoods.com,panel_source_candidate,,,panel_capture_needed,low,source_page_capture_blocked_no_network,not_ready_for_ocr,,,capture_rights_safe_private_screenshot; crop_visible_label_or_document_surface; deskew_rotate_contrast_sharpen,0,1
panel-capture-v1,pearl_milling_pancake_mix_original__current_2020s__742__6,pearl_milling_pancake_mix_original,Pearl Milling Company Original Pancake Mix,Current SKU anchor,pearlmillingcompany.com,panel_source_candidate,,,panel_capture_needed,low,source_page_capture_blocked_no_network,not_ready_for_ocr,,,capture_rights_safe_private_screenshot; crop_visible_label_or_document_surface; deskew_rotate_contrast_sharpen,0,1
panel-capture-v1,pepperidge_farm_goldfish_cheddar__current_2020s__47__4,pepperidge_farm_goldfish_cheddar,Pepperidge Farm Goldfish Cheddar,Current SKU anchor,pepperidgefarm.com,panel_source_candidate,,,panel_capture_needed,low,source_page_capture_blocked_no_network,not_ready_for_ocr,,,capture_rights_safe_private_screenshot; crop_visible_label_or_document_surface; deskew_rotate_contrast_sharpen,0,1
panel-capture-v1,pepsi_cola__current_2020s__33__3,pepsi_cola,Pepsi Cola,Current SKU anchor,smartlabel.pepsico.info,panel_source_candidate,,,panel_capture_needed,low,source_page_capture_blocked_no_network,not_ready_for_ocr,,,capture_rights_safe_private_screenshot; crop_visible_label_or_document_surface; deskew_rotate_contrast_sharpen,0,1
panel-capture-v1,philadelphia_cream_cheese_original__current_2020s__1062__1,philadelphia_cream_cheese_original,Philadelphia Original Cream Cheese,Current SKU anchor,target.com,panel_source_candidate,,,panel_capture_needed,low,source_page_capture_blocked_no_network,not_ready_for_ocr,,,capture_rights_safe_private_screenshot; crop_visible_label_or_document_surface; deskew_rotate_contrast_sharpen,0,1
panel-capture-v1,pillsbury_crescent_rolls__current_2020s__692__5,pillsbury_crescent_rolls,Pillsbury Crescent Rolls,Current SKU anchor,go-upc.com,panel_source_candidate,,,panel_capture_needed,low,source_page_capture_blocked_no_network,not_ready_for_ocr,,,capture_rights_safe_private_screenshot; crop_visible_label_or_document_surface; deskew_rotate_contrast_sharpen,0,1
panel-capture-v1,pillsbury_toaster_strudel_strawberry__current_2020s__136__1,pillsbury_toaster_strudel_strawberry,Pillsbury Toaster Strudel Strawberry,Current SKU anchor,pillsbury.com,panel_source_candidate,,,panel_capture_needed,low,source_page_capture_blocked_no_network,not_ready_for_ocr,,,capture_rights_safe_private_screenshot; crop_visible_label_or_document_surface; deskew_rotate_contrast_sharpen,0,1
panel-capture-v1,pizza_hut_original_pan_pepperoni__current_2020s__656__1,pizza_hut_original_pan_pepperoni,Pizza Hut Original Pan Pepperoni Pizza,Current SKU anchor,district.schoolnutritionandfitness.com,panel_source_candidate,,,panel_capture_needed,low,source_page_capture_blocked_no_network,not_ready_for_ocr,,,capture_rights_safe_private_screenshot; crop_visible_label_or_document_surface; deskew_rotate_contrast_sharpen,0,1
panel-capture-v1,poptarts_brown_sugar_cinnamon__current_2020s__43__5,poptarts_brown_sugar_cinnamon,Pop-Tarts Frosted Brown Sugar Cinnamon,Current SKU anchor,smartlabel.kelloggs.com,panel_source_candidate,,,panel_capture_needed,low,source_page_capture_blocked_no_network,not_ready_for_ocr,,,capture_rights_safe_private_screenshot; crop_visible_label_or_document_surface; deskew_rotate_contrast_sharpen,0,1
panel-capture-v1,popeyes_chicken_sandwich__current_2020s__667__1,popeyes_chicken_sandwich,Popeyes Chicken Sandwich,Current SKU anchor,plk-use1-prod.sites.rbictg.com,panel_source_candidate,,,panel_capture_needed,low,source_page_capture_blocked_no_network,not_ready_for_ocr,,,capture_rights_safe_private_screenshot; crop_visible_label_or_document_surface; deskew_rotate_contrast_sharpen,0,1
panel-capture-v1,grape_nuts__current_2020s__120__2,grape_nuts,Post Grape-Nuts,Current SKU anchor,grapenuts.com,panel_source_candidate,,,panel_capture_needed,low,source_page_capture_blocked_no_network,not_ready_for_ocr,,,capture_rights_safe_private_screenshot; crop_visible_label_or_document_surface; deskew_rotate_contrast_sharpen,0,1
panel-capture-v1,pringles_original__current_2020s__48__5,pringles_original,Pringles Original Crisps,Current SKU anchor,pringles.com,panel_source_candidate,,,panel_capture_needed,low,source_page_capture_blocked_no_network,not_ready_for_ocr,,,capture_rights_safe_private_screenshot; crop_visible_label_or_document_surface; deskew_rotate_contrast_sharpen,0,1
panel-capture-v1,quaker_old_fashioned_oats__current_2020s__1091__3,quaker_old_fashioned_oats,Quaker Old Fashioned Oats,Current SKU anchor,smartlabel.pepsico.info,panel_source_candidate,,,panel_capture_needed,low,source_page_capture_blocked_no_network,not_ready_for_ocr,,,capture_rights_safe_private_screenshot; crop_visible_label_or_document_surface; deskew_rotate_contrast_sharpen,0,1
panel-capture-v1,reeses_peanut_butter_cups__current_2020s__1052__4,reeses_peanut_butter_cups,Reese's Peanut Butter Cups,Current SKU anchor,smartlabel.hersheys.com,panel_source_candidate,,,panel_capture_needed,low,source_page_capture_blocked_no_network,not_ready_for_ocr,,,capture_rights_safe_private_screenshot; crop_visible_label_or_document_surface; deskew_rotate_contrast_sharpen,0,1
panel-capture-v1,rice_krispies_treats_original__current_2020s__112__2,rice_krispies_treats_original,Rice Krispies Treats Original,Current SKU anchor,smartlabel.kelloggs.com,panel_source_candidate,,,panel_capture_needed,low,source_page_capture_blocked_no_network,not_ready_for_ocr,,,capture_rights_safe_private_screenshot; crop_visible_label_or_document_surface; deskew_rotate_contrast_sharpen,0,1
panel-capture-v1,ritz_original_crackers__current_2020s__30__2,ritz_original_crackers,Ritz Original Crackers,Current SKU anchor,smartlabel.mondelez.info,panel_source_candidate,,,panel_capture_needed,low,source_page_capture_blocked_no_network,not_ready_for_ocr,,,capture_rights_safe_private_screenshot; crop_visible_label_or_document_surface; deskew_rotate_contrast_sharpen,0,1
panel-capture-v1,ruffles_original__current_2020s__79__3,ruffles_original,Ruffles Original Potato Chips,Current SKU anchor,smartlabel.pepsico.info,panel_source_candidate,,,panel_capture_needed,low,source_page_capture_blocked_no_network,not_ready_for_ocr,,,capture_rights_safe_private_screenshot; crop_visible_label_or_document_surface; deskew_rotate_contrast_sharpen,0,1
panel-capture-v1,skippy_creamy_peanut_butter__current_2020s__66__4,skippy_creamy_peanut_butter,Skippy Creamy Peanut Butter,Current SKU anchor,peanutbutter.com,panel_source_candidate,,,panel_capture_needed,low,source_page_capture_blocked_no_network,not_ready_for_ocr,,,capture_rights_safe_private_screenshot; crop_visible_label_or_document_surface; deskew_rotate_contrast_sharpen,0,1
panel-capture-v1,skittles_original__current_2020s__113__1,skittles_original,Skittles Original,Current SKU anchor,skittles.com,panel_source_candidate,,,panel_capture_needed,low,source_page_capture_blocked_no_network,not_ready_for_ocr,,,capture_rights_safe_private_screenshot; crop_visible_label_or_document_surface; deskew_rotate_contrast_sharpen,0,1
panel-capture-v1,smuckers_strawberry_preserves__current_2020s__892__2,smuckers_strawberry_preserves,Smucker's Strawberry Preserves,Current SKU anchor,smuckerawayfromhome.com,panel_source_candidate,,,panel_capture_needed,low,source_page_capture_blocked_no_network,not_ready_for_ocr,,,capture_rights_safe_private_screenshot; crop_visible_label_or_document_surface; deskew_rotate_contrast_sharpen,0,1
panel-capture-v1,snickers_bar__current_2020s__49__1,snickers_bar,Snickers Bar,Current SKU anchor,snickers.com,panel_source_candidate,,,panel_capture_needed,low,source_page_capture_blocked_no_network,not_ready_for_ocr,,,capture_rights_safe_private_screenshot; crop_visible_label_or_document_surface; deskew_rotate_contrast_sharpen,0,1
panel-capture-v1,spaghettios_original__current_2020s__89__3,spaghettios_original,SpaghettiOs Original,Current SKU anchor,campbellsfoodservice.com,panel_source_candidate,,,panel_capture_needed,low,source_page_capture_blocked_no_network,not_ready_for_ocr,,,capture_rights_safe_private_screenshot; crop_visible_label_or_document_surface; deskew_rotate_contrast_sharpen,0,1
panel-capture-v1,spam_classic__current_2020s__67__7,spam_classic,SPAM Classic,Current SKU anchor,spam.com,panel_source_candidate,,,panel_capture_needed,low,source_page_capture_blocked_no_network,not_ready_for_ocr,,,capture_rights_safe_private_screenshot; crop_visible_label_or_document_surface; deskew_rotate_contrast_sharpen,0,1
panel-capture-v1,sprite_original__current_2020s__80__2,sprite_original,Sprite Original,Current SKU anchor,coca-cola.com,panel_source_candidate,,,panel_capture_needed,low,source_page_capture_blocked_no_network,not_ready_for_ocr,,,capture_rights_safe_private_screenshot; crop_visible_label_or_document_surface; deskew_rotate_contrast_sharpen,0,1
panel-capture-v1,starbucks_pumpkin_spice_latte__current_2020s__966__1,starbucks_pumpkin_spice_latte,Starbucks Pumpkin Spice Latte,Current SKU anchor,starbucks.co.uk,panel_source_candidate,,,panel_capture_needed,low,source_page_capture_blocked_no_network,not_ready_for_ocr,,,capture_rights_safe_private_screenshot; crop_visible_label_or_document_surface; deskew_rotate_contrast_sharpen,0,1
panel-capture-v1,starbucks_pumpkin_spice_latte__earliest_verified_label__768__1,starbucks_pumpkin_spice_latte,Starbucks Pumpkin Spice Latte,Earliest label hunt,stories.starbucks.com,panel_source_candidate,,,panel_capture_needed,low,source_page_capture_blocked_no_network,not_ready_for_ocr,,,capture_rights_safe_private_screenshot; crop_visible_label_or_document_surface; deskew_rotate_contrast_sharpen,0,1
panel-capture-v1,starburst_original__current_2020s__689__4,starburst_original,Starburst Original,Current SKU anchor,healthscienceinsights.com,panel_source_candidate,,,panel_capture_needed,low,source_page_capture_blocked_no_network,not_ready_for_ocr,,,capture_rights_safe_private_screenshot; crop_visible_label_or_document_surface; deskew_rotate_contrast_sharpen,0,1
panel-capture-v1,stouffers_lasagna_meat_sauce__current_2020s__453__4,stouffers_lasagna_meat_sauce,Stouffer's Lasagna with Meat & Sauce,Current SKU anchor,nestleprofessional.us,panel_source_candidate,,,panel_capture_needed,low,source_page_capture_blocked_no_network,not_ready_for_ocr,,,capture_rights_safe_private_screenshot; crop_visible_label_or_document_surface; deskew_rotate_contrast_sharpen,0,1
panel-capture-v1,subway_italian_bmt__current_2020s__570__1,subway_italian_bmt,Subway Italian B.M.T.,Current SKU anchor,subway.com,panel_source_candidate,,,panel_capture_needed,low,source_page_capture_blocked_no_network,not_ready_for_ocr,,,capture_rights_safe_private_screenshot; crop_visible_label_or_document_surface; deskew_rotate_contrast_sharpen,0,1
panel-capture-v1,subway_tuna_sub__current_2020s__587__1,subway_tuna_sub,Subway Tuna Sub,Current SKU anchor,subway.com,panel_source_candidate,,,panel_capture_needed,low,source_page_capture_blocked_no_network,not_ready_for_ocr,,,capture_rights_safe_private_screenshot; crop_visible_label_or_document_surface; deskew_rotate_contrast_sharpen,0,1
panel-capture-v1,subway_tuna_sub__earliest_verified_label__803__1,subway_tuna_sub,Subway Tuna Sub,Earliest label hunt,cpb-us-e1.wpmucdn.com,panel_source_candidate,,,panel_capture_needed,low,source_page_capture_blocked_no_network,not_ready_for_ocr,,,capture_rights_safe_private_screenshot; crop_visible_label_or_document_surface; deskew_rotate_contrast_sharpen,0,1
panel-capture-v1,sunchips_harvest_cheddar__current_2020s__127__5,sunchips_harvest_cheddar,SunChips Harvest Cheddar,Current SKU anchor,smartlabel.pepsico.info,panel_source_candidate,,,panel_capture_needed,low,source_page_capture_blocked_no_network,not_ready_for_ocr,,,capture_rights_safe_private_screenshot; crop_visible_label_or_document_surface; deskew_rotate_contrast_sharpen,0,1
panel-capture-v1,taco_bell_bean_burrito__current_2020s__709__1,taco_bell_bean_burrito,Taco Bell Bean Burrito,Current SKU anchor,tacobell.com,panel_source_candidate,,,panel_capture_needed,low,source_page_capture_blocked_no_network,not_ready_for_ocr,,,capture_rights_safe_private_screenshot; crop_visible_label_or_document_surface; deskew_rotate_contrast_sharpen,0,1
panel-capture-v1,taco_bell_crunchy_taco__current_2020s__1060__2,taco_bell_crunchy_taco,Taco Bell Crunchy Taco,Current SKU anchor,tacobell.com,panel_source_candidate,,,panel_capture_needed,low,source_page_capture_blocked_no_network,not_ready_for_ocr,,,capture_rights_safe_private_screenshot; crop_visible_label_or_document_surface; deskew_rotate_contrast_sharpen,0,1
panel-capture-v1,tang_orange__current_2020s__125__4,tang_orange,Tang Orange Drink Mix,Current SKU anchor,directionsforme.org,panel_source_candidate,,,panel_capture_needed,low,source_page_capture_blocked_no_network,not_ready_for_ocr,,,capture_rights_safe_private_screenshot; crop_visible_label_or_document_surface; deskew_rotate_contrast_sharpen,0,1
panel-capture-v1,teddy_grahams_honey__current_2020s__841__4,teddy_grahams_honey,Teddy Grahams Honey,Current SKU anchor,smartlabel.mondelez.info,panel_source_candidate,,,panel_capture_needed,low,source_page_capture_blocked_no_network,not_ready_for_ocr,,,capture_rights_safe_private_screenshot; crop_visible_label_or_document_surface; deskew_rotate_contrast_sharpen,0,1
panel-capture-v1,tootsie_roll__current_2020s__922__3,tootsie_roll,Tootsie Roll,Current SKU anchor,tootsie.com,panel_source_candidate,,,panel_capture_needed,low,source_page_capture_blocked_no_network,not_ready_for_ocr,,,capture_rights_safe_private_screenshot; crop_visible_label_or_document_surface; deskew_rotate_contrast_sharpen,0,1
panel-capture-v1,tostitos_original__current_2020s__90__4,tostitos_original,Tostitos Original Restaurant Style,Current SKU anchor,smartlabel.pepsico.info,panel_source_candidate,,,panel_capture_needed,low,source_page_capture_blocked_no_network,not_ready_for_ocr,,,capture_rights_safe_private_screenshot; crop_visible_label_or_document_surface; deskew_rotate_contrast_sharpen,0,1
panel-capture-v1,totinos_pizza_rolls__current_2020s__749__2,totinos_pizza_rolls,Totino's Pizza Rolls,Current SKU anchor,super1foods.com,panel_source_candidate,,,panel_capture_needed,low,source_page_capture_blocked_no_network,not_ready_for_ocr,,,capture_rights_safe_private_screenshot; crop_visible_label_or_document_surface; deskew_rotate_contrast_sharpen,0,1
panel-capture-v1,triscuit_original__current_2020s__936__3,triscuit_original,Triscuit Original Crackers,Current SKU anchor,smartlabel.mondelez.info,panel_source_candidate,,,panel_capture_needed,low,source_page_capture_blocked_no_network,not_ready_for_ocr,,,capture_rights_safe_private_screenshot; crop_visible_label_or_document_surface; deskew_rotate_contrast_sharpen,0,1
panel-capture-v1,trix_cereal__current_2020s__292__1,trix_cereal,Trix Cereal,Current SKU anchor,walmart.com,panel_source_candidate,,,panel_capture_needed,low,source_page_capture_blocked_no_network,not_ready_for_ocr,,,capture_rights_safe_private_screenshot; crop_visible_label_or_document_surface; deskew_rotate_contrast_sharpen,0,1
panel-capture-v1,twix_bar__current_2020s__99__1,twix_bar,Twix Bar,Current SKU anchor,twix.com,panel_source_candidate,,,panel_capture_needed,low,source_page_capture_blocked_no_network,not_ready_for_ocr,,,capture_rights_safe_private_screenshot; crop_visible_label_or_document_surface; deskew_rotate_contrast_sharpen,0,1
panel-capture-v1,twizzlers_strawberry__current_2020s__139__4,twizzlers_strawberry,Twizzlers Strawberry Twists,Current SKU anchor,smartlabel.hersheys.com,panel_source_candidate,,,panel_capture_needed,low,source_page_capture_blocked_no_network,not_ready_for_ocr,,,capture_rights_safe_private_screenshot; crop_visible_label_or_document_surface; deskew_rotate_contrast_sharpen,0,1
panel-capture-v1,velveeta_shells_and_cheese__current_2020s__94__2,velveeta_shells_and_cheese,Velveeta Shells & Cheese,Current SKU anchor,walmart.com,panel_source_candidate,,,panel_capture_needed,low,source_page_capture_blocked_no_network,not_ready_for_ocr,,,capture_rights_safe_private_screenshot; crop_visible_label_or_document_surface; deskew_rotate_contrast_sharpen,0,1
panel-capture-v1,wendys_chili__current_2020s__569__1,wendys_chili,Wendy's Chili,Current SKU anchor,order.wendys.com,panel_source_candidate,,,panel_capture_needed,low,source_page_capture_blocked_no_network,not_ready_for_ocr,,,capture_rights_safe_private_screenshot; crop_visible_label_or_document_surface; deskew_rotate_contrast_sharpen,0,1
panel-capture-v1,wendys_daves_single__current_2020s__632__2,wendys_daves_single,Wendy's Dave's Single,Current SKU anchor,wendys.com,panel_source_candidate,,,panel_capture_needed,low,source_page_capture_blocked_no_network,not_ready_for_ocr,,,capture_rights_safe_private_screenshot; crop_visible_label_or_document_surface; deskew_rotate_contrast_sharpen,0,1
panel-capture-v1,wheat_thins_original__current_2020s__56__3,wheat_thins_original,Wheat Thins Original,Current SKU anchor,kroger.com,panel_source_candidate,,,panel_capture_needed,low,source_page_capture_blocked_no_network,not_ready_for_ocr,,,capture_rights_safe_private_screenshot; crop_visible_label_or_document_surface; deskew_rotate_contrast_sharpen,0,1
panel-capture-v1,wheaties__current_2020s__116__2,wheaties,Wheaties,Current SKU anchor,wheaties.com,panel_source_candidate,,,panel_capture_needed,low,source_page_capture_blocked_no_network,not_ready_for_ocr,,,capture_rights_safe_private_screenshot; crop_visible_label_or_document_surface; deskew_rotate_contrast_sharpen,0,1
panel-capture-v1,7up_original__1980s_or_earlier__273__1,7up_original,7UP Original,1980s or earlier lead,flickr.com,panel_source_candidate,,,panel_capture_needed,low,source_page_capture_blocked_no_network,not_ready_for_ocr,,,capture_rights_safe_private_screenshot; crop_visible_label_or_document_surface; deskew_rotate_contrast_sharpen,0,1
panel-capture-v1,capn_crunch_original__1980s_or_earlier__277__4,capn_crunch_original,Cap'n Crunch Original,1980s or earlier lead,flickr.com,panel_source_candidate,,,panel_capture_needed,low,source_page_capture_blocked_no_network,not_ready_for_ocr,,,capture_rights_safe_private_screenshot; crop_visible_label_or_document_surface; deskew_rotate_contrast_sharpen,0,1
panel-capture-v1,dinty_moore_beef_stew__1980s_or_earlier__1059__2,dinty_moore_beef_stew,Dinty Moore Beef Stew,1980s or earlier lead,flickr.com,panel_source_candidate,,,panel_capture_needed,low,source_page_capture_blocked_no_network,not_ready_for_ocr,,,capture_rights_safe_private_screenshot; crop_visible_label_or_document_surface; deskew_rotate_contrast_sharpen,0,1
panel-capture-v1,jello_strawberry_gelatin__1980s_or_earlier__185__1,jello_strawberry_gelatin,Jell-O Strawberry Gelatin,1980s or earlier lead,flickr.com,panel_source_candidate,,,panel_capture_needed,low,source_page_capture_blocked_no_network,not_ready_for_ocr,,,capture_rights_safe_private_screenshot; crop_visible_label_or_document_surface; deskew_rotate_contrast_sharpen,0,1
panel-capture-v1,froot_loops__1980s_or_earlier__435__2,froot_loops,Kellogg's Froot Loops,1980s or earlier lead,flickr.com,panel_source_candidate,,,panel_capture_needed,low,source_page_capture_blocked_no_network,not_ready_for_ocr,,,capture_rights_safe_private_screenshot; crop_visible_label_or_document_surface; deskew_rotate_contrast_sharpen,0,1
panel-capture-v1,frosted_flakes__1980s_or_earlier__478__1,frosted_flakes,Kellogg's Frosted Flakes,1980s or earlier lead,flickr.com,panel_source_candidate,,,panel_capture_needed,low,source_page_capture_blocked_no_network,not_ready_for_ocr,,,capture_rights_safe_private_screenshot; crop_visible_label_or_document_surface; deskew_rotate_contrast_sharpen,0,1
panel-capture-v1,lucky_charms__1980s_or_earlier__276__2,lucky_charms,Lucky Charms,1980s or earlier lead,flickr.com,panel_source_candidate,,,panel_capture_needed,low,source_page_capture_blocked_no_network,not_ready_for_ocr,,,capture_rights_safe_private_screenshot; crop_visible_label_or_document_surface; deskew_rotate_contrast_sharpen,0,1
panel-capture-v1,pillsbury_crescent_rolls__1980s_or_earlier__1035__2,pillsbury_crescent_rolls,Pillsbury Crescent Rolls,1980s or earlier lead,ingredientinspector.org,panel_source_candidate,,,panel_capture_needed,low,source_page_capture_blocked_no_network,not_ready_for_ocr,,,capture_rights_safe_private_screenshot; crop_visible_label_or_document_surface; deskew_rotate_contrast_sharpen,0,1
panel-capture-v1,spam_classic__1980s_or_earlier__1029__1,spam_classic,SPAM Classic,1980s or earlier lead,hormelfoods.com,panel_source_candidate,,,panel_capture_needed,low,source_page_capture_blocked_no_network,not_ready_for_ocr,,,capture_rights_safe_private_screenshot; crop_visible_label_or_document_surface; deskew_rotate_contrast_sharpen,0,1
panel-capture-v1,sprite_original__1980s_or_earlier__417__1,sprite_original,Sprite Original,1980s or earlier lead,flickr.com,panel_source_candidate,,,panel_capture_needed,low,source_page_capture_blocked_no_network,not_ready_for_ocr,,,capture_rights_safe_private_screenshot; crop_visible_label_or_document_surface; deskew_rotate_contrast_sharpen,0,1
panel-capture-v1,tang_orange__1980s_or_earlier__580__1,tang_orange,Tang Orange Drink Mix,1980s or earlier lead,flickr.com,panel_source_candidate,,,panel_capture_needed,low,source_page_capture_blocked_no_network,not_ready_for_ocr,,,capture_rights_safe_private_screenshot; crop_visible_label_or_document_surface; deskew_rotate_contrast_sharpen,0,1
panel-capture-v1,trix_cereal__1980s_or_earlier__208__1,trix_cereal,Trix Cereal,1980s or earlier lead,flickr.com,panel_source_candidate,,,panel_capture_needed,low,source_page_capture_blocked_no_network,not_ready_for_ocr,,,capture_rights_safe_private_screenshot; crop_visible_label_or_document_surface; deskew_rotate_contrast_sharpen,0,1
panel-capture-v1,wheaties__1980s_or_earlier__638__1,wheaties,Wheaties,1980s or earlier lead,flickr.com,panel_source_candidate,,,panel_capture_needed,low,source_page_capture_blocked_no_network,not_ready_for_ocr,,,capture_rights_safe_private_screenshot; crop_visible_label_or_document_surface; deskew_rotate_contrast_sharpen,0,1
panel-capture-v1,burger_king_whopper__current_2020s__746__1,burger_king_whopper,Burger King Whopper,Current SKU anchor,help.bk.com,panel_source_candidate,,,panel_capture_needed,low,source_page_capture_blocked_no_network,not_ready_for_ocr,,,capture_rights_safe_private_screenshot; crop_visible_label_or_document_surface; deskew_rotate_contrast_sharpen,0,1
panel-capture-v1,chipotle_chicken_burrito__current_2020s__669__2,chipotle_chicken_burrito,Chipotle Chicken Burrito,Current SKU anchor,chipotle.com,panel_source_candidate,,,panel_capture_needed,low,source_page_capture_blocked_no_network,not_ready_for_ocr,,,capture_rights_safe_private_screenshot; crop_visible_label_or_document_surface; deskew_rotate_contrast_sharpen,0,1
panel-capture-v1,ball_park_franks__2010s__683__2,ball_park_franks,Ball Park Franks,2010s bridge,upcfoodsearch.com,panel_source_candidate,,,panel_capture_needed,low,source_page_capture_blocked_no_network,not_ready_for_ocr,,,capture_rights_safe_private_screenshot; crop_visible_label_or_document_surface; deskew_rotate_contrast_sharpen,0,1
panel-capture-v1,bisquick_original__2010s__701__1,bisquick_original,Bisquick Original Pancake and Baking Mix,2010s bridge,upcitemdb.com,panel_source_candidate,,,panel_capture_needed,low,source_page_capture_blocked_no_network,not_ready_for_ocr,,,capture_rights_safe_private_screenshot; crop_visible_label_or_document_surface; deskew_rotate_contrast_sharpen,0,1
panel-capture-v1,cheetos_crunchy__2010s__483__1,cheetos_crunchy,Cheetos Crunchy,2010s bridge,customer.vaneerden.com,panel_source_candidate,,,panel_capture_needed,low,source_page_capture_blocked_no_network,not_ready_for_ocr,,,capture_rights_safe_private_screenshot; crop_visible_label_or_document_surface; deskew_rotate_contrast_sharpen,0,1
panel-capture-v1,chips_ahoy_original__2010s__448__3,chips_ahoy_original,Chips Ahoy! Original Cookies,2010s bridge,upcfoodsearch.com,panel_source_candidate,,,panel_capture_needed,low,source_page_capture_blocked_no_network,not_ready_for_ocr,,,capture_rights_safe_private_screenshot; crop_visible_label_or_document_surface; deskew_rotate_contrast_sharpen,0,1
panel-capture-v1,cinnamon_toast_crunch__2010s__512__1,cinnamon_toast_crunch,Cinnamon Toast Crunch,2010s bridge,district.schoolnutritionandfitness.com,panel_source_candidate,,,panel_capture_needed,low,source_page_capture_blocked_no_network,not_ready_for_ocr,,,capture_rights_safe_private_screenshot; crop_visible_label_or_document_surface; deskew_rotate_contrast_sharpen,0,1
panel-capture-v1,dominos_hand_tossed_pepperoni__2010s__785__1,dominos_hand_tossed_pepperoni,Domino's Hand Tossed Pepperoni Pizza,2010s bridge,dominos.com,panel_source_candidate,,,panel_capture_needed,low,source_page_capture_blocked_no_network,not_ready_for_ocr,,,capture_rights_safe_private_screenshot; crop_visible_label_or_document_surface; deskew_rotate_contrast_sharpen,0,1
panel-capture-v1,dr_pepper_original__2010s__661__1,dr_pepper_original,Dr Pepper Original,2010s bridge,sasinc.com,panel_source_candidate,,,panel_capture_needed,low,source_page_capture_blocked_no_network,not_ready_for_ocr,,,capture_rights_safe_private_screenshot; crop_visible_label_or_document_surface; deskew_rotate_contrast_sharpen,0,1
panel-capture-v1,dunkin_glazed_donut__2000s__801__1,dunkin_glazed_donut,Dunkin' Glazed Donut,2000s bridge,fastfoodingredients.com,panel_source_candidate,,,panel_capture_needed,low,source_page_capture_blocked_no_network,not_ready_for_ocr,,,capture_rights_safe_private_screenshot; crop_visible_label_or_document_surface; deskew_rotate_contrast_sharpen,0,1
panel-capture-v1,eggo_homestyle_waffles__2010s__775__1,eggo_homestyle_waffles,Eggo Homestyle Waffles,2010s bridge,upcitemdb.com,panel_source_candidate,,,panel_capture_needed,low,source_page_capture_blocked_no_network,not_ready_for_ocr,,,capture_rights_safe_private_screenshot; crop_visible_label_or_document_surface; deskew_rotate_contrast_sharpen,0,1
panel-capture-v1,fig_newtons__2010s__59__1,fig_newtons,Fig Newtons,2010s bridge,walmart.com,panel_source_candidate,,,panel_capture_needed,low,source_page_capture_blocked_no_network,not_ready_for_ocr,,,capture_rights_safe_private_screenshot; crop_visible_label_or_document_surface; deskew_rotate_contrast_sharpen,0,1
panel-capture-v1,frenchs_yellow_mustard__2010s__682__2,frenchs_yellow_mustard,French's Classic Yellow Mustard,2010s bridge,upcfoodsearch.com,panel_source_candidate,,,panel_capture_needed,low,source_page_capture_blocked_no_network,not_ready_for_ocr,,,capture_rights_safe_private_screenshot; crop_visible_label_or_document_surface; deskew_rotate_contrast_sharpen,0,1
panel-capture-v1,hidden_valley_ranch_original__2000s__454__1,hidden_valley_ranch_original,Hidden Valley Original Ranch,2000s bridge,upcfoodsearch.com,panel_source_candidate,,,panel_capture_needed,low,source_page_capture_blocked_no_network,not_ready_for_ocr,,,capture_rights_safe_private_screenshot; crop_visible_label_or_document_surface; deskew_rotate_contrast_sharpen,0,1
panel-capture-v1,hidden_valley_ranch_original__2010s__454__1,hidden_valley_ranch_original,Hidden Valley Original Ranch,2010s bridge,upcfoodsearch.com,panel_source_candidate,,,panel_capture_needed,low,source_page_capture_blocked_no_network,not_ready_for_ocr,,,capture_rights_safe_private_screenshot; crop_visible_label_or_document_surface; deskew_rotate_contrast_sharpen,0,1
panel-capture-v1,hormel_chili_no_beans__2010s__677__1,hormel_chili_no_beans,Hormel Chili No Beans,2010s bridge,upcfoodsearch.com,panel_source_candidate,,,panel_capture_needed,low,source_page_capture_blocked_no_network,not_ready_for_ocr,,,capture_rights_safe_private_screenshot; crop_visible_label_or_document_surface; deskew_rotate_contrast_sharpen,0,1
panel-capture-v1,twinkies__2010s__15__1,twinkies,Hostess Twinkies,2010s bridge,upcfoodsearch.com,panel_source_candidate,,,panel_capture_needed,low,source_page_capture_blocked_no_network,not_ready_for_ocr,,,capture_rights_safe_private_screenshot; crop_visible_label_or_document_surface; deskew_rotate_contrast_sharpen,0,1
panel-capture-v1,hot_pockets_pepperoni_pizza__2010s__84__1,hot_pockets_pepperoni_pizza,Hot Pockets Pepperoni Pizza,2010s bridge,walmart.com,panel_source_candidate,,,panel_capture_needed,low,source_page_capture_blocked_no_network,not_ready_for_ocr,,,capture_rights_safe_private_screenshot; crop_visible_label_or_document_surface; deskew_rotate_contrast_sharpen,0,1
panel-capture-v1,kfc_famous_bowl__2010s__700__1,kfc_famous_bowl,KFC Famous Bowl,2010s bridge,docslib.org,panel_source_candidate,,,panel_capture_needed,low,source_page_capture_blocked_no_network,not_ready_for_ocr,,,capture_rights_safe_private_screenshot; crop_visible_label_or_document_surface; deskew_rotate_contrast_sharpen,0,1
panel-capture-v1,kfc_original_recipe_chicken__2010s__765__1,kfc_original_recipe_chicken,KFC Original Recipe Chicken,2010s bridge,docslib.org,panel_source_candidate,,,panel_capture_needed,low,source_page_capture_blocked_no_network,not_ready_for_ocr,,,capture_rights_safe_private_screenshot; crop_visible_label_or_document_surface; deskew_rotate_contrast_sharpen,0,1
panel-capture-v1,kit_kat_bar__2010s__906__1,kit_kat_bar,Kit Kat Bar,2010s bridge,webstaurantstore.com,panel_source_candidate,,,panel_capture_needed,low,source_page_capture_blocked_no_network,not_ready_for_ocr,,,capture_rights_safe_private_screenshot; crop_visible_label_or_document_surface; deskew_rotate_contrast_sharpen,0,1
panel-capture-v1,lays_classic__2010s__27__1,lays_classic,Lay's Classic Potato Chips,2010s bridge,lays.backend.headless.majestic.dev,panel_source_candidate,,,panel_capture_needed,low,source_page_capture_blocked_no_network,not_ready_for_ocr,,,capture_rights_safe_private_screenshot; crop_visible_label_or_document_surface; deskew_rotate_contrast_sharpen,0,1
panel-capture-v1,lean_cuisine_salisbury_steak__2010s__678__1,lean_cuisine_salisbury_steak,Lean Cuisine Salisbury Steak,2010s bridge,upcfoodsearch.com,panel_source_candidate,,,panel_capture_needed,low,source_page_capture_blocked_no_network,not_ready_for_ocr,,,capture_rights_safe_private_screenshot; crop_visible_label_or_document_surface; deskew_rotate_contrast_sharpen,0,1
panel-capture-v1,lucky_charms__2010s__902__1,lucky_charms,Lucky Charms,2010s bridge,district.schoolnutritionandfitness.com,panel_source_candidate,,,panel_capture_needed,low,source_page_capture_blocked_no_network,not_ready_for_ocr,,,capture_rights_safe_private_screenshot; crop_visible_label_or_document_surface; deskew_rotate_contrast_sharpen,0,1
panel-capture-v1,mcdonalds_world_famous_fries__2000s__653__2,mcdonalds_world_famous_fries,McDonald's World Famous Fries,2000s bridge,canceredinstitute.org,panel_source_candidate,,,panel_capture_needed,low,source_page_capture_blocked_no_network,not_ready_for_ocr,,,capture_rights_safe_private_screenshot; crop_visible_label_or_document_surface; deskew_rotate_contrast_sharpen,0,1
panel-capture-v1,mcdonalds_world_famous_fries__2010s__653__1,mcdonalds_world_famous_fries,McDonald's World Famous Fries,2010s bridge,canceredinstitute.org,panel_source_candidate,,,panel_capture_needed,low,source_page_capture_blocked_no_network,not_ready_for_ocr,,,capture_rights_safe_private_screenshot; crop_visible_label_or_document_surface; deskew_rotate_contrast_sharpen,0,1
panel-capture-v1,nilla_wafers__2000s__865__1,nilla_wafers,Nilla Wafers,2000s bridge,directionsforme.org,panel_source_candidate,,,panel_capture_needed,low,source_page_capture_blocked_no_network,not_ready_for_ocr,,,capture_rights_safe_private_screenshot; crop_visible_label_or_document_surface; deskew_rotate_contrast_sharpen,0,1
panel-capture-v1,nilla_wafers__2010s__865__1,nilla_wafers,Nilla Wafers,2010s bridge,directionsforme.org,panel_source_candidate,,,panel_capture_needed,low,source_page_capture_blocked_no_network,not_ready_for_ocr,,,capture_rights_safe_private_screenshot; crop_visible_label_or_document_surface; deskew_rotate_contrast_sharpen,0,1
panel-capture-v1,nutella_hazelnut_spread__1980s_or_earlier__1034__1,nutella_hazelnut_spread,Nutella Hazelnut Spread,1980s or earlier lead,superbrands.co.il,panel_source_candidate,,,panel_capture_needed,low,source_page_capture_blocked_no_network,not_ready_for_ocr,,,capture_rights_safe_private_screenshot; crop_visible_label_or_document_surface; deskew_rotate_contrast_sharpen,0,1
panel-capture-v1,philadelphia_cream_cheese_original__2010s__211__1,philadelphia_cream_cheese_original,Philadelphia Original Cream Cheese,2010s bridge,flickr.com,panel_source_candidate,,,panel_capture_needed,low,source_page_capture_blocked_no_network,not_ready_for_ocr,,,capture_rights_safe_private_screenshot; crop_visible_label_or_document_surface; deskew_rotate_contrast_sharpen,0,1
panel-capture-v1,pillsbury_crescent_rolls__2010s__694__1,pillsbury_crescent_rolls,Pillsbury Crescent Rolls,2010s bridge,upcitemdb.com,panel_source_candidate,,,panel_capture_needed,low,source_page_capture_blocked_no_network,not_ready_for_ocr,,,capture_rights_safe_private_screenshot; crop_visible_label_or_document_surface; deskew_rotate_contrast_sharpen,0,1
panel-capture-v1,pillsbury_toaster_strudel_strawberry__2000s__675__1,pillsbury_toaster_strudel_strawberry,Pillsbury Toaster Strudel Strawberry,2000s bridge,bcscan.com,panel_source_candidate,,,panel_capture_needed,low,source_page_capture_blocked_no_network,not_ready_for_ocr,,,capture_rights_safe_private_screenshot; crop_visible_label_or_document_surface; deskew_rotate_contrast_sharpen,0,1
panel-capture-v1,pillsbury_toaster_strudel_strawberry__2010s__676__1,pillsbury_toaster_strudel_strawberry,Pillsbury Toaster Strudel Strawberry,2010s bridge,upcfoodsearch.com,panel_source_candidate,,,panel_capture_needed,low,source_page_capture_blocked_no_network,not_ready_for_ocr,,,capture_rights_safe_private_screenshot; crop_visible_label_or_document_surface; deskew_rotate_contrast_sharpen,0,1
panel-capture-v1,pizza_hut_original_pan_pepperoni__2000s__655__1,pizza_hut_original_pan_pepperoni,Pizza Hut Original Pan Pepperoni Pizza,2000s bridge,yumpu.com,panel_source_candidate,,,panel_capture_needed,low,source_page_capture_blocked_no_network,not_ready_for_ocr,,,capture_rights_safe_private_screenshot; crop_visible_label_or_document_surface; deskew_rotate_contrast_sharpen,0,1
panel-capture-v1,pizza_hut_original_pan_pepperoni__2010s__656__1,pizza_hut_original_pan_pepperoni,Pizza Hut Original Pan Pepperoni Pizza,2010s bridge,district.schoolnutritionandfitness.com,panel_source_candidate,,,panel_capture_needed,low,source_page_capture_blocked_no_network,not_ready_for_ocr,,,capture_rights_safe_private_screenshot; crop_visible_label_or_document_surface; deskew_rotate_contrast_sharpen,0,1
panel-capture-v1,popeyes_chicken_sandwich__2010s__718__1,popeyes_chicken_sandwich,Popeyes Chicken Sandwich,2010s bridge,biorganic.blog,panel_source_candidate,,,panel_capture_needed,low,source_page_capture_blocked_no_network,not_ready_for_ocr,,,capture_rights_safe_private_screenshot; crop_visible_label_or_document_surface; deskew_rotate_contrast_sharpen,0,1
panel-capture-v1,grape_nuts__2010s__939__1,grape_nuts,Post Grape-Nuts,2010s bridge,ewg.org,panel_source_candidate,,,panel_capture_needed,low,source_page_capture_blocked_no_network,not_ready_for_ocr,,,capture_rights_safe_private_screenshot; crop_visible_label_or_document_surface; deskew_rotate_contrast_sharpen,0,1
panel-capture-v1,pringles_original__2000s__999__1,pringles_original,Pringles Original Crisps,2000s bridge,aircanada.com,panel_source_candidate,,,panel_capture_needed,low,source_page_capture_blocked_no_network,not_ready_for_ocr,,,capture_rights_safe_private_screenshot; crop_visible_label_or_document_surface; deskew_rotate_contrast_sharpen,0,1
panel-capture-v1,pringles_original__2010s__999__2,pringles_original,Pringles Original Crisps,2010s bridge,aircanada.com,panel_source_candidate,,,panel_capture_needed,low,source_page_capture_blocked_no_network,not_ready_for_ocr,,,capture_rights_safe_private_screenshot; crop_visible_label_or_document_surface; deskew_rotate_contrast_sharpen,0,1
panel-capture-v1,quaker_old_fashioned_oats__2010s__933__1,quaker_old_fashioned_oats,Quaker Old Fashioned Oats,2010s bridge,upcfoodsearch.com,panel_source_candidate,,,panel_capture_needed,low,source_page_capture_blocked_no_network,not_ready_for_ocr,,,capture_rights_safe_private_screenshot; crop_visible_label_or_document_surface; deskew_rotate_contrast_sharpen,0,1
panel-capture-v1,ritz_original_crackers__2000s__446__1,ritz_original_crackers,Ritz Original Crackers,2000s bridge,foodrepo.org,panel_source_candidate,,,panel_capture_needed,low,source_page_capture_blocked_no_network,not_ready_for_ocr,,,capture_rights_safe_private_screenshot; crop_visible_label_or_document_surface; deskew_rotate_contrast_sharpen,0,1
panel-capture-v1,ritz_original_crackers__2010s__446__2,ritz_original_crackers,Ritz Original Crackers,2010s bridge,foodrepo.org,panel_source_candidate,,,panel_capture_needed,low,source_page_capture_blocked_no_network,not_ready_for_ocr,,,capture_rights_safe_private_screenshot; crop_visible_label_or_document_surface; deskew_rotate_contrast_sharpen,0,1
panel-capture-v1,doritos_nacho_cheese_evidence_0,doritos_nacho_cheese,Doritos Nacho Cheese,1980s or earlier,flickr.com,secondary_context_only,,,readable_panel_photo_needed,low,source_page_capture_blocked_no_network,not_ready_for_ocr,,,capture_rights_safe_private_screenshot; crop_visible_label_or_document_surface; deskew_rotate_contrast_sharpen,0,1
panel-capture-v1,heinz_tomato_ketchup_evidence_1,heinz_tomato_ketchup,Heinz Tomato Ketchup,1980s or earlier,flickr.com,secondary_context_only,,,readable_panel_photo_needed,low,source_page_capture_blocked_no_network,not_ready_for_ocr,,,capture_rights_safe_private_screenshot; crop_visible_label_or_document_surface; deskew_rotate_contrast_sharpen,0,1
panel-capture-v1,kraft_macaroni_and_cheese_original_evidence_0,kraft_macaroni_and_cheese_original,Kraft Macaroni & Cheese Original,1980s or earlier,flickr.com,secondary_context_only,,,readable_panel_photo_needed,low,source_page_capture_blocked_no_network,not_ready_for_ocr,,,capture_rights_safe_private_screenshot; crop_visible_label_or_document_surface; deskew_rotate_contrast_sharpen,0,1
panel-capture-v1,mcdonalds_big_mac_evidence_0,mcdonalds_big_mac,McDonald's Big Mac,1980s or earlier,flickr.com,secondary_context_only,,,readable_panel_photo_needed,low,source_page_capture_blocked_no_network,not_ready_for_ocr,,,capture_rights_safe_private_screenshot; crop_visible_label_or_document_surface; deskew_rotate_contrast_sharpen,0,1
panel-capture-v1,mcdonalds_chicken_mcnuggets_evidence_0,mcdonalds_chicken_mcnuggets,McDonald's Chicken McNuggets,1980s or earlier,flickr.com,secondary_context_only,,,readable_panel_photo_needed,low,source_page_capture_blocked_no_network,not_ready_for_ocr,,,capture_rights_safe_private_screenshot; crop_visible_label_or_document_surface; deskew_rotate_contrast_sharpen,0,1
panel-capture-v1,poptarts_frosted_strawberry_evidence_0,poptarts_frosted_strawberry,Pop-Tarts Frosted Strawberry,1980s or earlier,flickr.com,secondary_context_only,,,readable_panel_photo_needed,low,source_page_capture_blocked_no_network,not_ready_for_ocr,,,capture_rights_safe_private_screenshot; crop_visible_label_or_document_surface; deskew_rotate_contrast_sharpen,0,1
panel-capture-v1,campbells_tomato_soup_evidence_6,campbells_tomato_soup,Campbell's Condensed Tomato Soup,2010s bridge,commons.wikimedia.org,secondary_context_only,,,readable_panel_photo_needed,low,source_page_capture_blocked_no_network,not_ready_for_ocr,,,capture_rights_safe_private_screenshot; crop_visible_label_or_document_surface; deskew_rotate_contrast_sharpen,0,1
panel-capture-v1,cheerios_original_evidence_7,cheerios_original,Cheerios Original,2000s bridge,americanhistory.si.edu,secondary_context_only,,,readable_panel_photo_needed,low,source_page_capture_blocked_no_network,not_ready_for_ocr,,,capture_rights_safe_private_screenshot; crop_visible_label_or_document_surface; deskew_rotate_contrast_sharpen,0,1
panel-capture-v1,coca_cola_classic_evidence_2,coca_cola_classic,Coca-Cola Classic,2000s bridge,flickr.com,secondary_context_only,,,readable_panel_photo_needed,low,source_page_capture_blocked_no_network,not_ready_for_ocr,,,capture_rights_safe_private_screenshot; crop_visible_label_or_document_surface; deskew_rotate_contrast_sharpen,0,1
panel-capture-v1,coca_cola_classic_evidence_5,coca_cola_classic,Coca-Cola Classic,2010s bridge,flickr.com,secondary_context_only,,,readable_panel_photo_needed,low,source_page_capture_blocked_no_network,not_ready_for_ocr,,,capture_rights_safe_private_screenshot; crop_visible_label_or_document_surface; deskew_rotate_contrast_sharpen,0,1
panel-capture-v1,doritos_nacho_cheese_evidence_6,doritos_nacho_cheese,Doritos Nacho Cheese,2000s bridge,commons.wikimedia.org,secondary_context_only,,,readable_panel_photo_needed,low,source_page_capture_blocked_no_network,not_ready_for_ocr,,,capture_rights_safe_private_screenshot; crop_visible_label_or_document_surface; deskew_rotate_contrast_sharpen,0,1
panel-capture-v1,heinz_tomato_ketchup_evidence_5,heinz_tomato_ketchup,Heinz Tomato Ketchup,2000s bridge,flickr.com,secondary_context_only,,,readable_panel_photo_needed,low,source_page_capture_blocked_no_network,not_ready_for_ocr,,,capture_rights_safe_private_screenshot; crop_visible_label_or_document_surface; deskew_rotate_contrast_sharpen,0,1
panel-capture-v1,kraft_macaroni_and_cheese_original_evidence_7,kraft_macaroni_and_cheese_original,Kraft Macaroni & Cheese Original,2010s bridge,flickr.com,secondary_context_only,,,readable_panel_photo_needed,low,source_page_capture_blocked_no_network,not_ready_for_ocr,,,capture_rights_safe_private_screenshot; crop_visible_label_or_document_surface; deskew_rotate_contrast_sharpen,0,1
panel-capture-v1,flickr_oreo_harley_2000,oreo_original_chocolate_sandwich_cookies,Oreo Original Chocolate Sandwich Cookies,2000s package bridge,flickr.com,secondary_context_only,,,readable_panel_photo_needed,low,source_page_capture_blocked_no_network,not_ready_for_ocr,,,capture_rights_safe_private_screenshot; crop_visible_label_or_document_surface; deskew_rotate_contrast_sharpen,0,1
panel-capture-v1,poptarts_frosted_strawberry_evidence_2,poptarts_frosted_strawberry,Pop-Tarts Frosted Strawberry,2000s bridge,flickr.com,secondary_context_only,,,readable_panel_photo_needed,low,source_page_capture_blocked_no_network,not_ready_for_ocr,,,capture_rights_safe_private_screenshot; crop_visible_label_or_document_surface; deskew_rotate_contrast_sharpen,0,1
