product_id,evidence_id,source_url,source_title,source_owner,claimed_product_date,public_image_url,thumbnail_url,rights_status,license_url,attribution_text,reviewer,reviewed_at,image_display_policy,review_notes
7up_original,7up_original__earliest_verified_label__1069__4,https://commons.wikimedia.org/wiki/File%3AOld_7_UP_bottles.jpg,Old 7 UP bottles - Wikimedia Commons,Wikimedia Commons / Lynette,Commons page crawled 2026-06; uploaded circa 2010; Commons DateTimeOriginal 2010-07-20; product/package date not independently verified by image import,https://upload.wikimedia.org/wikipedia/commons/1/15/Old_7_UP_bottles.jpg,https://upload.wikimedia.org/wikipedia/commons/thumb/1/15/Old_7_UP_bottles.jpg/960px-Old_7_UP_bottles.jpg,Wikimedia Commons CC BY 2.0 / Creative Commons Attribution 2.0,https://creativecommons.org/licenses/by/2.0,"Lynette / https://www.flickr.com/photos/51981051@N08/4815400077/ via Wikimedia Commons, CC BY 2.0",codex_commons_metadata_import,2026-06-07,embed_rights_cleared,"Imported from Wikimedia Commons API metadata for URL, license, attribution, and source page. Use as source-attributable photo/context proof only; not ingredient-label verification."
ball_park_franks,ball_park_franks__1980s_or_earlier__990__1,https://commons.wikimedia.org/wiki/File%3AVintage_Ad_-780-_Baseball_Fans_Guide_to_Ball_Park_Franks_%283415970199%29.jpg,Wikimedia Commons 1976 Ball Park Franks vintage ad,"Wikimedia Commons / Jamie from Toronto, ON",Observed in current web search on 2026-06-05; result identified 1976 advertisement category and Flickr source metadata.; Commons DateTimeOriginal 2009-04-05 21:34; product/package date not independently verified by image import,https://upload.wikimedia.org/wikipedia/commons/a/a6/Vintage_Ad_-780-_Baseball_Fans_Guide_to_Ball_Park_Franks_%283415970199%29.jpg,https://upload.wikimedia.org/wikipedia/commons/a/a6/Vintage_Ad_-780-_Baseball_Fans_Guide_to_Ball_Park_Franks_%283415970199%29.jpg,Wikimedia Commons CC BY 2.0 / Creative Commons Attribution 2.0,https://creativecommons.org/licenses/by/2.0,"Jamie from Toronto, ON / Vintage Ad #780: Baseball Fans Guide to Ball Park Franks via Wikimedia Commons, CC BY 2.0",codex_commons_metadata_import,2026-06-07,embed_rights_cleared,"Imported from Wikimedia Commons API metadata for URL, license, attribution, and source page. Use as source-attributable photo/context proof only; not ingredient-label verification."
ball_park_franks,ball_park_franks__2010s__984__1,https://commons.wikimedia.org/wiki/File%3ABall_Park_Angus_Beef_Frank_%2836163721905%29.jpg,Wikimedia Commons Ball Park Angus Beef Frank package photo,Wikimedia Commons / Willis Lam,Observed in current web search on 2026-06-05; result identified a Ball Park Angus Beef Frank file page with license metadata.; Commons DateTimeOriginal 2017-07-19 19:43; product/package date not independently verified by image import,https://upload.wikimedia.org/wikipedia/commons/d/d1/Ball_Park_Angus_Beef_Frank_%2836163721905%29.jpg,https://upload.wikimedia.org/wikipedia/commons/thumb/d/d1/Ball_Park_Angus_Beef_Frank_%2836163721905%29.jpg/960px-Ball_Park_Angus_Beef_Frank_%2836163721905%29.jpg,Wikimedia Commons CC BY-SA 2.0 / Creative Commons Attribution-Share Alike 2.0,https://creativecommons.org/licenses/by-sa/2.0,"Willis Lam / Ball Park Angus Beef Frank via Wikimedia Commons, CC BY-SA 2.0",codex_commons_metadata_import,2026-06-07,embed_rights_cleared,"Imported from Wikimedia Commons API metadata for URL, license, attribution, and source page. Use as source-attributable photo/context proof only; not ingredient-label verification."
ball_park_franks,ball_park_franks__current_2020s__984__10,https://commons.wikimedia.org/wiki/File%3ABall_Park_Angus_Beef_Frank_%2836163721905%29.jpg,Wikimedia Commons Ball Park Angus Beef Frank package photo,Wikimedia Commons / Willis Lam,Observed in current web search on 2026-06-05; result identified a Ball Park Angus Beef Frank file page with license metadata.; Commons DateTimeOriginal 2017-07-19 19:43; product/package date not independently verified by image import,https://upload.wikimedia.org/wikipedia/commons/d/d1/Ball_Park_Angus_Beef_Frank_%2836163721905%29.jpg,https://upload.wikimedia.org/wikipedia/commons/thumb/d/d1/Ball_Park_Angus_Beef_Frank_%2836163721905%29.jpg/960px-Ball_Park_Angus_Beef_Frank_%2836163721905%29.jpg,Wikimedia Commons CC BY-SA 2.0 / Creative Commons Attribution-Share Alike 2.0,https://creativecommons.org/licenses/by-sa/2.0,"Willis Lam / Ball Park Angus Beef Frank via Wikimedia Commons, CC BY-SA 2.0",codex_commons_metadata_import,2026-06-07,embed_rights_cleared,"Imported from Wikimedia Commons API metadata for URL, license, attribution, and source page. Use as source-attributable photo/context proof only; not ingredient-label verification."
ball_park_franks,ball_park_franks__earliest_verified_label__990__1,https://commons.wikimedia.org/wiki/File%3AVintage_Ad_-780-_Baseball_Fans_Guide_to_Ball_Park_Franks_%283415970199%29.jpg,Wikimedia Commons 1976 Ball Park Franks vintage ad,"Wikimedia Commons / Jamie from Toronto, ON",Observed in current web search on 2026-06-05; result identified 1976 advertisement category and Flickr source metadata.; Commons DateTimeOriginal 2009-04-05 21:34; product/package date not independently verified by image import,https://upload.wikimedia.org/wikipedia/commons/a/a6/Vintage_Ad_-780-_Baseball_Fans_Guide_to_Ball_Park_Franks_%283415970199%29.jpg,https://upload.wikimedia.org/wikipedia/commons/a/a6/Vintage_Ad_-780-_Baseball_Fans_Guide_to_Ball_Park_Franks_%283415970199%29.jpg,Wikimedia Commons CC BY 2.0 / Creative Commons Attribution 2.0,https://creativecommons.org/licenses/by/2.0,"Jamie from Toronto, ON / Vintage Ad #780: Baseball Fans Guide to Ball Park Franks via Wikimedia Commons, CC BY 2.0",codex_commons_metadata_import,2026-06-07,embed_rights_cleared,"Imported from Wikimedia Commons API metadata for URL, license, attribution, and source page. Use as source-attributable photo/context proof only; not ingredient-label verification."
campbells_chicken_noodle_soup,campbells_chicken_noodle_soup__2010s__178__1,https://commons.wikimedia.org/wiki/File%3ACampbell%27s_Chicken_Noodle_Soup_%2816184220183%29.jpg,Campbell's Chicken Noodle Soup Can Photo - Wikimedia Commons,Wikimedia Commons / Willis Lam,2010-01-01..2019-12-31; Commons DateTimeOriginal 2015-03-13 00:44; product/package date not independently verified by image import,https://upload.wikimedia.org/wikipedia/commons/0/0d/Campbell%27s_Chicken_Noodle_Soup_%2816184220183%29.jpg,https://upload.wikimedia.org/wikipedia/commons/0/0d/Campbell%27s_Chicken_Noodle_Soup_%2816184220183%29.jpg,Wikimedia Commons CC BY-SA 2.0 / Creative Commons Attribution-Share Alike 2.0,https://creativecommons.org/licenses/by-sa/2.0,"Willis Lam / Campbell's Chicken Noodle Soup via Wikimedia Commons, CC BY-SA 2.0",codex_commons_metadata_import,2026-06-07,embed_rights_cleared,"Imported from Wikimedia Commons API metadata for URL, license, attribution, and source page. Use as source-attributable photo/context proof only; not ingredient-label verification."
campbells_tomato_soup,campbells_tomato_soup_evidence_1,https://commons.wikimedia.org/wiki/File%3ACampbell%27s_Condensed_Tomato_Soup%2C_1905.jpg,Wikimedia Commons Campbell's Condensed Tomato Soup 1905 file page,"Wikimedia Commons / Hill, Janet McKenzie, 1852-1933, ed; Boston Cooking School (Boston, Mass.)",Observed in current web search on 2026-06-05; result identified a 1905 Campbell's Condensed Tomato Soup file page.; Commons DateTimeOriginal 1905; product/package date not independently verified by image import,https://upload.wikimedia.org/wikipedia/commons/6/60/Campbell%27s_Condensed_Tomato_Soup%2C_1905.jpg,https://upload.wikimedia.org/wikipedia/commons/thumb/6/60/Campbell%27s_Condensed_Tomato_Soup%2C_1905.jpg/960px-Campbell%27s_Condensed_Tomato_Soup%2C_1905.jpg,Wikimedia Commons No restrictions / No known copyright restrictions,https://www.flickr.com/commons/usage/,"Hill, Janet McKenzie, 1852-1933, ed; Boston Cooking School (Boston, Mass.) / https://www.flickr.com/photos/internetarchivebookimages/14770225631/ Source book page: https://archive.org/stream/bostoncookingsch19hill_4/bostoncookingsch19hill_4#page/n644/mode/1up via Wikimedia Commons, No restrictions",codex_commons_metadata_import,2026-06-07,embed_rights_cleared,"Imported from Wikimedia Commons API metadata for URL, license, attribution, and source page. Use as source-attributable photo/context proof only; not ingredient-label verification."
coca_cola_classic,coca_cola_classic_evidence_0,https://commons.wikimedia.org/wiki/File%3AOld_coca_cola_cans_1952.jpg,Old Coca-Cola cans 1952 - Wikimedia Commons,Wikimedia Commons / Amada44,earliest_verified_label; Commons DateTimeOriginal 2010-08-21 11:32:23; product/package date not independently verified by image import,https://upload.wikimedia.org/wikipedia/commons/0/0c/Old_coca_cola_cans_1952.jpg,https://upload.wikimedia.org/wikipedia/commons/thumb/0/0c/Old_coca_cola_cans_1952.jpg/960px-Old_coca_cola_cans_1952.jpg,Wikimedia Commons CC BY-SA 3.0 / Creative Commons Attribution-Share Alike 3.0,https://creativecommons.org/licenses/by-sa/3.0,"Amada44 / Own work via Wikimedia Commons, CC BY-SA 3.0",codex_commons_metadata_import,2026-06-07,embed_rights_cleared,"Imported from Wikimedia Commons API metadata for URL, license, attribution, and source page. Use as source-attributable photo/context proof only; not ingredient-label verification."
corn_flakes,corn_flakes__2010s__149__1,https://commons.wikimedia.org/wiki/File%3ACorn_flakes_boxes.jpg,Corn Flakes Boxes - Wikimedia Commons,Wikimedia Commons / Tom Ipri,2010-01-01..2019-12-31; Commons DateTimeOriginal 2011-08-08 13:59:17; product/package date not independently verified by image import,https://upload.wikimedia.org/wikipedia/commons/c/c7/Corn_flakes_boxes.jpg,https://upload.wikimedia.org/wikipedia/commons/thumb/c/c7/Corn_flakes_boxes.jpg/960px-Corn_flakes_boxes.jpg,Wikimedia Commons CC BY-SA 2.0 / Creative Commons Attribution-Share Alike 2.0,https://creativecommons.org/licenses/by-sa/2.0,"Tom Ipri / https://www.flickr.com/photos/tomspix/6059855014/ via Wikimedia Commons, CC BY-SA 2.0",codex_commons_metadata_import,2026-06-07,embed_rights_cleared,"Imported from Wikimedia Commons API metadata for URL, license, attribution, and source page. Use as source-attributable photo/context proof only; not ingredient-label verification."
doritos_nacho_cheese,doritos_nacho_cheese_evidence_6,https://commons.wikimedia.org/wiki/File%3ADoritos_bag.jpg,Doritos bag - Wikimedia Commons,Wikimedia Commons / kundl,Observed in current web search on 2026-06-04; Commons DateTimeOriginal 2009-07-14 17:05; product/package date not independently verified by image import,https://upload.wikimedia.org/wikipedia/commons/4/43/Doritos_bag.jpg,https://upload.wikimedia.org/wikipedia/commons/thumb/4/43/Doritos_bag.jpg/960px-Doritos_bag.jpg,Wikimedia Commons CC BY 2.0 / Creative Commons Attribution 2.0,https://creativecommons.org/licenses/by/2.0,"kundl / Comida Chatarra Uploaded by JohnnyMrNinja via Wikimedia Commons, CC BY 2.0",codex_commons_metadata_import,2026-06-07,embed_rights_cleared,"Imported from Wikimedia Commons API metadata for URL, license, attribution, and source page. Use as source-attributable photo/context proof only; not ingredient-label verification."
frenchs_yellow_mustard,frenchs_yellow_mustard__2000s__811__1,https://commons.wikimedia.org/wiki/File:French%27s_classic_yellow_mustard.jpg,"French's classic yellow mustard bottle photo, 2006 - Wikimedia Commons",Wikimedia Commons / User:Aeæ~commonswiki,"Observed in current web search on 2026-06-05; Commons result includes file date, author, own-work source, and license metadata.; Commons DateTimeOriginal 21 May 2006 (according to Exif data); product/package date not independently verified by image import",https://upload.wikimedia.org/wikipedia/commons/f/f7/French%27s_classic_yellow_mustard.jpg,https://upload.wikimedia.org/wikipedia/commons/thumb/f/f7/French%27s_classic_yellow_mustard.jpg/960px-French%27s_classic_yellow_mustard.jpg,Wikimedia Commons CC BY-SA 3.0 / Creative Commons Attribution-Share Alike 3.0,http://creativecommons.org/licenses/by-sa/3.0/,"User:Aeæ~commonswiki / Own work via Wikimedia Commons, CC BY-SA 3.0",codex_commons_metadata_import,2026-06-07,embed_rights_cleared,"Imported from Wikimedia Commons API metadata for URL, license, attribution, and source page. Use as source-attributable photo/context proof only; not ingredient-label verification."
frenchs_yellow_mustard,frenchs_yellow_mustard__earliest_verified_label__811__1,https://commons.wikimedia.org/wiki/File:French%27s_classic_yellow_mustard.jpg,"French's classic yellow mustard bottle photo, 2006 - Wikimedia Commons",Wikimedia Commons / User:Aeæ~commonswiki,"Observed in current web search on 2026-06-05; Commons result includes file date, author, own-work source, and license metadata.; Commons DateTimeOriginal 21 May 2006 (according to Exif data); product/package date not independently verified by image import",https://upload.wikimedia.org/wikipedia/commons/f/f7/French%27s_classic_yellow_mustard.jpg,https://upload.wikimedia.org/wikipedia/commons/thumb/f/f7/French%27s_classic_yellow_mustard.jpg/960px-French%27s_classic_yellow_mustard.jpg,Wikimedia Commons CC BY-SA 3.0 / Creative Commons Attribution-Share Alike 3.0,http://creativecommons.org/licenses/by-sa/3.0/,"User:Aeæ~commonswiki / Own work via Wikimedia Commons, CC BY-SA 3.0",codex_commons_metadata_import,2026-06-07,embed_rights_cleared,"Imported from Wikimedia Commons API metadata for URL, license, attribution, and source page. Use as source-attributable photo/context proof only; not ingredient-label verification."
gatorade_lemon_lime,gatorade_lemon_lime__1980s_or_earlier__660__2,https://commons.wikimedia.org/wiki/File%3AGatoradeOriginalGlassBottle.jpg,Gatorade original-era glass bottle image - Wikimedia Commons,Wikimedia Commons / Jeff Taylor,Observed in current web search on 2026-06-05.; Commons DateTimeOriginal 2011-01-24 11:03:56; product/package date not independently verified by image import,https://upload.wikimedia.org/wikipedia/commons/1/1f/GatoradeOriginalGlassBottle.jpg,https://upload.wikimedia.org/wikipedia/commons/1/1f/GatoradeOriginalGlassBottle.jpg,Wikimedia Commons CC BY-SA 2.0 / Creative Commons Attribution-Share Alike 2.0,https://creativecommons.org/licenses/by-sa/2.0,"Jeff Taylor / Flickr : GatoradeOriginalGlassBottle via Wikimedia Commons, CC BY-SA 2.0",codex_commons_metadata_import,2026-06-07,embed_rights_cleared,"Imported from Wikimedia Commons API metadata for URL, license, attribution, and source page. Use as source-attributable photo/context proof only; not ingredient-label verification."
gatorade_lemon_lime,gatorade_lemon_lime__earliest_verified_label__660__4,https://commons.wikimedia.org/wiki/File%3AGatoradeOriginalGlassBottle.jpg,Gatorade original-era glass bottle image - Wikimedia Commons,Wikimedia Commons / Jeff Taylor,Observed in current web search on 2026-06-05.; Commons DateTimeOriginal 2011-01-24 11:03:56; product/package date not independently verified by image import,https://upload.wikimedia.org/wikipedia/commons/1/1f/GatoradeOriginalGlassBottle.jpg,https://upload.wikimedia.org/wikipedia/commons/1/1f/GatoradeOriginalGlassBottle.jpg,Wikimedia Commons CC BY-SA 2.0 / Creative Commons Attribution-Share Alike 2.0,https://creativecommons.org/licenses/by-sa/2.0,"Jeff Taylor / Flickr : GatoradeOriginalGlassBottle via Wikimedia Commons, CC BY-SA 2.0",codex_commons_metadata_import,2026-06-07,embed_rights_cleared,"Imported from Wikimedia Commons API metadata for URL, license, attribution, and source page. Use as source-attributable photo/context proof only; not ingredient-label verification."
hersheys_milk_chocolate_bar,hersheys_milk_chocolate_bar__2000s__152__2,https://commons.wikimedia.org/wiki/File%3AHershey%27s_Milk_Chocolate_wrapper_%282002%29.jpg,"Hershey's Milk Chocolate Wrapper, 2002 - Wikimedia Commons",Wikimedia Commons / Hershey Company,2000-01-01..2009-12-31; Commons DateTimeOriginal 2002-09-01; product/package date not independently verified by image import,https://upload.wikimedia.org/wikipedia/commons/a/a8/Hershey%27s_Milk_Chocolate_wrapper_%282002%29.jpg,https://upload.wikimedia.org/wikipedia/commons/a/a8/Hershey%27s_Milk_Chocolate_wrapper_%282002%29.jpg,Wikimedia Commons Public domain,,"Hershey Company / http://www.mikescandywrappers.com/photos/hersheys0902.jpg via Wikimedia Commons, Public domain",codex_commons_metadata_import,2026-06-07,embed_rights_cleared,"Imported from Wikimedia Commons API metadata for URL, license, attribution, and source page. Use as source-attributable photo/context proof only; not ingredient-label verification."
hostess_cupcakes,hostess_cupcakes__2010s__970__1,https://commons.wikimedia.org/wiki/File%3AHostess_and_7-Eleven_Chocolate_Cupcakes_%2818772520972%29.jpg,Wikimedia Commons Hostess and 7-Eleven Chocolate Cupcakes photo,Wikimedia Commons / Willis Lam,Observed in current web search on 2026-06-05; file page identifies Hostess and 7-Eleven Chocolate Cupcakes photo metadata.; Commons DateTimeOriginal 2015-06-13 00:22; product/package date not independently verified by image import,https://upload.wikimedia.org/wikipedia/commons/1/1d/Hostess_and_7-Eleven_Chocolate_Cupcakes_%2818772520972%29.jpg,https://upload.wikimedia.org/wikipedia/commons/thumb/1/1d/Hostess_and_7-Eleven_Chocolate_Cupcakes_%2818772520972%29.jpg/960px-Hostess_and_7-Eleven_Chocolate_Cupcakes_%2818772520972%29.jpg,Wikimedia Commons CC BY-SA 2.0 / Creative Commons Attribution-Share Alike 2.0,https://creativecommons.org/licenses/by-sa/2.0,"Willis Lam / Hostess and 7-Eleven Chocolate Cupcakes via Wikimedia Commons, CC BY-SA 2.0",codex_commons_metadata_import,2026-06-07,embed_rights_cleared,"Imported from Wikimedia Commons API metadata for URL, license, attribution, and source page. Use as source-attributable photo/context proof only; not ingredient-label verification."
jif_creamy_peanut_butter,jif_creamy_peanut_butter__2010s__187__1,https://commons.wikimedia.org/wiki/File%3AJif_Peanut_Butter_-_14938583767.jpg,Jif Creamy Peanut Butter Jar Photo - Wikimedia Commons,Wikimedia Commons / Mike Mozart,2010-01-01..2019-12-31; Commons DateTimeOriginal 2014-09-01 23:12:57; product/package date not independently verified by image import,https://upload.wikimedia.org/wikipedia/commons/9/94/Jif_Peanut_Butter_-_14938583767.jpg,https://upload.wikimedia.org/wikipedia/commons/thumb/9/94/Jif_Peanut_Butter_-_14938583767.jpg/960px-Jif_Peanut_Butter_-_14938583767.jpg,Wikimedia Commons CC BY 2.0 / Creative Commons Attribution 2.0,https://creativecommons.org/licenses/by/2.0,"Mike Mozart / https://www.flickr.com/photos/jeepersmedia/14938583767/ via Wikimedia Commons, CC BY 2.0",codex_commons_metadata_import,2026-06-07,embed_rights_cleared,"Imported from Wikimedia Commons API metadata for URL, license, attribution, and source page. Use as source-attributable photo/context proof only; not ingredient-label verification."
mountain_dew_original,mountain_dew_original__2000s__994__1,https://commons.wikimedia.org/wiki/File%3AGlass_Mountain_Dew_Bottle_%2822101626%29.jpg,Wikimedia Commons glass Mountain Dew bottle photo,"Wikimedia Commons / Jeramey Jannene from Milwaukee, WI, United States of America",Observed in current web search on 2026-06-05; file page records photo date 8 August 2003 and Flickr source metadata.; Commons DateTimeOriginal 2003-08-08 21:20; product/package date not independently verified by image import,https://upload.wikimedia.org/wikipedia/commons/2/21/Glass_Mountain_Dew_Bottle_%2822101626%29.jpg,https://upload.wikimedia.org/wikipedia/commons/thumb/2/21/Glass_Mountain_Dew_Bottle_%2822101626%29.jpg/960px-Glass_Mountain_Dew_Bottle_%2822101626%29.jpg,Wikimedia Commons CC BY 2.0 / Creative Commons Attribution 2.0,https://creativecommons.org/licenses/by/2.0,"Jeramey Jannene from Milwaukee, WI, United States of America / Glass Mountain Dew Bottle via Wikimedia Commons, CC BY 2.0",codex_commons_metadata_import,2026-06-07,embed_rights_cleared,"Imported from Wikimedia Commons API metadata for URL, license, attribution, and source page. Use as source-attributable photo/context proof only; not ingredient-label verification."
philadelphia_cream_cheese_original,philadelphia_cream_cheese_original__earliest_verified_label__1063__2,https://commons.wikimedia.org/wiki/File%3AKraft_Philadelphia_Brand_Cream_Cheese%2C_1948.jpg,"Kraft Philadelphia Brand Cream Cheese, 1948 - Wikimedia Commons",Wikimedia Commons / Internet Archive Book Images,1948 source date; page crawled 2026-06; Commons DateTimeOriginal 1948; product/package date not independently verified by image import,https://upload.wikimedia.org/wikipedia/commons/1/18/Kraft_Philadelphia_Brand_Cream_Cheese%2C_1948.jpg,https://upload.wikimedia.org/wikipedia/commons/thumb/1/18/Kraft_Philadelphia_Brand_Cream_Cheese%2C_1948.jpg/960px-Kraft_Philadelphia_Brand_Cream_Cheese%2C_1948.jpg,Wikimedia Commons No restrictions / No known copyright restrictions,https://www.flickr.com/commons/usage/,"Internet Archive Book Images / https://www.flickr.com/photos/internetarchivebookimages/14579882757/ Source book page: https://archive.org/stream/ladieshomejourna65janwyet/ladieshomejourna65janwyet#page/n538/mode/1up via Wikimedia Commons, No restrictions",codex_commons_metadata_import,2026-06-07,embed_rights_cleared,"Imported from Wikimedia Commons API metadata for URL, license, attribution, and source page. Use as source-attributable photo/context proof only; not ingredient-label verification."
philadelphia_cream_cheese_original,philadelphia_cream_cheese_original__earliest_verified_label__212__1,https://commons.wikimedia.org/wiki/File%3AKraft_Philadelphia_Brand_Cream_Cheese%2C_1948_%282%29.jpg,"Kraft Philadelphia Brand Cream Cheese Advertisement, 1948 - Wikimedia Commons",Wikimedia Commons / Internet Archive Book Images,earliest_verified_label; Commons DateTimeOriginal 1948; product/package date not independently verified by image import,https://upload.wikimedia.org/wikipedia/commons/3/39/Kraft_Philadelphia_Brand_Cream_Cheese%2C_1948_%282%29.jpg,https://upload.wikimedia.org/wikipedia/commons/thumb/3/39/Kraft_Philadelphia_Brand_Cream_Cheese%2C_1948_%282%29.jpg/960px-Kraft_Philadelphia_Brand_Cream_Cheese%2C_1948_%282%29.jpg,Wikimedia Commons No restrictions / No known copyright restrictions,https://www.flickr.com/commons/usage/,"Internet Archive Book Images / https://www.flickr.com/photos/internetarchivebookimages/14581721927/ Source book page: https://archive.org/stream/ladieshomejourna65janwyet/ladieshomejourna65janwyet#page/n1218/mode/1up via Wikimedia Commons, No restrictions",codex_commons_metadata_import,2026-06-07,embed_rights_cleared,"Imported from Wikimedia Commons API metadata for URL, license, attribution, and source page. Use as source-attributable photo/context proof only; not ingredient-label verification."
quaker_old_fashioned_oats,quaker_old_fashioned_oats__1980s_or_earlier__664__1,https://commons.wikimedia.org/wiki/File%3AQuaker_Oats_%283092914571%29.jpg,Quaker Oats package photo - Wikimedia Commons,Wikimedia Commons / Miami U. Libraries - Digital Collections,"Observed in current web search on 2026-06-05.; Commons DateTimeOriginal circa 1900 date QS:P,+1900-00-00T00:00:00Z/9,P1480,Q5727902; product/package date not independently verified by image import",https://upload.wikimedia.org/wikipedia/commons/1/1e/Quaker_Oats_%283092914571%29.jpg,https://upload.wikimedia.org/wikipedia/commons/1/1e/Quaker_Oats_%283092914571%29.jpg,Wikimedia Commons Public domain,,"Miami U. Libraries - Digital Collections / https://www.flickr.com/photos/muohio_digital_collections/3092914571/ via Wikimedia Commons, Public domain",codex_commons_metadata_import,2026-06-07,embed_rights_cleared,"Imported from Wikimedia Commons API metadata for URL, license, attribution, and source page. Use as source-attributable photo/context proof only; not ingredient-label verification."
quaker_old_fashioned_oats,quaker_old_fashioned_oats__earliest_verified_label__664__2,https://commons.wikimedia.org/wiki/File%3AQuaker_Oats_%283092914571%29.jpg,Quaker Oats package photo - Wikimedia Commons,Wikimedia Commons / Miami U. Libraries - Digital Collections,"Observed in current web search on 2026-06-05.; Commons DateTimeOriginal circa 1900 date QS:P,+1900-00-00T00:00:00Z/9,P1480,Q5727902; product/package date not independently verified by image import",https://upload.wikimedia.org/wikipedia/commons/1/1e/Quaker_Oats_%283092914571%29.jpg,https://upload.wikimedia.org/wikipedia/commons/1/1e/Quaker_Oats_%283092914571%29.jpg,Wikimedia Commons Public domain,,"Miami U. Libraries - Digital Collections / https://www.flickr.com/photos/muohio_digital_collections/3092914571/ via Wikimedia Commons, Public domain",codex_commons_metadata_import,2026-06-07,embed_rights_cleared,"Imported from Wikimedia Commons API metadata for URL, license, attribution, and source page. Use as source-attributable photo/context proof only; not ingredient-label verification."
spam_classic,spam_classic__current_2020s__189__6,https://commons.wikimedia.org/wiki/File%3AGiant_Spam_Can%2C_SPAM_Museum%2C_Austin_MN_%2834206815801%29.jpg,"Giant SPAM Can, SPAM Museum - Wikimedia Commons","Wikimedia Commons / Lorie Shaull from Washington, United States",>= 2020-01-01; Commons DateTimeOriginal 2017-04-29 07:40; product/package date not independently verified by image import,https://upload.wikimedia.org/wikipedia/commons/7/72/Giant_Spam_Can%2C_SPAM_Museum%2C_Austin_MN_%2834206815801%29.jpg,https://upload.wikimedia.org/wikipedia/commons/thumb/7/72/Giant_Spam_Can%2C_SPAM_Museum%2C_Austin_MN_%2834206815801%29.jpg/960px-Giant_Spam_Can%2C_SPAM_Museum%2C_Austin_MN_%2834206815801%29.jpg,Wikimedia Commons CC BY-SA 2.0 / Creative Commons Attribution-Share Alike 2.0,https://creativecommons.org/licenses/by-sa/2.0,"Lorie Shaull from Washington, United States / Giant Spam Can, SPAM Museum, Austin MN via Wikimedia Commons, CC BY-SA 2.0",codex_commons_metadata_import,2026-06-07,embed_rights_cleared,"Imported from Wikimedia Commons API metadata for URL, license, attribution, and source page. Use as source-attributable photo/context proof only; not ingredient-label verification."
subway_italian_bmt,subway_italian_bmt__2010s__945__1,https://commons.wikimedia.org/wiki/File%3A%22US_Product_Ingredient_Guide%22_%28April_2020%29%2C_Subway.pdf,Wikimedia Commons Subway US Product Ingredient Guide April 2020 PDF,Wikimedia Commons / Subway,Observed in current web search on 2026-06-05; result identifies April 2020 Subway U.S. ingredients list and an archived source URL.; Commons DateTimeOriginal 2020-04; product/package date not independently verified by image import,https://upload.wikimedia.org/wikipedia/commons/5/58/%22US_Product_Ingredient_Guide%22_%28April_2020%29%2C_Subway.pdf,https://upload.wikimedia.org/wikipedia/commons/thumb/5/58/%22US_Product_Ingredient_Guide%22_%28April_2020%29%2C_Subway.pdf/page1-960px-%22US_Product_Ingredient_Guide%22_%28April_2020%29%2C_Subway.pdf.jpg,Wikimedia Commons Public domain,,"Subway / https://web.archive.org/save/https://www.subway.com/~/media/USA/Documents/Nutrition/usProdIngredients.pdf via Wikimedia Commons, Public domain",codex_commons_metadata_import,2026-06-07,embed_rights_cleared,"Imported from Wikimedia Commons API metadata for URL, license, attribution, and source page. Use as source-attributable photo/context proof only; not ingredient-label verification."
subway_italian_bmt,subway_italian_bmt__earliest_verified_label__945__1,https://commons.wikimedia.org/wiki/File%3A%22US_Product_Ingredient_Guide%22_%28April_2020%29%2C_Subway.pdf,Wikimedia Commons Subway US Product Ingredient Guide April 2020 PDF,Wikimedia Commons / Subway,Observed in current web search on 2026-06-05; result identifies April 2020 Subway U.S. ingredients list and an archived source URL.; Commons DateTimeOriginal 2020-04; product/package date not independently verified by image import,https://upload.wikimedia.org/wikipedia/commons/5/58/%22US_Product_Ingredient_Guide%22_%28April_2020%29%2C_Subway.pdf,https://upload.wikimedia.org/wikipedia/commons/thumb/5/58/%22US_Product_Ingredient_Guide%22_%28April_2020%29%2C_Subway.pdf/page1-960px-%22US_Product_Ingredient_Guide%22_%28April_2020%29%2C_Subway.pdf.jpg,Wikimedia Commons Public domain,,"Subway / https://web.archive.org/save/https://www.subway.com/~/media/USA/Documents/Nutrition/usProdIngredients.pdf via Wikimedia Commons, Public domain",codex_commons_metadata_import,2026-06-07,embed_rights_cleared,"Imported from Wikimedia Commons API metadata for URL, license, attribution, and source page. Use as source-attributable photo/context proof only; not ingredient-label verification."
sunchips_harvest_cheddar,sunchips_harvest_cheddar__2010s__165__1,https://commons.wikimedia.org/wiki/File%3AHarvest_Cheddar_Sunchips.JPG,Wikimedia Commons Harvest Cheddar SunChips package photo,Wikimedia Commons / Dwight Burdette,Observed in current web search on 2026-06-05; file page is an older source-attributable Harvest Cheddar SunChips package image record.; Commons DateTimeOriginal 2011-04-29; product/package date not independently verified by image import,https://upload.wikimedia.org/wikipedia/commons/9/97/Harvest_Cheddar_Sunchips.JPG,https://upload.wikimedia.org/wikipedia/commons/thumb/9/97/Harvest_Cheddar_Sunchips.JPG/960px-Harvest_Cheddar_Sunchips.JPG,Wikimedia Commons CC BY 3.0 / Creative Commons Attribution 3.0,https://creativecommons.org/licenses/by/3.0,"Dwight Burdette / Own work via Wikimedia Commons, CC BY 3.0",codex_commons_metadata_import,2026-06-07,embed_rights_cleared,"Imported from Wikimedia Commons API metadata for URL, license, attribution, and source page. Use as source-attributable photo/context proof only; not ingredient-label verification."
sunchips_harvest_cheddar,sunchips_harvest_cheddar__current_2020s__165__4,https://commons.wikimedia.org/wiki/File%3AHarvest_Cheddar_Sunchips.JPG,Wikimedia Commons Harvest Cheddar SunChips package photo,Wikimedia Commons / Dwight Burdette,Observed in current web search on 2026-06-05; file page is an older source-attributable Harvest Cheddar SunChips package image record.; Commons DateTimeOriginal 2011-04-29; product/package date not independently verified by image import,https://upload.wikimedia.org/wikipedia/commons/9/97/Harvest_Cheddar_Sunchips.JPG,https://upload.wikimedia.org/wikipedia/commons/thumb/9/97/Harvest_Cheddar_Sunchips.JPG/960px-Harvest_Cheddar_Sunchips.JPG,Wikimedia Commons CC BY 3.0 / Creative Commons Attribution 3.0,https://creativecommons.org/licenses/by/3.0,"Dwight Burdette / Own work via Wikimedia Commons, CC BY 3.0",codex_commons_metadata_import,2026-06-07,embed_rights_cleared,"Imported from Wikimedia Commons API metadata for URL, license, attribution, and source page. Use as source-attributable photo/context proof only; not ingredient-label verification."
tootsie_roll,tootsie_roll__current_2020s__1071__2,https://commons.wikimedia.org/wiki/File%3ATootsie_rolls_%28768595072%29.jpg,Tootsie rolls photo - Wikimedia Commons,"Wikimedia Commons / Windell Oskay from Sunnyvale, CA, USA",Commons page crawled 2026-06; Commons DateTimeOriginal 2007-07-10 04:53; product/package date not independently verified by image import,https://upload.wikimedia.org/wikipedia/commons/5/55/Tootsie_rolls_%28768595072%29.jpg,https://upload.wikimedia.org/wikipedia/commons/thumb/5/55/Tootsie_rolls_%28768595072%29.jpg/960px-Tootsie_rolls_%28768595072%29.jpg,Wikimedia Commons CC BY 2.0 / Creative Commons Attribution 2.0,https://creativecommons.org/licenses/by/2.0,"Windell Oskay from Sunnyvale, CA, USA / Tootsie rolls via Wikimedia Commons, CC BY 2.0",codex_commons_metadata_import,2026-06-07,embed_rights_cleared,"Imported from Wikimedia Commons API metadata for URL, license, attribution, and source page. Use as source-attributable photo/context proof only; not ingredient-label verification."
totinos_pizza_rolls,totinos_pizza_rolls__2000s__828__2,https://commons.wikimedia.org/wiki/File:06_totinos_pizza_rolls_(3185559340).jpg,Totino's pizza rolls photo - Wikimedia Commons,Wikimedia Commons / Jason Lam,Observed in current web search on 2026-06-05; Commons result identifies Flickr photo ID and Totino's category context.; Commons DateTimeOriginal 2009-01-08 21:22; product/package date not independently verified by image import,https://upload.wikimedia.org/wikipedia/commons/8/8e/06_totinos_pizza_rolls_%283185559340%29.jpg,https://upload.wikimedia.org/wikipedia/commons/8/8e/06_totinos_pizza_rolls_%283185559340%29.jpg,Wikimedia Commons CC BY-SA 2.0 / Creative Commons Attribution-Share Alike 2.0,https://creativecommons.org/licenses/by-sa/2.0,"Jason Lam / 06 totinos pizza rolls via Wikimedia Commons, CC BY-SA 2.0",codex_commons_metadata_import,2026-06-07,embed_rights_cleared,"Imported from Wikimedia Commons API metadata for URL, license, attribution, and source page. Use as source-attributable photo/context proof only; not ingredient-label verification."
wendys_chili,wendys_chili__2010s__907__1,https://commons.wikimedia.org/wiki/File%3AWendy%27s_Chili.jpg,Wendy's Chili photo - Wikimedia Commons,Wikimedia Commons / RightCowLeftCoast,Observed in current web search on 2026-06-05; file summary says date 3 August 2018 according to EXIF and source own work.; Commons DateTimeOriginal 3 August 2018 (according to Exif data); product/package date not independently verified by image import,https://upload.wikimedia.org/wikipedia/commons/d/d0/Wendy%27s_Chili.jpg,https://upload.wikimedia.org/wikipedia/commons/thumb/d/d0/Wendy%27s_Chili.jpg/960px-Wendy%27s_Chili.jpg,Wikimedia Commons CC BY-SA 4.0 / Creative Commons Attribution-Share Alike 4.0,https://creativecommons.org/licenses/by-sa/4.0,"RightCowLeftCoast / Own work via Wikimedia Commons, CC BY-SA 4.0",codex_commons_metadata_import,2026-06-07,embed_rights_cleared,"Imported from Wikimedia Commons API metadata for URL, license, attribution, and source page. Use as source-attributable photo/context proof only; not ingredient-label verification."
wendys_chili,wendys_chili__earliest_verified_label__907__1,https://commons.wikimedia.org/wiki/File%3AWendy%27s_Chili.jpg,Wendy's Chili photo - Wikimedia Commons,Wikimedia Commons / RightCowLeftCoast,Observed in current web search on 2026-06-05; file summary says date 3 August 2018 according to EXIF and source own work.; Commons DateTimeOriginal 3 August 2018 (according to Exif data); product/package date not independently verified by image import,https://upload.wikimedia.org/wikipedia/commons/d/d0/Wendy%27s_Chili.jpg,https://upload.wikimedia.org/wikipedia/commons/thumb/d/d0/Wendy%27s_Chili.jpg/960px-Wendy%27s_Chili.jpg,Wikimedia Commons CC BY-SA 4.0 / Creative Commons Attribution-Share Alike 4.0,https://creativecommons.org/licenses/by-sa/4.0,"RightCowLeftCoast / Own work via Wikimedia Commons, CC BY-SA 4.0",codex_commons_metadata_import,2026-06-07,embed_rights_cleared,"Imported from Wikimedia Commons API metadata for URL, license, attribution, and source page. Use as source-attributable photo/context proof only; not ingredient-label verification."
