product_id,product_name,brand,category,vintage_label,evidence_id,evidence_kind,source_domain,source_url,source_title,source_owner,proof_lane,proof_lane_rank,ocr_priority,ocr_gap_category,ocr_access_state,ocr_recommended_action,registry_priority,promotion_blocker,ground_truth_fields_missing,image_reference,public_image_url,thumbnail_url,image_display_policy,rights_status,license_url,attribution_text,ingredient_panel_visible,nutrition_panel_visible,net_weight_visible,capture_strategy,crop_target,ocr_expected_surface,candidate_only,manual_verified
subway_italian_bmt,Subway Italian B.M.T.,Subway,fast food,2010s bridge,subway_italian_bmt__2010s__945__1,menu_or_nutrition_document,commons.wikimedia.org,https://commons.wikimedia.org/wiki/File%3A%22US_Product_Ingredient_Guide%22_%28April_2020%29%2C_Subway.pdf,Wikimedia Commons Subway US Product Ingredient Guide April 2020 PDF,Wikimedia Commons / Subway,primary_ingredient_panel,1,high,panel_capture_needed,external_image_reference_ready,"Download rights-cleared panel/document image into private cache, crop readable ingredient/nutrition surface first, run native OCR, and send candidate text to manual review.",95,OCR text is candidate-only; no ingredient claim promotion without manual verification metadata.,ocr_lines; ingredient_panel_visibility; corrected_text; reviewer; manual_verified,https://upload.wikimedia.org/wikipedia/commons/thumb/5/58/%22US_Product_Ingredient_Guide%22_%28April_2020%29%2C_Subway.pdf/page1-960px-%22US_Product_Ingredient_Guide%22_%28April_2020%29%2C_Subway.pdf.jpg,https://upload.wikimedia.org/wikipedia/commons/5/58/%22US_Product_Ingredient_Guide%22_%28April_2020%29%2C_Subway.pdf,https://upload.wikimedia.org/wikipedia/commons/thumb/5/58/%22US_Product_Ingredient_Guide%22_%28April_2020%29%2C_Subway.pdf/page1-960px-%22US_Product_Ingredient_Guide%22_%28April_2020%29%2C_Subway.pdf.jpg,embed_rights_cleared,Wikimedia Commons Public domain,,"Subway / https://web.archive.org/save/https://www.subway.com/~/media/USA/Documents/Nutrition/usProdIngredients.pdf via Wikimedia Commons, Public domain",candidate,,,direct_public_image_download,crop readable ingredient/nutrition/back-panel surface first,ingredient/nutrition document text if visible,1,0
subway_italian_bmt,Subway Italian B.M.T.,Subway,fast food,Earliest label hunt,subway_italian_bmt__earliest_verified_label__945__1,menu_or_nutrition_document,commons.wikimedia.org,https://commons.wikimedia.org/wiki/File%3A%22US_Product_Ingredient_Guide%22_%28April_2020%29%2C_Subway.pdf,Wikimedia Commons Subway US Product Ingredient Guide April 2020 PDF,Wikimedia Commons / Subway,primary_ingredient_panel,1,high,panel_capture_needed,external_image_reference_ready,"Download rights-cleared panel/document image into private cache, crop readable ingredient/nutrition surface first, run native OCR, and send candidate text to manual review.",95,OCR text is candidate-only; no ingredient claim promotion without manual verification metadata.,ocr_lines; ingredient_panel_visibility; corrected_text; reviewer; manual_verified,https://upload.wikimedia.org/wikipedia/commons/thumb/5/58/%22US_Product_Ingredient_Guide%22_%28April_2020%29%2C_Subway.pdf/page1-960px-%22US_Product_Ingredient_Guide%22_%28April_2020%29%2C_Subway.pdf.jpg,https://upload.wikimedia.org/wikipedia/commons/5/58/%22US_Product_Ingredient_Guide%22_%28April_2020%29%2C_Subway.pdf,https://upload.wikimedia.org/wikipedia/commons/thumb/5/58/%22US_Product_Ingredient_Guide%22_%28April_2020%29%2C_Subway.pdf/page1-960px-%22US_Product_Ingredient_Guide%22_%28April_2020%29%2C_Subway.pdf.jpg,embed_rights_cleared,Wikimedia Commons Public domain,,"Subway / https://web.archive.org/save/https://www.subway.com/~/media/USA/Documents/Nutrition/usProdIngredients.pdf via Wikimedia Commons, Public domain",candidate,,,direct_public_image_download,crop readable ingredient/nutrition/back-panel surface first,ingredient/nutrition document text if visible,1,0
7up_original,7UP Original,7UP,beverages,Earliest label hunt,7up_original__earliest_verified_label__1069__4,licensed_package_photo,commons.wikimedia.org,https://commons.wikimedia.org/wiki/File%3AOld_7_UP_bottles.jpg,Old 7 UP bottles - Wikimedia Commons,Wikimedia Commons / Lynette,secondary_product_context,2,medium,package_identity_review_needed,external_image_reference_ready,Download rights-cleared product image into private cache for broad OCR/identity context only; do not treat as ingredient proof unless OCR finds a readable panel signal.,45,OCR text is candidate-only; no ingredient claim promotion without manual verification metadata.,ocr_lines; ingredient_panel_visibility; corrected_text; reviewer; manual_verified,https://upload.wikimedia.org/wikipedia/commons/1/15/Old_7_UP_bottles.jpg,https://upload.wikimedia.org/wikipedia/commons/1/15/Old_7_UP_bottles.jpg,https://upload.wikimedia.org/wikipedia/commons/thumb/1/15/Old_7_UP_bottles.jpg/960px-Old_7_UP_bottles.jpg,embed_rights_cleared,Wikimedia Commons CC BY 2.0 / Creative Commons Attribution 2.0,https://creativecommons.org/licenses/by/2.0,"Lynette / https://www.flickr.com/photos/51981051@N08/4815400077/ via Wikimedia Commons, CC BY 2.0",,,,direct_public_image_download,secondary context scan; crop only if OCR or reviewer sees ingredient/nutrition panel,package/front text and any visible label clues; ingredient panel not guaranteed,1,0
ball_park_franks,Ball Park Franks,Ball Park,meat,1980s or earlier lead,ball_park_franks__1980s_or_earlier__990__1,licensed_package_photo,commons.wikimedia.org,https://commons.wikimedia.org/wiki/File%3AVintage_Ad_-780-_Baseball_Fans_Guide_to_Ball_Park_Franks_%283415970199%29.jpg,Wikimedia Commons 1976 Ball Park Franks vintage ad,"Wikimedia Commons / Jamie from Toronto, ON",secondary_product_context,2,medium,package_identity_review_needed,external_image_reference_ready,Download rights-cleared product image into private cache for broad OCR/identity context only; do not treat as ingredient proof unless OCR finds a readable panel signal.,45,OCR text is candidate-only; no ingredient claim promotion without manual verification metadata.,ocr_lines; ingredient_panel_visibility; corrected_text; reviewer; manual_verified,https://upload.wikimedia.org/wikipedia/commons/a/a6/Vintage_Ad_-780-_Baseball_Fans_Guide_to_Ball_Park_Franks_%283415970199%29.jpg,https://upload.wikimedia.org/wikipedia/commons/a/a6/Vintage_Ad_-780-_Baseball_Fans_Guide_to_Ball_Park_Franks_%283415970199%29.jpg,https://upload.wikimedia.org/wikipedia/commons/a/a6/Vintage_Ad_-780-_Baseball_Fans_Guide_to_Ball_Park_Franks_%283415970199%29.jpg,embed_rights_cleared,Wikimedia Commons CC BY 2.0 / Creative Commons Attribution 2.0,https://creativecommons.org/licenses/by/2.0,"Jamie from Toronto, ON / Vintage Ad #780: Baseball Fans Guide to Ball Park Franks via Wikimedia Commons, CC BY 2.0",,,,direct_public_image_download,secondary context scan; crop only if OCR or reviewer sees ingredient/nutrition panel,package/front text and any visible label clues; ingredient panel not guaranteed,1,0
ball_park_franks,Ball Park Franks,Ball Park,meat,2010s bridge,ball_park_franks__2010s__984__1,licensed_package_photo,commons.wikimedia.org,https://commons.wikimedia.org/wiki/File%3ABall_Park_Angus_Beef_Frank_%2836163721905%29.jpg,Wikimedia Commons Ball Park Angus Beef Frank package photo,Wikimedia Commons / Willis Lam,secondary_product_context,2,medium,package_identity_review_needed,external_image_reference_ready,Download rights-cleared product image into private cache for broad OCR/identity context only; do not treat as ingredient proof unless OCR finds a readable panel signal.,45,OCR text is candidate-only; no ingredient claim promotion without manual verification metadata.,ocr_lines; ingredient_panel_visibility; corrected_text; reviewer; manual_verified,https://upload.wikimedia.org/wikipedia/commons/d/d1/Ball_Park_Angus_Beef_Frank_%2836163721905%29.jpg,https://upload.wikimedia.org/wikipedia/commons/d/d1/Ball_Park_Angus_Beef_Frank_%2836163721905%29.jpg,https://upload.wikimedia.org/wikipedia/commons/thumb/d/d1/Ball_Park_Angus_Beef_Frank_%2836163721905%29.jpg/960px-Ball_Park_Angus_Beef_Frank_%2836163721905%29.jpg,embed_rights_cleared,Wikimedia Commons CC BY-SA 2.0 / Creative Commons Attribution-Share Alike 2.0,https://creativecommons.org/licenses/by-sa/2.0,"Willis Lam / Ball Park Angus Beef Frank via Wikimedia Commons, CC BY-SA 2.0",,,candidate,direct_public_image_download,secondary context scan; crop only if OCR or reviewer sees ingredient/nutrition panel,package/front text and any visible label clues; ingredient panel not guaranteed,1,0
ball_park_franks,Ball Park Franks,Ball Park,meat,Current SKU anchor,ball_park_franks__current_2020s__984__10,licensed_package_photo,commons.wikimedia.org,https://commons.wikimedia.org/wiki/File%3ABall_Park_Angus_Beef_Frank_%2836163721905%29.jpg,Wikimedia Commons Ball Park Angus Beef Frank package photo,Wikimedia Commons / Willis Lam,secondary_product_context,2,medium,package_identity_review_needed,external_image_reference_ready,Download rights-cleared product image into private cache for broad OCR/identity context only; do not treat as ingredient proof unless OCR finds a readable panel signal.,45,OCR text is candidate-only; no ingredient claim promotion without manual verification metadata.,ocr_lines; ingredient_panel_visibility; corrected_text; reviewer; manual_verified,https://upload.wikimedia.org/wikipedia/commons/d/d1/Ball_Park_Angus_Beef_Frank_%2836163721905%29.jpg,https://upload.wikimedia.org/wikipedia/commons/d/d1/Ball_Park_Angus_Beef_Frank_%2836163721905%29.jpg,https://upload.wikimedia.org/wikipedia/commons/thumb/d/d1/Ball_Park_Angus_Beef_Frank_%2836163721905%29.jpg/960px-Ball_Park_Angus_Beef_Frank_%2836163721905%29.jpg,embed_rights_cleared,Wikimedia Commons CC BY-SA 2.0 / Creative Commons Attribution-Share Alike 2.0,https://creativecommons.org/licenses/by-sa/2.0,"Willis Lam / Ball Park Angus Beef Frank via Wikimedia Commons, CC BY-SA 2.0",,,candidate,direct_public_image_download,secondary context scan; crop only if OCR or reviewer sees ingredient/nutrition panel,package/front text and any visible label clues; ingredient panel not guaranteed,1,0
ball_park_franks,Ball Park Franks,Ball Park,meat,Earliest label hunt,ball_park_franks__earliest_verified_label__990__1,licensed_package_photo,commons.wikimedia.org,https://commons.wikimedia.org/wiki/File%3AVintage_Ad_-780-_Baseball_Fans_Guide_to_Ball_Park_Franks_%283415970199%29.jpg,Wikimedia Commons 1976 Ball Park Franks vintage ad,"Wikimedia Commons / Jamie from Toronto, ON",secondary_product_context,2,medium,package_identity_review_needed,external_image_reference_ready,Download rights-cleared product image into private cache for broad OCR/identity context only; do not treat as ingredient proof unless OCR finds a readable panel signal.,45,OCR text is candidate-only; no ingredient claim promotion without manual verification metadata.,ocr_lines; ingredient_panel_visibility; corrected_text; reviewer; manual_verified,https://upload.wikimedia.org/wikipedia/commons/a/a6/Vintage_Ad_-780-_Baseball_Fans_Guide_to_Ball_Park_Franks_%283415970199%29.jpg,https://upload.wikimedia.org/wikipedia/commons/a/a6/Vintage_Ad_-780-_Baseball_Fans_Guide_to_Ball_Park_Franks_%283415970199%29.jpg,https://upload.wikimedia.org/wikipedia/commons/a/a6/Vintage_Ad_-780-_Baseball_Fans_Guide_to_Ball_Park_Franks_%283415970199%29.jpg,embed_rights_cleared,Wikimedia Commons CC BY 2.0 / Creative Commons Attribution 2.0,https://creativecommons.org/licenses/by/2.0,"Jamie from Toronto, ON / Vintage Ad #780: Baseball Fans Guide to Ball Park Franks via Wikimedia Commons, CC BY 2.0",,,,direct_public_image_download,secondary context scan; crop only if OCR or reviewer sees ingredient/nutrition panel,package/front text and any visible label clues; ingredient panel not guaranteed,1,0
campbells_chicken_noodle_soup,Campbell's Chicken Noodle Soup,Campbell's,soup,2010s bridge,campbells_chicken_noodle_soup__2010s__178__1,licensed_package_photo,commons.wikimedia.org,https://commons.wikimedia.org/wiki/File%3ACampbell%27s_Chicken_Noodle_Soup_%2816184220183%29.jpg,Campbell's Chicken Noodle Soup Can Photo - Wikimedia Commons,Wikimedia Commons / Willis Lam,secondary_product_context,2,medium,package_identity_review_needed,external_image_reference_ready,Download rights-cleared product image into private cache for broad OCR/identity context only; do not treat as ingredient proof unless OCR finds a readable panel signal.,45,OCR text is candidate-only; no ingredient claim promotion without manual verification metadata.,ocr_lines; ingredient_panel_visibility; corrected_text; reviewer; manual_verified,https://upload.wikimedia.org/wikipedia/commons/0/0d/Campbell%27s_Chicken_Noodle_Soup_%2816184220183%29.jpg,https://upload.wikimedia.org/wikipedia/commons/0/0d/Campbell%27s_Chicken_Noodle_Soup_%2816184220183%29.jpg,https://upload.wikimedia.org/wikipedia/commons/0/0d/Campbell%27s_Chicken_Noodle_Soup_%2816184220183%29.jpg,embed_rights_cleared,Wikimedia Commons CC BY-SA 2.0 / Creative Commons Attribution-Share Alike 2.0,https://creativecommons.org/licenses/by-sa/2.0,"Willis Lam / Campbell's Chicken Noodle Soup via Wikimedia Commons, CC BY-SA 2.0",,,,direct_public_image_download,secondary context scan; crop only if OCR or reviewer sees ingredient/nutrition panel,package/front text and any visible label clues; ingredient panel not guaranteed,1,0
campbells_tomato_soup,Campbell's Condensed Tomato Soup,Campbell's,soup,Earliest bounded chapter; 1980s or earlier,campbells_tomato_soup_evidence_1,licensed_package_photo,commons.wikimedia.org,https://commons.wikimedia.org/wiki/File%3ACampbell%27s_Condensed_Tomato_Soup%2C_1905.jpg,Wikimedia Commons Campbell's Condensed Tomato Soup 1905 file page,"Wikimedia Commons / Hill, Janet McKenzie, 1852-1933, ed; Boston Cooking School (Boston, Mass.)",secondary_product_context,2,medium,package_identity_review_needed,external_image_reference_ready,Download rights-cleared product image into private cache for broad OCR/identity context only; do not treat as ingredient proof unless OCR finds a readable panel signal.,45,OCR text is candidate-only; no ingredient claim promotion without manual verification metadata.,ocr_lines; ingredient_panel_visibility; corrected_text; reviewer; manual_verified,https://upload.wikimedia.org/wikipedia/commons/6/60/Campbell%27s_Condensed_Tomato_Soup%2C_1905.jpg,https://upload.wikimedia.org/wikipedia/commons/6/60/Campbell%27s_Condensed_Tomato_Soup%2C_1905.jpg,https://upload.wikimedia.org/wikipedia/commons/thumb/6/60/Campbell%27s_Condensed_Tomato_Soup%2C_1905.jpg/960px-Campbell%27s_Condensed_Tomato_Soup%2C_1905.jpg,embed_rights_cleared,Wikimedia Commons No restrictions / No known copyright restrictions,https://www.flickr.com/commons/usage/,"Hill, Janet McKenzie, 1852-1933, ed; Boston Cooking School (Boston, Mass.) / https://www.flickr.com/photos/internetarchivebookimages/14770225631/ Source book page: https://archive.org/stream/bostoncookingsch19hill_4/bostoncookingsch19hill_4#page/n644/mode/1up via Wikimedia Commons, No restrictions",,,,direct_public_image_download,secondary context scan; crop only if OCR or reviewer sees ingredient/nutrition panel,package/front text and any visible label clues; ingredient panel not guaranteed,1,0
coca_cola_classic,Coca-Cola Classic,Coca-Cola,beverages,Earliest bounded chapter; 1980s or earlier,coca_cola_classic_evidence_0,licensed_package_photo,commons.wikimedia.org,https://commons.wikimedia.org/wiki/File%3AOld_coca_cola_cans_1952.jpg,Old Coca-Cola cans 1952 - Wikimedia Commons,Wikimedia Commons / Amada44,secondary_product_context,2,medium,package_identity_review_needed,external_image_reference_ready,Download rights-cleared product image into private cache for broad OCR/identity context only; do not treat as ingredient proof unless OCR finds a readable panel signal.,45,OCR text is candidate-only; no ingredient claim promotion without manual verification metadata.,ocr_lines; ingredient_panel_visibility; corrected_text; reviewer; manual_verified,https://upload.wikimedia.org/wikipedia/commons/0/0c/Old_coca_cola_cans_1952.jpg,https://upload.wikimedia.org/wikipedia/commons/0/0c/Old_coca_cola_cans_1952.jpg,https://upload.wikimedia.org/wikipedia/commons/thumb/0/0c/Old_coca_cola_cans_1952.jpg/960px-Old_coca_cola_cans_1952.jpg,embed_rights_cleared,Wikimedia Commons CC BY-SA 3.0 / Creative Commons Attribution-Share Alike 3.0,https://creativecommons.org/licenses/by-sa/3.0,"Amada44 / Own work via Wikimedia Commons, CC BY-SA 3.0",,,,direct_public_image_download,secondary context scan; crop only if OCR or reviewer sees ingredient/nutrition panel,package/front text and any visible label clues; ingredient panel not guaranteed,1,0
doritos_nacho_cheese,Doritos Nacho Cheese,Doritos,chips,2000s bridge; 2010s bridge,doritos_nacho_cheese_evidence_6,licensed_package_photo,commons.wikimedia.org,https://commons.wikimedia.org/wiki/File%3ADoritos_bag.jpg,Doritos bag - Wikimedia Commons,Wikimedia Commons / kundl,secondary_product_context,2,medium,package_identity_review_needed,external_image_reference_ready,Download rights-cleared product image into private cache for broad OCR/identity context only; do not treat as ingredient proof unless OCR finds a readable panel signal.,45,OCR text is candidate-only; no ingredient claim promotion without manual verification metadata.,ocr_lines; ingredient_panel_visibility; corrected_text; reviewer; manual_verified,https://upload.wikimedia.org/wikipedia/commons/4/43/Doritos_bag.jpg,https://upload.wikimedia.org/wikipedia/commons/4/43/Doritos_bag.jpg,https://upload.wikimedia.org/wikipedia/commons/thumb/4/43/Doritos_bag.jpg/960px-Doritos_bag.jpg,embed_rights_cleared,Wikimedia Commons CC BY 2.0 / Creative Commons Attribution 2.0,https://creativecommons.org/licenses/by/2.0,"kundl / Comida Chatarra Uploaded by JohnnyMrNinja via Wikimedia Commons, CC BY 2.0",,,,direct_public_image_download,secondary context scan; crop only if OCR or reviewer sees ingredient/nutrition panel,package/front text and any visible label clues; ingredient panel not guaranteed,1,0
frenchs_yellow_mustard,French's Classic Yellow Mustard,French's,condiments,2000s bridge,frenchs_yellow_mustard__2000s__811__1,licensed_package_photo,commons.wikimedia.org,https://commons.wikimedia.org/wiki/File:French%27s_classic_yellow_mustard.jpg,"French's classic yellow mustard bottle photo, 2006 - Wikimedia Commons",Wikimedia Commons / User:Aeæ~commonswiki,secondary_product_context,2,medium,package_identity_review_needed,external_image_reference_ready,Download rights-cleared product image into private cache for broad OCR/identity context only; do not treat as ingredient proof unless OCR finds a readable panel signal.,45,OCR text is candidate-only; no ingredient claim promotion without manual verification metadata.,ocr_lines; ingredient_panel_visibility; corrected_text; reviewer; manual_verified,https://upload.wikimedia.org/wikipedia/commons/f/f7/French%27s_classic_yellow_mustard.jpg,https://upload.wikimedia.org/wikipedia/commons/f/f7/French%27s_classic_yellow_mustard.jpg,https://upload.wikimedia.org/wikipedia/commons/thumb/f/f7/French%27s_classic_yellow_mustard.jpg/960px-French%27s_classic_yellow_mustard.jpg,embed_rights_cleared,Wikimedia Commons CC BY-SA 3.0 / Creative Commons Attribution-Share Alike 3.0,http://creativecommons.org/licenses/by-sa/3.0/,"User:Aeæ~commonswiki / Own work via Wikimedia Commons, CC BY-SA 3.0",,,candidate,direct_public_image_download,secondary context scan; crop only if OCR or reviewer sees ingredient/nutrition panel,package/front text and any visible label clues; ingredient panel not guaranteed,1,0
frenchs_yellow_mustard,French's Classic Yellow Mustard,French's,condiments,Earliest label hunt,frenchs_yellow_mustard__earliest_verified_label__811__1,licensed_package_photo,commons.wikimedia.org,https://commons.wikimedia.org/wiki/File:French%27s_classic_yellow_mustard.jpg,"French's classic yellow mustard bottle photo, 2006 - Wikimedia Commons",Wikimedia Commons / User:Aeæ~commonswiki,secondary_product_context,2,medium,package_identity_review_needed,external_image_reference_ready,Download rights-cleared product image into private cache for broad OCR/identity context only; do not treat as ingredient proof unless OCR finds a readable panel signal.,45,OCR text is candidate-only; no ingredient claim promotion without manual verification metadata.,ocr_lines; ingredient_panel_visibility; corrected_text; reviewer; manual_verified,https://upload.wikimedia.org/wikipedia/commons/f/f7/French%27s_classic_yellow_mustard.jpg,https://upload.wikimedia.org/wikipedia/commons/f/f7/French%27s_classic_yellow_mustard.jpg,https://upload.wikimedia.org/wikipedia/commons/thumb/f/f7/French%27s_classic_yellow_mustard.jpg/960px-French%27s_classic_yellow_mustard.jpg,embed_rights_cleared,Wikimedia Commons CC BY-SA 3.0 / Creative Commons Attribution-Share Alike 3.0,http://creativecommons.org/licenses/by-sa/3.0/,"User:Aeæ~commonswiki / Own work via Wikimedia Commons, CC BY-SA 3.0",,,candidate,direct_public_image_download,secondary context scan; crop only if OCR or reviewer sees ingredient/nutrition panel,package/front text and any visible label clues; ingredient panel not guaranteed,1,0
gatorade_lemon_lime,Gatorade Lemon-Lime,Gatorade,beverages,1980s or earlier lead,gatorade_lemon_lime__1980s_or_earlier__660__2,licensed_package_photo,commons.wikimedia.org,https://commons.wikimedia.org/wiki/File%3AGatoradeOriginalGlassBottle.jpg,Gatorade original-era glass bottle image - Wikimedia Commons,Wikimedia Commons / Jeff Taylor,secondary_product_context,2,medium,package_identity_review_needed,external_image_reference_ready,Download rights-cleared product image into private cache for broad OCR/identity context only; do not treat as ingredient proof unless OCR finds a readable panel signal.,45,OCR text is candidate-only; no ingredient claim promotion without manual verification metadata.,ocr_lines; ingredient_panel_visibility; corrected_text; reviewer; manual_verified,https://upload.wikimedia.org/wikipedia/commons/1/1f/GatoradeOriginalGlassBottle.jpg,https://upload.wikimedia.org/wikipedia/commons/1/1f/GatoradeOriginalGlassBottle.jpg,https://upload.wikimedia.org/wikipedia/commons/1/1f/GatoradeOriginalGlassBottle.jpg,embed_rights_cleared,Wikimedia Commons CC BY-SA 2.0 / Creative Commons Attribution-Share Alike 2.0,https://creativecommons.org/licenses/by-sa/2.0,"Jeff Taylor / Flickr : GatoradeOriginalGlassBottle via Wikimedia Commons, CC BY-SA 2.0",,,,direct_public_image_download,secondary context scan; crop only if OCR or reviewer sees ingredient/nutrition panel,package/front text and any visible label clues; ingredient panel not guaranteed,1,0
gatorade_lemon_lime,Gatorade Lemon-Lime,Gatorade,beverages,Earliest label hunt,gatorade_lemon_lime__earliest_verified_label__660__4,licensed_package_photo,commons.wikimedia.org,https://commons.wikimedia.org/wiki/File%3AGatoradeOriginalGlassBottle.jpg,Gatorade original-era glass bottle image - Wikimedia Commons,Wikimedia Commons / Jeff Taylor,secondary_product_context,2,medium,package_identity_review_needed,external_image_reference_ready,Download rights-cleared product image into private cache for broad OCR/identity context only; do not treat as ingredient proof unless OCR finds a readable panel signal.,45,OCR text is candidate-only; no ingredient claim promotion without manual verification metadata.,ocr_lines; ingredient_panel_visibility; corrected_text; reviewer; manual_verified,https://upload.wikimedia.org/wikipedia/commons/1/1f/GatoradeOriginalGlassBottle.jpg,https://upload.wikimedia.org/wikipedia/commons/1/1f/GatoradeOriginalGlassBottle.jpg,https://upload.wikimedia.org/wikipedia/commons/1/1f/GatoradeOriginalGlassBottle.jpg,embed_rights_cleared,Wikimedia Commons CC BY-SA 2.0 / Creative Commons Attribution-Share Alike 2.0,https://creativecommons.org/licenses/by-sa/2.0,"Jeff Taylor / Flickr : GatoradeOriginalGlassBottle via Wikimedia Commons, CC BY-SA 2.0",,,,direct_public_image_download,secondary context scan; crop only if OCR or reviewer sees ingredient/nutrition panel,package/front text and any visible label clues; ingredient panel not guaranteed,1,0
hersheys_milk_chocolate_bar,Hershey's Milk Chocolate Bar,Hershey's,candy,2000s bridge,hersheys_milk_chocolate_bar__2000s__152__2,licensed_package_photo,commons.wikimedia.org,https://commons.wikimedia.org/wiki/File%3AHershey%27s_Milk_Chocolate_wrapper_%282002%29.jpg,"Hershey's Milk Chocolate Wrapper, 2002 - Wikimedia Commons",Wikimedia Commons / Hershey Company,secondary_product_context,2,medium,package_identity_review_needed,external_image_reference_ready,Download rights-cleared product image into private cache for broad OCR/identity context only; do not treat as ingredient proof unless OCR finds a readable panel signal.,45,OCR text is candidate-only; no ingredient claim promotion without manual verification metadata.,ocr_lines; ingredient_panel_visibility; corrected_text; reviewer; manual_verified,https://upload.wikimedia.org/wikipedia/commons/a/a8/Hershey%27s_Milk_Chocolate_wrapper_%282002%29.jpg,https://upload.wikimedia.org/wikipedia/commons/a/a8/Hershey%27s_Milk_Chocolate_wrapper_%282002%29.jpg,https://upload.wikimedia.org/wikipedia/commons/a/a8/Hershey%27s_Milk_Chocolate_wrapper_%282002%29.jpg,embed_rights_cleared,Wikimedia Commons Public domain,,"Hershey Company / http://www.mikescandywrappers.com/photos/hersheys0902.jpg via Wikimedia Commons, Public domain",,,,direct_public_image_download,secondary context scan; crop only if OCR or reviewer sees ingredient/nutrition panel,package/front text and any visible label clues; ingredient panel not guaranteed,1,0
hostess_cupcakes,Hostess CupCakes,Hostess,snack cakes,2010s bridge,hostess_cupcakes__2010s__970__1,licensed_package_photo,commons.wikimedia.org,https://commons.wikimedia.org/wiki/File%3AHostess_and_7-Eleven_Chocolate_Cupcakes_%2818772520972%29.jpg,Wikimedia Commons Hostess and 7-Eleven Chocolate Cupcakes photo,Wikimedia Commons / Willis Lam,secondary_product_context,2,medium,package_identity_review_needed,external_image_reference_ready,Download rights-cleared product image into private cache for broad OCR/identity context only; do not treat as ingredient proof unless OCR finds a readable panel signal.,45,OCR text is candidate-only; no ingredient claim promotion without manual verification metadata.,ocr_lines; ingredient_panel_visibility; corrected_text; reviewer; manual_verified,https://upload.wikimedia.org/wikipedia/commons/1/1d/Hostess_and_7-Eleven_Chocolate_Cupcakes_%2818772520972%29.jpg,https://upload.wikimedia.org/wikipedia/commons/1/1d/Hostess_and_7-Eleven_Chocolate_Cupcakes_%2818772520972%29.jpg,https://upload.wikimedia.org/wikipedia/commons/thumb/1/1d/Hostess_and_7-Eleven_Chocolate_Cupcakes_%2818772520972%29.jpg/960px-Hostess_and_7-Eleven_Chocolate_Cupcakes_%2818772520972%29.jpg,embed_rights_cleared,Wikimedia Commons CC BY-SA 2.0 / Creative Commons Attribution-Share Alike 2.0,https://creativecommons.org/licenses/by-sa/2.0,"Willis Lam / Hostess and 7-Eleven Chocolate Cupcakes via Wikimedia Commons, CC BY-SA 2.0",,,candidate,direct_public_image_download,secondary context scan; crop only if OCR or reviewer sees ingredient/nutrition panel,package/front text and any visible label clues; ingredient panel not guaranteed,1,0
jif_creamy_peanut_butter,Jif Creamy Peanut Butter,Jif,spreads,2010s bridge,jif_creamy_peanut_butter__2010s__187__1,licensed_package_photo,commons.wikimedia.org,https://commons.wikimedia.org/wiki/File%3AJif_Peanut_Butter_-_14938583767.jpg,Jif Creamy Peanut Butter Jar Photo - Wikimedia Commons,Wikimedia Commons / Mike Mozart,secondary_product_context,2,medium,package_identity_review_needed,external_image_reference_ready,Download rights-cleared product image into private cache for broad OCR/identity context only; do not treat as ingredient proof unless OCR finds a readable panel signal.,45,OCR text is candidate-only; no ingredient claim promotion without manual verification metadata.,ocr_lines; ingredient_panel_visibility; corrected_text; reviewer; manual_verified,https://upload.wikimedia.org/wikipedia/commons/9/94/Jif_Peanut_Butter_-_14938583767.jpg,https://upload.wikimedia.org/wikipedia/commons/9/94/Jif_Peanut_Butter_-_14938583767.jpg,https://upload.wikimedia.org/wikipedia/commons/thumb/9/94/Jif_Peanut_Butter_-_14938583767.jpg/960px-Jif_Peanut_Butter_-_14938583767.jpg,embed_rights_cleared,Wikimedia Commons CC BY 2.0 / Creative Commons Attribution 2.0,https://creativecommons.org/licenses/by/2.0,"Mike Mozart / https://www.flickr.com/photos/jeepersmedia/14938583767/ via Wikimedia Commons, CC BY 2.0",,,,direct_public_image_download,secondary context scan; crop only if OCR or reviewer sees ingredient/nutrition panel,package/front text and any visible label clues; ingredient panel not guaranteed,1,0
corn_flakes,Kellogg's Corn Flakes,Kellogg's,cereal,2010s bridge,corn_flakes__2010s__149__1,licensed_package_photo,commons.wikimedia.org,https://commons.wikimedia.org/wiki/File%3ACorn_flakes_boxes.jpg,Corn Flakes Boxes - Wikimedia Commons,Wikimedia Commons / Tom Ipri,secondary_product_context,2,medium,package_identity_review_needed,external_image_reference_ready,Download rights-cleared product image into private cache for broad OCR/identity context only; do not treat as ingredient proof unless OCR finds a readable panel signal.,45,OCR text is candidate-only; no ingredient claim promotion without manual verification metadata.,ocr_lines; ingredient_panel_visibility; corrected_text; reviewer; manual_verified,https://upload.wikimedia.org/wikipedia/commons/c/c7/Corn_flakes_boxes.jpg,https://upload.wikimedia.org/wikipedia/commons/c/c7/Corn_flakes_boxes.jpg,https://upload.wikimedia.org/wikipedia/commons/thumb/c/c7/Corn_flakes_boxes.jpg/960px-Corn_flakes_boxes.jpg,embed_rights_cleared,Wikimedia Commons CC BY-SA 2.0 / Creative Commons Attribution-Share Alike 2.0,https://creativecommons.org/licenses/by-sa/2.0,"Tom Ipri / https://www.flickr.com/photos/tomspix/6059855014/ via Wikimedia Commons, CC BY-SA 2.0",,,,direct_public_image_download,secondary context scan; crop only if OCR or reviewer sees ingredient/nutrition panel,package/front text and any visible label clues; ingredient panel not guaranteed,1,0
mountain_dew_original,Mountain Dew Original,Mountain Dew,beverages,2000s bridge,mountain_dew_original__2000s__994__1,licensed_package_photo,commons.wikimedia.org,https://commons.wikimedia.org/wiki/File%3AGlass_Mountain_Dew_Bottle_%2822101626%29.jpg,Wikimedia Commons glass Mountain Dew bottle photo,"Wikimedia Commons / Jeramey Jannene from Milwaukee, WI, United States of America",secondary_product_context,2,medium,package_identity_review_needed,external_image_reference_ready,Download rights-cleared product image into private cache for broad OCR/identity context only; do not treat as ingredient proof unless OCR finds a readable panel signal.,45,OCR text is candidate-only; no ingredient claim promotion without manual verification metadata.,ocr_lines; ingredient_panel_visibility; corrected_text; reviewer; manual_verified,https://upload.wikimedia.org/wikipedia/commons/2/21/Glass_Mountain_Dew_Bottle_%2822101626%29.jpg,https://upload.wikimedia.org/wikipedia/commons/2/21/Glass_Mountain_Dew_Bottle_%2822101626%29.jpg,https://upload.wikimedia.org/wikipedia/commons/thumb/2/21/Glass_Mountain_Dew_Bottle_%2822101626%29.jpg/960px-Glass_Mountain_Dew_Bottle_%2822101626%29.jpg,embed_rights_cleared,Wikimedia Commons CC BY 2.0 / Creative Commons Attribution 2.0,https://creativecommons.org/licenses/by/2.0,"Jeramey Jannene from Milwaukee, WI, United States of America / Glass Mountain Dew Bottle via Wikimedia Commons, CC BY 2.0",,,,direct_public_image_download,secondary context scan; crop only if OCR or reviewer sees ingredient/nutrition panel,package/front text and any visible label clues; ingredient panel not guaranteed,1,0
philadelphia_cream_cheese_original,Philadelphia Original Cream Cheese,Philadelphia,dairy,Earliest label hunt,philadelphia_cream_cheese_original__earliest_verified_label__1063__2,licensed_package_photo,commons.wikimedia.org,https://commons.wikimedia.org/wiki/File%3AKraft_Philadelphia_Brand_Cream_Cheese%2C_1948.jpg,"Kraft Philadelphia Brand Cream Cheese, 1948 - Wikimedia Commons",Wikimedia Commons / Internet Archive Book Images,secondary_product_context,2,medium,package_identity_review_needed,external_image_reference_ready,Download rights-cleared product image into private cache for broad OCR/identity context only; do not treat as ingredient proof unless OCR finds a readable panel signal.,45,OCR text is candidate-only; no ingredient claim promotion without manual verification metadata.,ocr_lines; ingredient_panel_visibility; corrected_text; reviewer; manual_verified,https://upload.wikimedia.org/wikipedia/commons/1/18/Kraft_Philadelphia_Brand_Cream_Cheese%2C_1948.jpg,https://upload.wikimedia.org/wikipedia/commons/1/18/Kraft_Philadelphia_Brand_Cream_Cheese%2C_1948.jpg,https://upload.wikimedia.org/wikipedia/commons/thumb/1/18/Kraft_Philadelphia_Brand_Cream_Cheese%2C_1948.jpg/960px-Kraft_Philadelphia_Brand_Cream_Cheese%2C_1948.jpg,embed_rights_cleared,Wikimedia Commons No restrictions / No known copyright restrictions,https://www.flickr.com/commons/usage/,"Internet Archive Book Images / https://www.flickr.com/photos/internetarchivebookimages/14579882757/ Source book page: https://archive.org/stream/ladieshomejourna65janwyet/ladieshomejourna65janwyet#page/n538/mode/1up via Wikimedia Commons, No restrictions",,,,direct_public_image_download,secondary context scan; crop only if OCR or reviewer sees ingredient/nutrition panel,package/front text and any visible label clues; ingredient panel not guaranteed,1,0
philadelphia_cream_cheese_original,Philadelphia Original Cream Cheese,Philadelphia,dairy,Earliest label hunt,philadelphia_cream_cheese_original__earliest_verified_label__212__1,licensed_package_photo,commons.wikimedia.org,https://commons.wikimedia.org/wiki/File%3AKraft_Philadelphia_Brand_Cream_Cheese%2C_1948_%282%29.jpg,"Kraft Philadelphia Brand Cream Cheese Advertisement, 1948 - Wikimedia Commons",Wikimedia Commons / Internet Archive Book Images,secondary_product_context,2,medium,package_identity_review_needed,external_image_reference_ready,Download rights-cleared product image into private cache for broad OCR/identity context only; do not treat as ingredient proof unless OCR finds a readable panel signal.,45,OCR text is candidate-only; no ingredient claim promotion without manual verification metadata.,ocr_lines; ingredient_panel_visibility; corrected_text; reviewer; manual_verified,https://upload.wikimedia.org/wikipedia/commons/3/39/Kraft_Philadelphia_Brand_Cream_Cheese%2C_1948_%282%29.jpg,https://upload.wikimedia.org/wikipedia/commons/3/39/Kraft_Philadelphia_Brand_Cream_Cheese%2C_1948_%282%29.jpg,https://upload.wikimedia.org/wikipedia/commons/thumb/3/39/Kraft_Philadelphia_Brand_Cream_Cheese%2C_1948_%282%29.jpg/960px-Kraft_Philadelphia_Brand_Cream_Cheese%2C_1948_%282%29.jpg,embed_rights_cleared,Wikimedia Commons No restrictions / No known copyright restrictions,https://www.flickr.com/commons/usage/,"Internet Archive Book Images / https://www.flickr.com/photos/internetarchivebookimages/14581721927/ Source book page: https://archive.org/stream/ladieshomejourna65janwyet/ladieshomejourna65janwyet#page/n1218/mode/1up via Wikimedia Commons, No restrictions",,,,direct_public_image_download,secondary context scan; crop only if OCR or reviewer sees ingredient/nutrition panel,package/front text and any visible label clues; ingredient panel not guaranteed,1,0
quaker_old_fashioned_oats,Quaker Old Fashioned Oats,Quaker,breakfast,1980s or earlier lead,quaker_old_fashioned_oats__1980s_or_earlier__664__1,licensed_package_photo,commons.wikimedia.org,https://commons.wikimedia.org/wiki/File%3AQuaker_Oats_%283092914571%29.jpg,Quaker Oats package photo - Wikimedia Commons,Wikimedia Commons / Miami U. Libraries - Digital Collections,secondary_product_context,2,medium,package_identity_review_needed,external_image_reference_ready,Download rights-cleared product image into private cache for broad OCR/identity context only; do not treat as ingredient proof unless OCR finds a readable panel signal.,45,OCR text is candidate-only; no ingredient claim promotion without manual verification metadata.,ocr_lines; ingredient_panel_visibility; corrected_text; reviewer; manual_verified,https://upload.wikimedia.org/wikipedia/commons/1/1e/Quaker_Oats_%283092914571%29.jpg,https://upload.wikimedia.org/wikipedia/commons/1/1e/Quaker_Oats_%283092914571%29.jpg,https://upload.wikimedia.org/wikipedia/commons/1/1e/Quaker_Oats_%283092914571%29.jpg,embed_rights_cleared,Wikimedia Commons Public domain,,"Miami U. Libraries - Digital Collections / https://www.flickr.com/photos/muohio_digital_collections/3092914571/ via Wikimedia Commons, Public domain",,,,direct_public_image_download,secondary context scan; crop only if OCR or reviewer sees ingredient/nutrition panel,package/front text and any visible label clues; ingredient panel not guaranteed,1,0
quaker_old_fashioned_oats,Quaker Old Fashioned Oats,Quaker,breakfast,Earliest label hunt,quaker_old_fashioned_oats__earliest_verified_label__664__2,licensed_package_photo,commons.wikimedia.org,https://commons.wikimedia.org/wiki/File%3AQuaker_Oats_%283092914571%29.jpg,Quaker Oats package photo - Wikimedia Commons,Wikimedia Commons / Miami U. Libraries - Digital Collections,secondary_product_context,2,medium,package_identity_review_needed,external_image_reference_ready,Download rights-cleared product image into private cache for broad OCR/identity context only; do not treat as ingredient proof unless OCR finds a readable panel signal.,45,OCR text is candidate-only; no ingredient claim promotion without manual verification metadata.,ocr_lines; ingredient_panel_visibility; corrected_text; reviewer; manual_verified,https://upload.wikimedia.org/wikipedia/commons/1/1e/Quaker_Oats_%283092914571%29.jpg,https://upload.wikimedia.org/wikipedia/commons/1/1e/Quaker_Oats_%283092914571%29.jpg,https://upload.wikimedia.org/wikipedia/commons/1/1e/Quaker_Oats_%283092914571%29.jpg,embed_rights_cleared,Wikimedia Commons Public domain,,"Miami U. Libraries - Digital Collections / https://www.flickr.com/photos/muohio_digital_collections/3092914571/ via Wikimedia Commons, Public domain",,,,direct_public_image_download,secondary context scan; crop only if OCR or reviewer sees ingredient/nutrition panel,package/front text and any visible label clues; ingredient panel not guaranteed,1,0
spam_classic,SPAM Classic,SPAM,meat,Current SKU anchor,spam_classic__current_2020s__189__6,licensed_package_photo,commons.wikimedia.org,https://commons.wikimedia.org/wiki/File%3AGiant_Spam_Can%2C_SPAM_Museum%2C_Austin_MN_%2834206815801%29.jpg,"Giant SPAM Can, SPAM Museum - Wikimedia Commons","Wikimedia Commons / Lorie Shaull from Washington, United States",secondary_product_context,2,medium,package_identity_review_needed,external_image_reference_ready,Download rights-cleared product image into private cache for broad OCR/identity context only; do not treat as ingredient proof unless OCR finds a readable panel signal.,45,OCR text is candidate-only; no ingredient claim promotion without manual verification metadata.,ocr_lines; ingredient_panel_visibility; corrected_text; reviewer; manual_verified,https://upload.wikimedia.org/wikipedia/commons/7/72/Giant_Spam_Can%2C_SPAM_Museum%2C_Austin_MN_%2834206815801%29.jpg,https://upload.wikimedia.org/wikipedia/commons/7/72/Giant_Spam_Can%2C_SPAM_Museum%2C_Austin_MN_%2834206815801%29.jpg,https://upload.wikimedia.org/wikipedia/commons/thumb/7/72/Giant_Spam_Can%2C_SPAM_Museum%2C_Austin_MN_%2834206815801%29.jpg/960px-Giant_Spam_Can%2C_SPAM_Museum%2C_Austin_MN_%2834206815801%29.jpg,embed_rights_cleared,Wikimedia Commons CC BY-SA 2.0 / Creative Commons Attribution-Share Alike 2.0,https://creativecommons.org/licenses/by-sa/2.0,"Lorie Shaull from Washington, United States / Giant Spam Can, SPAM Museum, Austin MN via Wikimedia Commons, CC BY-SA 2.0",,,,direct_public_image_download,secondary context scan; crop only if OCR or reviewer sees ingredient/nutrition panel,package/front text and any visible label clues; ingredient panel not guaranteed,1,0
sunchips_harvest_cheddar,SunChips Harvest Cheddar,SunChips,chips,2010s bridge,sunchips_harvest_cheddar__2010s__165__1,licensed_package_photo,commons.wikimedia.org,https://commons.wikimedia.org/wiki/File%3AHarvest_Cheddar_Sunchips.JPG,Wikimedia Commons Harvest Cheddar SunChips package photo,Wikimedia Commons / Dwight Burdette,secondary_product_context,2,medium,package_identity_review_needed,external_image_reference_ready,Download rights-cleared product image into private cache for broad OCR/identity context only; do not treat as ingredient proof unless OCR finds a readable panel signal.,45,OCR text is candidate-only; no ingredient claim promotion without manual verification metadata.,ocr_lines; ingredient_panel_visibility; corrected_text; reviewer; manual_verified,https://upload.wikimedia.org/wikipedia/commons/9/97/Harvest_Cheddar_Sunchips.JPG,https://upload.wikimedia.org/wikipedia/commons/9/97/Harvest_Cheddar_Sunchips.JPG,https://upload.wikimedia.org/wikipedia/commons/thumb/9/97/Harvest_Cheddar_Sunchips.JPG/960px-Harvest_Cheddar_Sunchips.JPG,embed_rights_cleared,Wikimedia Commons CC BY 3.0 / Creative Commons Attribution 3.0,https://creativecommons.org/licenses/by/3.0,"Dwight Burdette / Own work via Wikimedia Commons, CC BY 3.0",,,,direct_public_image_download,secondary context scan; crop only if OCR or reviewer sees ingredient/nutrition panel,package/front text and any visible label clues; ingredient panel not guaranteed,1,0
sunchips_harvest_cheddar,SunChips Harvest Cheddar,SunChips,chips,Current SKU anchor,sunchips_harvest_cheddar__current_2020s__165__4,licensed_package_photo,commons.wikimedia.org,https://commons.wikimedia.org/wiki/File%3AHarvest_Cheddar_Sunchips.JPG,Wikimedia Commons Harvest Cheddar SunChips package photo,Wikimedia Commons / Dwight Burdette,secondary_product_context,2,medium,package_identity_review_needed,external_image_reference_ready,Download rights-cleared product image into private cache for broad OCR/identity context only; do not treat as ingredient proof unless OCR finds a readable panel signal.,45,OCR text is candidate-only; no ingredient claim promotion without manual verification metadata.,ocr_lines; ingredient_panel_visibility; corrected_text; reviewer; manual_verified,https://upload.wikimedia.org/wikipedia/commons/9/97/Harvest_Cheddar_Sunchips.JPG,https://upload.wikimedia.org/wikipedia/commons/9/97/Harvest_Cheddar_Sunchips.JPG,https://upload.wikimedia.org/wikipedia/commons/thumb/9/97/Harvest_Cheddar_Sunchips.JPG/960px-Harvest_Cheddar_Sunchips.JPG,embed_rights_cleared,Wikimedia Commons CC BY 3.0 / Creative Commons Attribution 3.0,https://creativecommons.org/licenses/by/3.0,"Dwight Burdette / Own work via Wikimedia Commons, CC BY 3.0",,,,direct_public_image_download,secondary context scan; crop only if OCR or reviewer sees ingredient/nutrition panel,package/front text and any visible label clues; ingredient panel not guaranteed,1,0
tootsie_roll,Tootsie Roll,Tootsie Roll,candy,Current SKU anchor,tootsie_roll__current_2020s__1071__2,licensed_package_photo,commons.wikimedia.org,https://commons.wikimedia.org/wiki/File%3ATootsie_rolls_%28768595072%29.jpg,Tootsie rolls photo - Wikimedia Commons,"Wikimedia Commons / Windell Oskay from Sunnyvale, CA, USA",secondary_product_context,2,medium,package_identity_review_needed,external_image_reference_ready,Download rights-cleared product image into private cache for broad OCR/identity context only; do not treat as ingredient proof unless OCR finds a readable panel signal.,45,OCR text is candidate-only; no ingredient claim promotion without manual verification metadata.,ocr_lines; ingredient_panel_visibility; corrected_text; reviewer; manual_verified,https://upload.wikimedia.org/wikipedia/commons/5/55/Tootsie_rolls_%28768595072%29.jpg,https://upload.wikimedia.org/wikipedia/commons/5/55/Tootsie_rolls_%28768595072%29.jpg,https://upload.wikimedia.org/wikipedia/commons/thumb/5/55/Tootsie_rolls_%28768595072%29.jpg/960px-Tootsie_rolls_%28768595072%29.jpg,embed_rights_cleared,Wikimedia Commons CC BY 2.0 / Creative Commons Attribution 2.0,https://creativecommons.org/licenses/by/2.0,"Windell Oskay from Sunnyvale, CA, USA / Tootsie rolls via Wikimedia Commons, CC BY 2.0",,,,direct_public_image_download,secondary context scan; crop only if OCR or reviewer sees ingredient/nutrition panel,package/front text and any visible label clues; ingredient panel not guaranteed,1,0
totinos_pizza_rolls,Totino's Pizza Rolls,Totino's,frozen foods,2000s bridge,totinos_pizza_rolls__2000s__828__2,licensed_package_photo,commons.wikimedia.org,https://commons.wikimedia.org/wiki/File:06_totinos_pizza_rolls_(3185559340).jpg,Totino's pizza rolls photo - Wikimedia Commons,Wikimedia Commons / Jason Lam,secondary_product_context,2,medium,package_identity_review_needed,external_image_reference_ready,Download rights-cleared product image into private cache for broad OCR/identity context only; do not treat as ingredient proof unless OCR finds a readable panel signal.,45,OCR text is candidate-only; no ingredient claim promotion without manual verification metadata.,ocr_lines; ingredient_panel_visibility; corrected_text; reviewer; manual_verified,https://upload.wikimedia.org/wikipedia/commons/8/8e/06_totinos_pizza_rolls_%283185559340%29.jpg,https://upload.wikimedia.org/wikipedia/commons/8/8e/06_totinos_pizza_rolls_%283185559340%29.jpg,https://upload.wikimedia.org/wikipedia/commons/8/8e/06_totinos_pizza_rolls_%283185559340%29.jpg,embed_rights_cleared,Wikimedia Commons CC BY-SA 2.0 / Creative Commons Attribution-Share Alike 2.0,https://creativecommons.org/licenses/by-sa/2.0,"Jason Lam / 06 totinos pizza rolls via Wikimedia Commons, CC BY-SA 2.0",,,,direct_public_image_download,secondary context scan; crop only if OCR or reviewer sees ingredient/nutrition panel,package/front text and any visible label clues; ingredient panel not guaranteed,1,0
wendys_chili,Wendy's Chili,Wendy's,fast food,2010s bridge,wendys_chili__2010s__907__1,menu_or_nutrition_document,commons.wikimedia.org,https://commons.wikimedia.org/wiki/File%3AWendy%27s_Chili.jpg,Wendy's Chili photo - Wikimedia Commons,Wikimedia Commons / RightCowLeftCoast,secondary_product_context,2,medium,package_identity_review_needed,external_image_reference_ready,Download rights-cleared product image into private cache for broad OCR/identity context only; do not treat as ingredient proof unless OCR finds a readable panel signal.,45,OCR text is candidate-only; no ingredient claim promotion without manual verification metadata.,ocr_lines; ingredient_panel_visibility; corrected_text; reviewer; manual_verified,https://upload.wikimedia.org/wikipedia/commons/d/d0/Wendy%27s_Chili.jpg,https://upload.wikimedia.org/wikipedia/commons/d/d0/Wendy%27s_Chili.jpg,https://upload.wikimedia.org/wikipedia/commons/thumb/d/d0/Wendy%27s_Chili.jpg/960px-Wendy%27s_Chili.jpg,embed_rights_cleared,Wikimedia Commons CC BY-SA 4.0 / Creative Commons Attribution-Share Alike 4.0,https://creativecommons.org/licenses/by-sa/4.0,"RightCowLeftCoast / Own work via Wikimedia Commons, CC BY-SA 4.0",,candidate,,direct_public_image_download,secondary context scan; crop only if OCR or reviewer sees ingredient/nutrition panel,package/front text and any visible label clues; ingredient panel not guaranteed,1,0
wendys_chili,Wendy's Chili,Wendy's,fast food,Earliest label hunt,wendys_chili__earliest_verified_label__907__1,menu_or_nutrition_document,commons.wikimedia.org,https://commons.wikimedia.org/wiki/File%3AWendy%27s_Chili.jpg,Wendy's Chili photo - Wikimedia Commons,Wikimedia Commons / RightCowLeftCoast,secondary_product_context,2,medium,package_identity_review_needed,external_image_reference_ready,Download rights-cleared product image into private cache for broad OCR/identity context only; do not treat as ingredient proof unless OCR finds a readable panel signal.,45,OCR text is candidate-only; no ingredient claim promotion without manual verification metadata.,ocr_lines; ingredient_panel_visibility; corrected_text; reviewer; manual_verified,https://upload.wikimedia.org/wikipedia/commons/d/d0/Wendy%27s_Chili.jpg,https://upload.wikimedia.org/wikipedia/commons/d/d0/Wendy%27s_Chili.jpg,https://upload.wikimedia.org/wikipedia/commons/thumb/d/d0/Wendy%27s_Chili.jpg/960px-Wendy%27s_Chili.jpg,embed_rights_cleared,Wikimedia Commons CC BY-SA 4.0 / Creative Commons Attribution-Share Alike 4.0,https://creativecommons.org/licenses/by-sa/4.0,"RightCowLeftCoast / Own work via Wikimedia Commons, CC BY-SA 4.0",,candidate,,direct_public_image_download,secondary context scan; crop only if OCR or reviewer sees ingredient/nutrition panel,package/front text and any visible label clues; ingredient panel not guaranteed,1,0
