product_id,product_name,vintage,version_id,label,status,reason,can_say,cannot_say,source_target_count,first_source_target,first_search_url,next_verification_step
oreo_original_chocolate_sandwich_cookies,Oreo Original Chocolate Sandwich Cookies,earliest_verified_label,origin_1912_gap,1912 origin gap,gap_publishable,historical_origin_label_unverified,"Oreo has an origin-year story, but the 1912 ingredient label is not verified in this evidence registry.","Do not publish a 1912 ingredient list, original recipe, or original-to-current formulation diff.",6,Jason Liebig Flickr package archive,https://www.bing.com/search?q=site%3Aflickr.com%2Fphotos%2Fjasonliebigstuff+%22Oreo+Original+Chocolate+Sandwich+Cookies%22+oldest+earliest+original+vintage+package+box+can+wrapper+ingredients+label+back+panel+net+wt,"Find a source-attributable 1912 package label, catalog scan, archive object, or defensible transcription."
cheerios_original,Cheerios Original,2010s,2010s,2010s bridge,gap_publishable,no_source_attributable_evidence_in_current_registry,Cheerios Original has no source-attributable evidence attached for the 2010s bridge slot in this pilot registry.,"Do not claim ingredient, package-size, manufacturer, or price changes for this slot until evidence is attached and reviewed.",7,Common Crawl CDX product pages,,"Search targeted sources and archive captures for Cheerios Original 2010s bridge evidence; record source owner, date basis, rights note, and panel role."
campbells_tomato_soup,Campbell's Condensed Tomato Soup,1990s,1990s,1990s bridge,gap_publishable,no_source_attributable_evidence_in_current_registry,Campbell's Condensed Tomato Soup has no source-attributable evidence attached for the 1990s bridge slot in this pilot registry.,"Do not claim ingredient, package-size, manufacturer, or price changes for this slot until evidence is attached and reviewed.",4,Jason Liebig Flickr package archive,https://www.bing.com/search?q=site%3Aflickr.com%2Fphotos%2Fjasonliebigstuff+%22Campbell%27s+Condensed+Tomato+Soup%22+1990s+package+box+can+wrapper+ingredients+label+back+panel+net+wt,"Search targeted sources and archive captures for Campbell's Condensed Tomato Soup 1990s bridge evidence; record source owner, date basis, rights note, and panel role."
campbells_tomato_soup,Campbell's Condensed Tomato Soup,2000s,2000s,2000s bridge,gap_publishable,no_source_attributable_evidence_in_current_registry,Campbell's Condensed Tomato Soup has no source-attributable evidence attached for the 2000s bridge slot in this pilot registry.,"Do not claim ingredient, package-size, manufacturer, or price changes for this slot until evidence is attached and reviewed.",5,Common Crawl CDX product pages,,"Search targeted sources and archive captures for Campbell's Condensed Tomato Soup 2000s bridge evidence; record source owner, date basis, rights note, and panel role."
heinz_tomato_ketchup,Heinz Tomato Ketchup,1990s,1990s,1990s bridge,gap_publishable,no_source_attributable_evidence_in_current_registry,Heinz Tomato Ketchup has no source-attributable evidence attached for the 1990s bridge slot in this pilot registry.,"Do not claim ingredient, package-size, manufacturer, or price changes for this slot until evidence is attached and reviewed.",4,Jason Liebig Flickr package archive,https://www.bing.com/search?q=site%3Aflickr.com%2Fphotos%2Fjasonliebigstuff+%22Heinz+Tomato+Ketchup%22+1990s+package+box+can+wrapper+ingredients+label+back+panel+net+wt,"Search targeted sources and archive captures for Heinz Tomato Ketchup 1990s bridge evidence; record source owner, date basis, rights note, and panel role."
heinz_tomato_ketchup,Heinz Tomato Ketchup,2010s,2010s,2010s bridge,gap_publishable,no_source_attributable_evidence_in_current_registry,Heinz Tomato Ketchup has no source-attributable evidence attached for the 2010s bridge slot in this pilot registry.,"Do not claim ingredient, package-size, manufacturer, or price changes for this slot until evidence is attached and reviewed.",5,Common Crawl CDX product pages,,"Search targeted sources and archive captures for Heinz Tomato Ketchup 2010s bridge evidence; record source owner, date basis, rights note, and panel role."
poptarts_frosted_strawberry,Pop-Tarts Frosted Strawberry,1990s,1990s,1990s bridge,gap_publishable,no_source_attributable_evidence_in_current_registry,Pop-Tarts Frosted Strawberry has no source-attributable evidence attached for the 1990s bridge slot in this pilot registry.,"Do not claim ingredient, package-size, manufacturer, or price changes for this slot until evidence is attached and reviewed.",4,Jason Liebig Flickr package archive,https://www.bing.com/search?q=site%3Aflickr.com%2Fphotos%2Fjasonliebigstuff+%22Pop-Tarts+Frosted+Strawberry%22+1990s+package+box+can+wrapper+ingredients+label+back+panel+net+wt,"Search targeted sources and archive captures for Pop-Tarts Frosted Strawberry 1990s bridge evidence; record source owner, date basis, rights note, and panel role."
kraft_macaroni_and_cheese_original,Kraft Macaroni & Cheese Original,2000s,2000s,2000s bridge,gap_publishable,no_source_attributable_evidence_in_current_registry,Kraft Macaroni & Cheese Original has no source-attributable evidence attached for the 2000s bridge slot in this pilot registry.,"Do not claim ingredient, package-size, manufacturer, or price changes for this slot until evidence is attached and reviewed.",8,Common Crawl CDX product pages,,"Search targeted sources and archive captures for Kraft Macaroni & Cheese Original 2000s bridge evidence; record source owner, date basis, rights note, and panel role."
mcdonalds_chicken_mcnuggets,McDonald's Chicken McNuggets,1990s,1990s,1990s bridge,gap_publishable,no_source_attributable_evidence_in_current_registry,McDonald's Chicken McNuggets has no source-attributable evidence attached for the 1990s bridge slot in this pilot registry.,"Do not claim ingredient, package-size, manufacturer, or price changes for this slot until evidence is attached and reviewed.",4,Jason Liebig Flickr package archive,https://www.bing.com/search?q=site%3Aflickr.com%2Fphotos%2Fjasonliebigstuff+%22McDonald%27s+Chicken+McNuggets%22+1990s+package+box+can+wrapper+ingredients+label+back+panel+net+wt,"Search targeted sources and archive captures for McDonald's Chicken McNuggets 1990s bridge evidence; record source owner, date basis, rights note, and panel role."
